Outcome,SMILES,InChI,InChIKey,no_overlap
1,CC(C)=CCCC(C)=CCS,"InChI=1S/C10H18S/c1-9(2)5-4-6-10(3)7-8-11/h5,7,11H,4,6,8H2,1-3H3",FACAUSJJVBMWLV-UHFFFAOYSA-N,True
1,CC(=CC=O)CCC1CC1(C)C,"InChI=1S/C11H18O/c1-9(6-7-12)4-5-10-8-11(10,2)3/h6-7,10H,4-5,8H2,1-3H3",XDJUSHOTGROPMD-UHFFFAOYSA-N,True
1,CC(C)=CCCC(C)C1=CC=C(C)C=C1,"InChI=1S/C15H22/c1-12(2)6-5-7-14(4)15-10-8-13(3)9-11-15/h6,8-11,14H,5,7H2,1-4H3",VMYXUZSZMNBRCN-UHFFFAOYSA-N,True
0,CCCCCCCCC1OC1CCCCCCCCCCCC(=O)O,"InChI=1S/C22H42O3/c1-2-3-4-5-11-14-17-20-21(25-20)18-15-12-9-7-6-8-10-13-16-19-22(23)24/h20-21H,2-19H2,1H3,(H,23,24)",NSYDMBURIUSUDH-UHFFFAOYSA-N,True
1,CC1CCC2(O1)C(C)(C)CCCC2(C)O,"InChI=1S/C13H24O2/c1-10-6-9-13(15-10)11(2,3)7-5-8-12(13,4)14/h10,14H,5-9H2,1-4H3",LJOISVFAMDWVFA-UHFFFAOYSA-N,True
1,CCC1OCC(C)O1,"InChI=1S/C6H12O2/c1-3-6-7-4-5(2)8-6/h5-6H,3-4H2,1-2H3",CSZCLQLJVFLXLI-UHFFFAOYSA-N,True
1,CC(=O)OCC(=CCC(C)C)C(C)C,"InChI=1S/C12H22O2/c1-9(2)6-7-12(10(3)4)8-14-11(5)13/h7,9-10H,6,8H2,1-5H3",AOWLXZIJUIFJPM-UHFFFAOYSA-N,True
1,CC=C(C)C(=O)OCCCCC,"InChI=1S/C10H18O2/c1-4-6-7-8-12-10(11)9(3)5-2/h5H,4,6-8H2,1-3H3",XJWDRSSGOHXOLQ-UHFFFAOYSA-N,True
1,CCCCCCCCCCC=CCOC(C)=O,"InChI=1S/C15H28O2/c1-3-4-5-6-7-8-9-10-11-12-13-14-17-15(2)16/h12-13H,3-11,14H2,1-2H3",UEGGJCHDRZTQMF-UHFFFAOYSA-N,True
1,CCCC(=O)OC(C)(C)CC1=CC=CC=C1,"InChI=1S/C14H20O2/c1-4-8-13(15)16-14(2,3)11-12-9-6-5-7-10-12/h5-7,9-10H,4,8,11H2,1-3H3",SHSGYHAHMQLYRB-UHFFFAOYSA-N,True
0,CNC(=O)OC1=CC2=C(C=C1)N(C)C1N(C)CCC21C,"InChI=1S/C15H21N3O2/c1-15-7-8-17(3)13(15)18(4)12-6-5-10(9-11(12)15)20-14(19)16-2/h5-6,9,13H,7-8H2,1-4H3,(H,16,19)",PIJVFDBKTWXHHD-UHFFFAOYSA-N,True
1,CCCCCC=CCCOC(C)=O,"InChI=1S/C11H20O2/c1-3-4-5-6-7-8-9-10-13-11(2)12/h7-8H,3-6,9-10H2,1-2H3",LRQNQAVSERJKNU-UHFFFAOYSA-N,True
1,O=C1CCCCCC=CCCCCCCCC1,"InChI=1S/C16H28O/c17-16-14-12-10-8-6-4-2-1-3-5-7-9-11-13-15-16/h2,4H,1,3,5-15H2",CMFUATSDNFKABN-UHFFFAOYSA-N,True
1,CCC=CCCOC(CC)OC,"InChI=1S/C10H20O2/c1-4-6-7-8-9-12-10(5-2)11-3/h6-7,10H,4-5,8-9H2,1-3H3",LDUYDLGCMTVIIO-UHFFFAOYSA-N,True
1,CC(=O)OC1CCCC(C(C)(C)C)C1,"InChI=1S/C12H22O2/c1-9(13)14-11-7-5-6-10(8-11)12(2,3)4/h10-11H,5-8H2,1-4H3",NHUNEDUXIBOQML-UHFFFAOYSA-N,True
1,CC(C)CC(=O)OCCC(C)(C)S,"InChI=1S/C10H20O2S/c1-8(2)7-9(11)12-6-5-10(3,4)13/h8,13H,5-7H2,1-4H3",OECQIVOKDHNGNJ-UHFFFAOYSA-N,True
0,COC1=CC=CC(C(=O)O)=C1,"InChI=1S/C8H8O3/c1-11-7-4-2-3-6(5-7)8(9)10/h2-5H,1H3,(H,9,10)",XHQZJYCNDZAGLW-UHFFFAOYSA-N,True
1,CCOC(=O)C(=O)CC(=O)CC,"InChI=1S/C8H12O4/c1-3-6(9)5-7(10)8(11)12-4-2/h3-5H2,1-2H3",JGFBKJBAYISHAG-UHFFFAOYSA-N,True
1,CC(=O)C1=CC([N+](=O)[O-])=C(C(C)(C)C)C([N+](=O)[O-])=C1C,"InChI=1S/C13H16N2O5/c1-7-9(8(2)16)6-10(14(17)18)11(13(3,4)5)12(7)15(19)20/h6H,1-5H3",YSBKQQFVZKIUKR-UHFFFAOYSA-N,True
1,CCOC1CCC(C(C)(C)CC)CC1,"InChI=1S/C13H26O/c1-5-13(3,4)11-7-9-12(10-8-11)14-6-2/h11-12H,5-10H2,1-4H3",KDPSHFVSTJYAJQ-UHFFFAOYSA-N,True
0,CC(=O)NC1=CC=C(S(=O)(=O)N2CCN(C3CCCCCC3)CC2)C=C1,"InChI=1S/C19H29N3O3S/c1-16(23)20-17-8-10-19(11-9-17)26(24,25)22-14-12-21(13-15-22)18-6-4-2-3-5-7-18/h8-11,18H,2-7,12-15H2,1H3,(H,20,23)",IVPOQXWRUMMORK-UHFFFAOYSA-N,True
1,NCC(=O)C1=CC=CC=C1,"InChI=1S/C8H9NO/c9-6-8(10)7-4-2-1-3-5-7/h1-5H,6,9H2",HEQOJEGTZCTHCF-UHFFFAOYSA-N,True
1,CC1CCC(C(C)C)C(NC(=O)C2CC2)C1,"InChI=1S/C14H25NO/c1-9(2)12-7-4-10(3)8-13(12)15-14(16)11-5-6-11/h9-13H,4-8H2,1-3H3,(H,15,16)",MQNYSPJVIUCDEG-UHFFFAOYSA-N,True
0,CCCC(CCC)C(=O)OC1CC2CCC(C1)[N+]2(C)C,"InChI=1S/C17H32NO2/c1-5-7-13(8-6-2)17(19)20-16-11-14-9-10-15(12-16)18(14,3)4/h13-16H,5-12H2,1-4H3/q+1",XGGHHHBGPSNXFE-UHFFFAOYSA-N,True
1,CCC=CCCOC(=O)C(C)=O,"InChI=1S/C9H14O3/c1-3-4-5-6-7-12-9(11)8(2)10/h4-5H,3,6-7H2,1-2H3",LKNXTZXOBHAYSR-UHFFFAOYSA-N,True
1,CCC(C)(S)CC(C)=O,"InChI=1S/C7H14OS/c1-4-7(3,9)5-6(2)8/h9H,4-5H2,1-3H3",YMQSGAOXQWNUPQ-UHFFFAOYSA-N,True
1,C=CC(C)CCOC(=O)C(C)=CC,"InChI=1S/C11H18O2/c1-5-9(3)7-8-13-11(12)10(4)6-2/h5-6,9H,1,7-8H2,2-4H3",JJUUVGROFZPNOE-UHFFFAOYSA-N,True
1,CC1=NCSC1,"InChI=1S/C4H7NS/c1-4-2-6-3-5-4/h2-3H2,1H3",DTYOLYPNFSSEGO-UHFFFAOYSA-N,True
1,CCC=CCCCO,"InChI=1S/C7H14O/c1-2-3-4-5-6-7-8/h3-4,8H,2,5-7H2,1H3",CUKAXHVLXKIPKF-UHFFFAOYSA-N,True
1,CC=C(C)C(=O)OCC(C)CC,"InChI=1S/C10H18O2/c1-5-8(3)7-12-10(11)9(4)6-2/h6,8H,5,7H2,1-4H3",DEJJNOHKWLTTKE-UHFFFAOYSA-N,True
0,O=C([O-])CCC(=O)[O-],"InChI=1S/C4H6O4/c5-3(6)1-2-4(7)8/h1-2H2,(H,5,6)(H,7,8)/p-2",KDYFGRWQOYBRFD-UHFFFAOYSA-L,True
1,CCCCCCC=CCOC(C)=O,"InChI=1S/C11H20O2/c1-3-4-5-6-7-8-9-10-13-11(2)12/h8-9H,3-7,10H2,1-2H3",WFCCNPHGLLPSDJ-UHFFFAOYSA-N,True
1,CC(=O)C1CC=C(C)C1(C)C,"InChI=1S/C10H16O/c1-7-5-6-9(8(2)11)10(7,3)4/h5,9H,6H2,1-4H3",YXGUBJPWGFKWQA-UHFFFAOYSA-N,True
1,CSC1=NC=C(C)N=C1,"InChI=1S/C6H8N2S/c1-5-3-8-6(9-2)4-7-5/h3-4H,1-2H3",DNBQBSWEJGAAIY-UHFFFAOYSA-N,True
1,CCC=CCCCCCO,"InChI=1S/C9H18O/c1-2-3-4-5-6-7-8-9-10/h3-4,10H,2,5-9H2,1H3",XJHRZBIBSSVCEL-UHFFFAOYSA-N,True
1,CC1=CC2C(CC1)C(C)=CCC2C(C)C,"InChI=1S/C15H24/c1-10(2)13-8-6-12(4)14-7-5-11(3)9-15(13)14/h6,9-10,13-15H,5,7-8H2,1-4H3",QMAYBMKBYCGXDH-UHFFFAOYSA-N,True
1,C=CC(=C)CCC=C(C)CCC=C(C)C,"InChI=1S/C15H24/c1-6-14(4)10-8-12-15(5)11-7-9-13(2)3/h6,9,12H,1,4,7-8,10-11H2,2-3,5H3",JSNRRGGBADWTMC-UHFFFAOYSA-N,True
0,NC1=NC(=O)C2=NC(CNC3=CC=C(C(=O)NC(CCC(=O)O)C(=O)O)C=C3)=CN=C2N1,"InChI=1S/C19H19N7O6/c20-19-25-15-14(17(30)26-19)23-11(8-22-15)7-21-10-3-1-9(2-4-10)16(29)24-12(18(31)32)5-6-13(27)28/h1-4,8,12,21H,5-7H2,(H,24,29)(H,27,28)(H,31,32)(H3,20,22,25,26,30)",OVBPIULPVIDEAO-UHFFFAOYSA-N,True
1,CCC=CCC=CCCOC(C)=O,"InChI=1S/C11H18O2/c1-3-4-5-6-7-8-9-10-13-11(2)12/h4-5,7-8H,3,6,9-10H2,1-2H3",CMNKZQXSZSHGNF-UHFFFAOYSA-N,True
0,CC(NC(=O)C(N)CC(=O)O)C(=O)NC1C(C)(C)SC1(C)C,"InChI=1S/C14H25N3O4S/c1-7(16-11(21)8(15)6-9(18)19)10(20)17-12-13(2,3)22-14(12,4)5/h7-8,12H,6,15H2,1-5H3,(H,16,21)(H,17,20)(H,18,19)",IVBOUFAWPCPFTQ-UHFFFAOYSA-N,True
1,CC1=CCC2C3CC(C2C1)C1(C3)OC1C,"InChI=1S/C14H20O/c1-8-3-4-11-10-6-13(12(11)5-8)14(7-10)9(2)15-14/h3,9-13H,4-7H2,1-2H3",VKPRTBDRPNWOGL-UHFFFAOYSA-N,True
1,CN1CCN(C2=CC=C(CO)C=C2)CC1,"InChI=1S/C12H18N2O/c1-13-6-8-14(9-7-13)12-4-2-11(10-15)3-5-12/h2-5,15H,6-10H2,1H3",ZCAGHLIBKHFJDU-UHFFFAOYSA-N,True
0,NC1=C(N=NC2=CC=C(C3=CC=C(N=NC4=C(N)C5=CC=CC=C5C(S(=O)(=O)[O-])=C4)C=C3)C=C2)C=C(S(=O)(=O)[O-])C2=CC=CC=C21,"InChI=1S/C32H24N6O6S2/c33-31-25-7-3-1-5-23(25)29(45(39,40)41)17-27(31)37-35-21-13-9-19(10-14-21)20-11-15-22(16-12-20)36-38-28-18-30(46(42,43)44)24-6-2-4-8-26(24)32(28)34/h1-18H,33-34H2,(H,39,40,41)(H,42,43,44)/p-2",HFHIDKQMGIGARX-UHFFFAOYSA-L,True
1,CCC=CCC(C)OC(=O)C1=CC=CC=C1O,"InChI=1S/C14H18O3/c1-3-4-5-8-11(2)17-14(16)12-9-6-7-10-13(12)15/h4-7,9-11,15H,3,8H2,1-2H3",AWFJMMINHWORIB-UHFFFAOYSA-N,True
1,CC1(C)CCC(COC=O)C23C4CC(CC412)C3(C)C,"InChI=1S/C17H26O2/c1-14(2)6-5-11(9-19-10-18)17-13-7-12(15(17,3)4)8-16(13,14)17/h10-13H,5-9H2,1-4H3",AMKJSSRFMFASCY-UHFFFAOYSA-N,True
1,CC=CC1=CC=C(O)C=C1,"InChI=1S/C9H10O/c1-2-3-8-4-6-9(10)7-5-8/h2-7,10H,1H3",UMFCIIBZHQXRCJ-UHFFFAOYSA-N,True
1,CC1(C)C2CCC1(C)C(OC=O)C2,"InChI=1S/C11H18O2/c1-10(2)8-4-5-11(10,3)9(6-8)13-7-12/h7-9H,4-6H2,1-3H3",RDWUNORUTVEHJF-UHFFFAOYSA-N,True
0,CC12CCC(=O)C=C1CCC1C2C(O)CC2(C)C1CCC2(O)C(=O)CO,"InChI=1S/C21H30O5/c1-19-7-5-13(23)9-12(19)3-4-14-15-6-8-21(26,17(25)11-22)20(15,2)10-16(24)18(14)19/h9,14-16,18,22,24,26H,3-8,10-11H2,1-2H3",JYGXADMDTFJGBT-UHFFFAOYSA-N,True
1,C=CC(C)O,"InChI=1S/C4H8O/c1-3-4(2)5/h3-5H,1H2,2H3",MKUWVMRNQOOSAT-UHFFFAOYSA-N,True
0,NC(CC(=O)O)C(=O)O,"InChI=1S/C4H7NO4/c5-2(4(8)9)1-3(6)7/h2H,1,5H2,(H,6,7)(H,8,9)",CKLJMWTZIZZHCS-UHFFFAOYSA-N,True
1,C=CC=CC=CCC,"InChI=1S/C8H12/c1-3-5-7-8-6-4-2/h3,5-8H,1,4H2,2H3",HOXGZVUCAYFWGR-UHFFFAOYSA-N,True
1,O=C(O)C1=CC=C(C2=CC=C(C(=O)O)C=C2)C=C1,"InChI=1S/C14H10O4/c15-13(16)11-5-1-9(2-6-11)10-3-7-12(8-4-10)14(17)18/h1-8H,(H,15,16)(H,17,18)",NEQFBGHQPUXOFH-UHFFFAOYSA-N,True
1,CC=C(C)C(=O)OCCC(C)C,"InChI=1S/C10H18O2/c1-5-9(4)10(11)12-7-6-8(2)3/h5,8H,6-7H2,1-4H3",ZARFDQHJMNVNLE-UHFFFAOYSA-N,True
0,O=C1OC(C2=CC(S(=O)(=O)O)=C(O)C=C2)(C2=CC(S(=O)(=O)O)=C(O)C=C2)C2=C(Br)C(Br)=C(Br)C(Br)=C12,"InChI=1S/C20H10Br4O10S2/c21-15-13-14(16(22)18(24)17(15)23)20(34-19(13)27,7-1-3-9(25)11(5-7)35(28,29)30)8-2-4-10(26)12(6-8)36(31,32)33/h1-6,25-26H,(H,28,29,30)(H,31,32,33)",OHTXTCNTQJFRIG-UHFFFAOYSA-N,True
1,CC(=O)C=CC=C(C)CCC=C(C)C,"InChI=1S/C13H20O/c1-11(2)7-5-8-12(3)9-6-10-13(4)14/h6-7,9-10H,5,8H2,1-4H3",JXJIQCXXJGRKRJ-UHFFFAOYSA-N,True
0,COC1=C(OC)C=C2C(=C1)N1C(=O)CC3OCC=C4CN5CCC26C5CC4C3C16,"InChI=1S/C23H26N2O4/c1-27-16-8-14-15(9-17(16)28-2)25-20(26)10-18-21-13-7-19-23(14,22(21)25)4-5-24(19)11-12(13)3-6-29-18/h3,8-9,13,18-19,21-22H,4-7,10-11H2,1-2H3",RRKTZKIUPZVBMF-UHFFFAOYSA-N,True
1,CCC=CCC=CCC1CCC(=O)O1,"InChI=1S/C12H18O2/c1-2-3-4-5-6-7-8-11-9-10-12(13)14-11/h3-4,6-7,11H,2,5,8-10H2,1H3",YNHBLISDDXOUDQ-UHFFFAOYSA-N,True
1,CCCCCC=CCC=CCCCCCCCC(=O)O,"InChI=1S/C18H32O2/c1-2-3-4-5-6-7-8-9-10-11-12-13-14-15-16-17-18(19)20/h6-7,9-10H,2-5,8,11-17H2,1H3,(H,19,20)",OYHQOLUKZRVURQ-UHFFFAOYSA-N,True
0,OCC1OC2OCC3OC(OC4C(O)C(CO)OC(OCC5OC(OC(C1O)C2O)C(O)C(O)C5O)C4O)C(O)C(O)C3O,"InChI=1S/C24H40O20/c25-1-5-11(29)19-17(35)21(39-5)37-3-7-9(27)14(32)16(34)24(42-7)44-20-12(30)6(2-26)40-22(18(20)36)38-4-8-10(28)13(31)15(33)23(41-8)43-19/h5-36H,1-4H2",NIFXVRWMHZPIFE-UHFFFAOYSA-N,True
1,CC1CCC(C(C)C)C(OCC(C)(O)CO)C1,"InChI=1S/C14H28O3/c1-10(2)12-6-5-11(3)7-13(12)17-9-14(4,16)8-15/h10-13,15-16H,5-9H2,1-4H3",XCNCWOPROFTLGU-UHFFFAOYSA-N,True
1,C=C1C=CC(C(C)C)CCC(C)=CCC1,"InChI=1S/C15H24/c1-12(2)15-10-8-13(3)6-5-7-14(4)9-11-15/h7-8,10,12,15H,3,5-6,9,11H2,1-2,4H3",GAIBLDCXCZKKJE-UHFFFAOYSA-N,True
0,CN1CCCN=C1C=CC1=CC=CS1,"InChI=1S/C11H14N2S/c1-13-8-3-7-12-11(13)6-5-10-4-2-9-14-10/h2,4-6,9H,3,7-8H2,1H3",YSAUAVHXTIETRK-UHFFFAOYSA-N,True
1,CCC=CCCC1CCCC(=O)O1,"InChI=1S/C11H18O2/c1-2-3-4-5-7-10-8-6-9-11(12)13-10/h3-4,10H,2,5-9H2,1H3",UJHDFCVFLRPEJQ-UHFFFAOYSA-N,True
1,CCC=CCCOCC=O,"InChI=1S/C8H14O2/c1-2-3-4-5-7-10-8-6-9/h3-4,6H,2,5,7-8H2,1H3",WNAJHTHKGZCCGS-UHFFFAOYSA-N,True
1,CCC=CCCOC,"InChI=1S/C7H14O/c1-3-4-5-6-7-8-2/h4-5H,3,6-7H2,1-2H3",KUPODEXLSGEWFR-UHFFFAOYSA-N,True
1,C=CC(C)=CCC(C)(C)C(=NO)C(C)C,"InChI=1S/C13H23NO/c1-7-11(4)8-9-13(5,6)12(14-15)10(2)3/h7-8,10,15H,1,9H2,2-6H3",MEJYWDUBOCZFFS-UHFFFAOYSA-N,True
1,NCCCC(N)C(=O)O,"InChI=1S/C5H12N2O2/c6-3-1-2-4(7)5(8)9/h4H,1-3,6-7H2,(H,8,9)",AHLPHDHHMVZTML-UHFFFAOYSA-N,True
0,CN1CCCC1CCOC(C)(C1=CC=CC=C1)C1=CC=C(Cl)C=C1,"InChI=1S/C21H26ClNO/c1-21(17-7-4-3-5-8-17,18-10-12-19(22)13-11-18)24-16-14-20-9-6-15-23(20)2/h3-5,7-8,10-13,20H,6,9,14-16H2,1-2H3",YNNUSGIPVFPVBX-UHFFFAOYSA-N,True
1,OC1C(C2CCCC2)CCC1C1CCCC1,"InChI=1S/C15H26O/c16-15-13(11-5-1-2-6-11)9-10-14(15)12-7-3-4-8-12/h11-16H,1-10H2",MJPCOTFVFDYATP-UHFFFAOYSA-N,True
1,C=CC(C)=CCCC(C)(C)O,"InChI=1S/C10H18O/c1-5-9(2)7-6-8-10(3,4)11/h5,7,11H,1,6,8H2,2-4H3",IJFKZRMIRAVXRK-UHFFFAOYSA-N,True
1,CCCCCC=CCCC(=O)OC,"InChI=1S/C11H20O2/c1-3-4-5-6-7-8-9-10-11(12)13-2/h7-8H,3-6,9-10H2,1-2H3",CRHITZQXHNFRAZ-UHFFFAOYSA-N,True
1,CC=C(C)C(=O)OC,"InChI=1S/C6H10O2/c1-4-5(2)6(7)8-3/h4H,1-3H3",YYJWBYNQJLBIGS-UHFFFAOYSA-N,True
1,CC(C)=CCCC(C)=CCCC1=CC=NC=C1,"InChI=1S/C16H23N/c1-14(2)6-4-7-15(3)8-5-9-16-10-12-17-13-11-16/h6,8,10-13H,4-5,7,9H2,1-3H3",OVJCOXQJBRJIRJ-UHFFFAOYSA-N,True
1,CCCCCCC=CCC(=O)O,"InChI=1S/C10H18O2/c1-2-3-4-5-6-7-8-9-10(11)12/h7-8H,2-6,9H2,1H3,(H,11,12)",CPVUNKGURQKKKX-UHFFFAOYSA-N,True
1,CCOC(=O)C1=CN=CC=C1,"InChI=1S/C8H9NO2/c1-2-11-8(10)7-4-3-5-9-6-7/h3-6H,2H2,1H3",XBLVHTDFJBKJLG-UHFFFAOYSA-N,True
1,C=CCSCC(N)C(=O)O,"InChI=1S/C6H11NO2S/c1-2-3-10-4-5(7)6(8)9/h2,5H,1,3-4,7H2,(H,8,9)",ZFAHNWWNDFHPOH-UHFFFAOYSA-N,True
1,CC(C)=CCCC(C)=CCCC(C)=CCCC(C)=CCCC(C)=CCO,"InChI=1S/C25H42O/c1-21(2)11-7-12-22(3)13-8-14-23(4)15-9-16-24(5)17-10-18-25(6)19-20-26/h11,13,15,17,19,26H,7-10,12,14,16,18,20H2,1-6H3",YHTCXUSSQJMLQD-UHFFFAOYSA-N,True
1,CCCC=CCOC(=O)CCCCCCC,"InChI=1S/C14H26O2/c1-3-5-7-9-10-12-14(15)16-13-11-8-6-4-2/h8,11H,3-7,9-10,12-13H2,1-2H3",IRUGSDVUJNNIMW-UHFFFAOYSA-N,True
0,CNC(C)CC1=CC=CC=C1,"InChI=1S/C10H15N/c1-9(11-2)8-10-6-4-3-5-7-10/h3-7,9,11H,8H2,1-2H3",MYWUZJCMWCOHBA-UHFFFAOYSA-N,True
1,CC1(O)CCOC2(CCCCC2)C1,"InChI=1S/C11H20O2/c1-10(12)7-8-13-11(9-10)5-3-2-4-6-11/h12H,2-9H2,1H3",WTYRGXLTFZYIIM-UHFFFAOYSA-N,True
1,C=CC=CC#CCCCCC,"InChI=1S/C11H16/c1-3-5-7-9-11-10-8-6-4-2/h3,5,7H,1,4,6,8,10H2,2H3",VJCOQIJZYGQPKM-UHFFFAOYSA-N,True
0,CN1CCC23C4=C5C=CC(O)=C4OC2C(=O)CCC3C1C5,"InChI=1S/C17H19NO3/c1-18-7-6-17-10-3-5-13(20)16(17)21-15-12(19)4-2-9(14(15)17)8-11(10)18/h2,4,10-11,16,19H,3,5-8H2,1H3",WVLOADHCBXTIJK-UHFFFAOYSA-N,True
1,CCC=CCCC=CC(=O)NCC,"InChI=1S/C11H19NO/c1-3-5-6-7-8-9-10-11(13)12-4-2/h5-6,9-10H,3-4,7-8H2,1-2H3,(H,12,13)",ARSJQOAYGVNWEK-UHFFFAOYSA-N,True
1,CCC=CCCOC(=O)CCCCCCCCC,"InChI=1S/C16H30O2/c1-3-5-7-9-10-11-12-14-16(17)18-15-13-8-6-4-2/h6,8H,3-5,7,9-15H2,1-2H3",APSRJAGZYONPLL-UHFFFAOYSA-N,True
0,O=S(=O)([O-])CI,"InChI=1S/CH3IO3S/c2-1-6(3,4)5/h1H2,(H,3,4,5)/p-1",RDFJFVXMRYVOAC-UHFFFAOYSA-M,True
1,CCCCCCCC(=O)OCC=C(C)CCC=C(C)C,"InChI=1S/C18H32O2/c1-5-6-7-8-9-13-18(19)20-15-14-17(4)12-10-11-16(2)3/h11,14H,5-10,12-13,15H2,1-4H3",YYBMOGCOPQVSLQ-UHFFFAOYSA-N,True
0,CN(C)CCCN1C2=CC=CC=C2CCC2=CC=CC=C21,"InChI=1S/C19H24N2/c1-20(2)14-7-15-21-18-10-5-3-8-16(18)12-13-17-9-4-6-11-19(17)21/h3-6,8-11H,7,12-15H2,1-2H3",BCGWQEUPMDMJNV-UHFFFAOYSA-N,True
1,CC=C(C)C(=O)OC(C)C,"InChI=1S/C8H14O2/c1-5-7(4)8(9)10-6(2)3/h5-6H,1-4H3",VUPBIVVRPJDWNW-UHFFFAOYSA-N,True
1,NC(=O)CCC(N)C(=O)O,"InChI=1S/C5H10N2O3/c6-3(5(9)10)1-2-4(7)8/h3H,1-2,6H2,(H2,7,8)(H,9,10)",ZDXPYRJPNDTMRX-UHFFFAOYSA-N,True
1,CC=CC(=O)OC1CCCCC1,"InChI=1S/C10H16O2/c1-2-6-10(11)12-9-7-4-3-5-8-9/h2,6,9H,3-5,7-8H2,1H3",ZUMGBVSYIVKLDH-UHFFFAOYSA-N,True
0,CC12CCC3C4=C(C=C(O)C=C4)CCC3C1CCC2=O,"InChI=1S/C18H22O2/c1-18-9-8-14-13-5-3-12(19)10-11(13)2-4-15(14)16(18)6-7-17(18)20/h3,5,10,14-16,19H,2,4,6-9H2,1H3",DNXHEGUUPJUMQT-UHFFFAOYSA-N,True
0,CCNC(=O)NC(=O)C(C#N)=NOC,"InChI=1S/C7H10N4O3/c1-3-9-7(13)10-6(12)5(4-8)11-14-2/h3H2,1-2H3,(H2,9,10,12,13)",XERJKGMBORTKEO-UHFFFAOYSA-N,True
1,OCC(O)C1=CC=CC=C1,"InChI=1S/C8H10O2/c9-6-8(10)7-4-2-1-3-5-7/h1-5,8-10H,6H2",PWMWNFMRSKOCEY-UHFFFAOYSA-N,True
1,CCCC=CCOC(=O)CCCC,"InChI=1S/C11H20O2/c1-3-5-7-8-10-13-11(12)9-6-4-2/h7-8H,3-6,9-10H2,1-2H3",WDXAMNXWZLXISB-UHFFFAOYSA-N,True
0,CCOC(=O)OC(C)OC1=C(C(=O)NC2=CC=CC=N2)N(C)S(=O)(=O)C2=CC=CC=C21,"InChI=1S/C20H21N3O7S/c1-4-28-20(25)30-13(2)29-18-14-9-5-6-10-15(14)31(26,27)23(3)17(18)19(24)22-16-11-7-8-12-21-16/h5-13H,4H2,1-3H3,(H,21,22,24)",LSNWBKACGXCGAJ-UHFFFAOYSA-N,True
1,COC1=C(OC2OC(CO)C(O)C(O)C2O)C=CC(C=O)=C1,"InChI=1S/C14H18O8/c1-20-9-4-7(5-15)2-3-8(9)21-14-13(19)12(18)11(17)10(6-16)22-14/h2-5,10-14,16-19H,6H2,1H3",LPRNQMUKVDHCFX-UHFFFAOYSA-N,True
0,CC1=CC(N(C)C(=S)OC2=CC3=CC=CC=C3C=C2)=CC=C1,"InChI=1S/C19H17NOS/c1-14-6-5-9-17(12-14)20(2)19(22)21-18-11-10-15-7-3-4-8-16(15)13-18/h3-13H,1-2H3",FUSNMLFNXJSCDI-UHFFFAOYSA-N,True
1,CC(=O)OC(C)C(C)=CC1C(C)=CCCC1(C)C,"InChI=1S/C16H26O2/c1-11-8-7-9-16(5,6)15(11)10-12(2)13(3)18-14(4)17/h8,10,13,15H,7,9H2,1-6H3",TYUPZTIJMKMYHL-UHFFFAOYSA-N,True
1,CC1C(O)CC2(C(C)C)CC12,"InChI=1S/C10H18O/c1-6(2)10-4-8(10)7(3)9(11)5-10/h6-9,11H,4-5H2,1-3H3",DZVXRFMREAADPP-UHFFFAOYSA-N,True
1,CCCC=CCC1CCCC1O,"InChI=1S/C11H20O/c1-2-3-4-5-7-10-8-6-9-11(10)12/h4-5,10-12H,2-3,6-9H2,1H3",OLPVLAJYJZWXPZ-UHFFFAOYSA-N,True
1,COC1=NC(C(C)C)=CN=C1,"InChI=1S/C8H12N2O/c1-6(2)7-4-9-5-8(10-7)11-3/h4-6H,1-3H3",QFGMXPJWRJAIMB-UHFFFAOYSA-N,True
0,N[13CH2]CCCC(N)C(=O)O,"InChI=1S/C6H14N2O2/c7-4-2-1-3-5(8)6(9)10/h5H,1-4,7-8H2,(H,9,10)/i4+1",KDXKERNSBIXSRK-AZXPZELESA-N,True
1,C=CC(C)(O)CCC=C(C)CC,"InChI=1S/C11H20O/c1-5-10(3)8-7-9-11(4,12)6-2/h6,8,12H,2,5,7,9H2,1,3-4H3",KRLBLPBPZSSIGH-UHFFFAOYSA-N,True
1,CCOC(C)C=CC1=C(C)CCCC1(C)C,"InChI=1S/C15H26O/c1-6-16-13(3)9-10-14-12(2)8-7-11-15(14,4)5/h9-10,13H,6-8,11H2,1-5H3",BLSRPKXPUSFJDP-UHFFFAOYSA-N,True
1,CC=CC(=O)C1C(C)CCCC1(C)C,"InChI=1S/C13H22O/c1-5-7-11(14)12-10(2)8-6-9-13(12,3)4/h5,7,10,12H,6,8-9H2,1-4H3",DDDIVAXBYDCLRR-UHFFFAOYSA-N,True
0,CCOCCC(OCC)OCC,"InChI=1S/C9H20O3/c1-4-10-8-7-9(11-5-2)12-6-3/h9H,4-8H2,1-3H3",LGICWIVABSMSDK-UHFFFAOYSA-N,True
0,FC(F)(Cl)CCl,"InChI=1S/C2H2Cl2F2/c3-1-2(4,5)6/h1H2",SKDFWEPBABSFMG-UHFFFAOYSA-N,True
1,CCC=CCCCCCOC(C)=O,"InChI=1S/C11H20O2/c1-3-4-5-6-7-8-9-10-13-11(2)12/h4-5H,3,6-10H2,1-2H3",DFRXMRZQBMFKMI-UHFFFAOYSA-N,True
0,NCCCCC(N)C(=O)O,"InChI=1S/C6H14N2O2/c7-4-2-1-3-5(8)6(9)10/h5H,1-4,7-8H2,(H,9,10)",KDXKERNSBIXSRK-UHFFFAOYSA-N,True
1,CCCCC=CCO,"InChI=1S/C7H14O/c1-2-3-4-5-6-7-8/h5-6,8H,2-4,7H2,1H3",ASFYPVGAALGVNR-UHFFFAOYSA-N,True
1,CCCCC(CC)COC(=O)CCS,"InChI=1S/C11H22O2S/c1-3-5-6-10(4-2)9-13-11(12)7-8-14/h10,14H,3-9H2,1-2H3",SUODCTNNAKSRHB-UHFFFAOYSA-N,True
1,CCOCC(=O)OC1CC(C)CCC1C(C)C,"InChI=1S/C14H26O3/c1-5-16-9-14(15)17-13-8-11(4)6-7-12(13)10(2)3/h10-13H,5-9H2,1-4H3",DXGZIMYAPNIRHS-UHFFFAOYSA-N,True
1,CC1=COC2=C1CCC(C)C2,"InChI=1S/C10H14O/c1-7-3-4-9-8(2)6-11-10(9)5-7/h6-7H,3-5H2,1-2H3",YGWKXXYGDYYFJU-UHFFFAOYSA-N,True
1,CSSC1=C(C)OC(C)=C1,"InChI=1S/C7H10OS2/c1-5-4-7(10-9-3)6(2)8-5/h4H,1-3H3",ZZXDUGZYDILQMO-UHFFFAOYSA-N,True
1,O=C(NC1=CC2=C(C=C1)C1(OC2O)C2=CC=C(O)C=C2OC2=C1C=CC(O)=C2)C1=C(F)C(F)=C(F)C(F)=C1F,"InChI=1S/C27H14F5NO6/c28-20-19(21(29)23(31)24(32)22(20)30)25(36)33-10-1-4-14-13(7-10)26(37)39-27(14)15-5-2-11(34)8-17(15)38-18-9-12(35)3-6-16(18)27/h1-9,26,34-35,37H,(H,33,36)",AJIMMVOZOJXJKD-UHFFFAOYSA-N,True
0,CCNC(=O)CCC(N)C(=O)O,"InChI=1S/C7H14N2O3/c1-2-9-6(10)4-3-5(8)7(11)12/h5H,2-4,8H2,1H3,(H,9,10)(H,11,12)",DATAGRPVKZEWHA-UHFFFAOYSA-N,True
0,C[N+](C)(C)CCO,"InChI=1S/C5H14NO/c1-6(2,3)4-5-7/h7H,4-5H2,1-3H3/q+1",OEYIOHPDSNJKLS-UHFFFAOYSA-N,True
0,O=C(O)CC(OC(=O)C=CC1=CC(O)=C(O)C=C1)C(=O)O,"InChI=1S/C13H12O8/c14-8-3-1-7(5-9(8)15)2-4-12(18)21-10(13(19)20)6-11(16)17/h1-5,10,14-15H,6H2,(H,16,17)(H,19,20)",PMKQSEYPLQIEAY-UHFFFAOYSA-N,True
1,CCCCCC=CCCCCCCC=O,"InChI=1S/C14H26O/c1-2-3-4-5-6-7-8-9-10-11-12-13-14-15/h6-7,14H,2-5,8-13H2,1H3",XAFLGQFKKHZYMU-UHFFFAOYSA-N,True
0,CCCCCCCC(=O)OCC(COC(=O)CCCCCCC)OC(=O)CCCCCCC,"InChI=1S/C27H50O6/c1-4-7-10-13-16-19-25(28)31-22-24(33-27(30)21-18-15-12-9-6-3)23-32-26(29)20-17-14-11-8-5-2/h24H,4-23H2,1-3H3",VLPFTAMPNXLGLX-UHFFFAOYSA-N,True
0,CN1CCC23C4=C5C=CC(O)=C4OC2C(O)C=CC3C1C5,"InChI=1S/C17H19NO3/c1-18-7-6-17-10-3-5-13(20)16(17)21-15-12(19)4-2-9(14(15)17)8-11(10)18/h2-5,10-11,13,16,19-20H,6-8H2,1H3",BQJCRHHNABKAKU-UHFFFAOYSA-N,True
1,CC(=O)OCC1=CCC23CC1C(C)(C)C2CCC3C,"InChI=1S/C17H26O2/c1-11-5-6-15-16(3,4)14-9-17(11,15)8-7-13(14)10-19-12(2)18/h7,11,14-15H,5-6,8-10H2,1-4H3",AICQDCHSUWFHCC-UHFFFAOYSA-N,True
1,CC(=O)C1=CSCCN1,"InChI=1S/C6H9NOS/c1-5(8)6-4-9-3-2-7-6/h4,7H,2-3H2,1H3",YJSKAAVPUSXIPL-UHFFFAOYSA-N,True
1,CCCCCCCCCC1=CC=C(O)C=C1,"InChI=1S/C15H24O/c1-2-3-4-5-6-7-8-9-14-10-12-15(16)13-11-14/h10-13,16H,2-9H2,1H3",IGFHQQFPSIBGKE-UHFFFAOYSA-N,True
1,C=CC1(C)OC(C)(C)CCC1O,"InChI=1S/C10H18O2/c1-5-10(4)8(11)6-7-9(2,3)12-10/h5,8,11H,1,6-7H2,2-4H3",JRSMRFHLUZKHCR-UHFFFAOYSA-N,True
1,CCCCCC=CCC1CCC(=O)O1,"InChI=1S/C12H20O2/c1-2-3-4-5-6-7-8-11-9-10-12(13)14-11/h6-7,11H,2-5,8-10H2,1H3",QFXOXDSHNXAFEY-UHFFFAOYSA-N,True
1,CCOC(=O)C=CC1=CC=CO1,"InChI=1S/C9H10O3/c1-2-11-9(10)6-5-8-4-3-7-12-8/h3-7H,2H2,1H3",MWZBTMXISMOMAE-UHFFFAOYSA-N,True
1,CC=C(C)C(=O)OCC=C(C)CCC=C(C)C,"InChI=1S/C15H24O2/c1-6-14(5)15(16)17-11-10-13(4)9-7-8-12(2)3/h6,8,10H,7,9,11H2,1-5H3",OGHBUHJLMHQMHS-UHFFFAOYSA-N,True
1,CCCC=CCOC(=O)CCC,"InChI=1S/C10H18O2/c1-3-5-6-7-9-12-10(11)8-4-2/h6-7H,3-5,8-9H2,1-2H3",PCGACKLJNBBQGM-UHFFFAOYSA-N,True
1,CCOC(=O)C12CCCC1C1CCC2C1,"InChI=1S/C13H20O2/c1-2-15-12(14)13-7-3-4-11(13)9-5-6-10(13)8-9/h9-11H,2-8H2,1H3",MGQPKOBPXHENPO-UHFFFAOYSA-N,True
0,COC1=CC2=C(C=C1)C=C(C(C)C(=O)O)C=C2,"InChI=1S/C14H14O3/c1-9(14(15)16)10-3-4-12-8-13(17-2)6-5-11(12)7-10/h3-9H,1-2H3,(H,15,16)",CMWTZPSULFXXJA-UHFFFAOYSA-N,True
1,CC(C)(CO)CC1=CC=CC=C1,"InChI=1S/C11H16O/c1-11(2,9-12)8-10-6-4-3-5-7-10/h3-7,12H,8-9H2,1-2H3",VNGAHMPMLRTSLF-UHFFFAOYSA-N,True
1,CCC=CCCC=CCOC(C)=O,"InChI=1S/C11H18O2/c1-3-4-5-6-7-8-9-10-13-11(2)12/h4-5,8-9H,3,6-7,10H2,1-2H3",UHONGPVFPQQOSO-UHFFFAOYSA-N,True
1,CCCC=CCCC(=O)O,"InChI=1S/C8H14O2/c1-2-3-4-5-6-7-8(9)10/h4-5H,2-3,6-7H2,1H3,(H,9,10)",PFHBCQFBHMBAMC-UHFFFAOYSA-N,True
1,O=C1CCCCCCCC=CCCCCCCC1,"InChI=1S/C17H30O/c18-17-15-13-11-9-7-5-3-1-2-4-6-8-10-12-14-16-17/h1-2H,3-16H2",ZKVZSBSZTMPBQR-UHFFFAOYSA-N,True
1,CCCC=CC(OC)OC,"InChI=1S/C8H16O2/c1-4-5-6-7-8(9-2)10-3/h6-8H,4-5H2,1-3H3",OSVRJMZINDGZFB-UHFFFAOYSA-N,True
1,O=C(C=CC1=CC=CC=C1)C1=CC=CC=C1,InChI=1S/C15H12O/c16-15(14-9-5-2-6-10-14)12-11-13-7-3-1-4-8-13/h1-12H,DQFBYFPFKXHELB-UHFFFAOYSA-N,True
0,O=C([O-])C=CC(=O)[O-],"InChI=1S/C4H4O4/c5-3(6)1-2-4(7)8/h1-2H,(H,5,6)(H,7,8)/p-2",VZCYOOQTPOCHFL-UHFFFAOYSA-L,True
1,CC=CC=CC(=O)OCC,"InChI=1S/C8H12O2/c1-3-5-6-7-8(9)10-4-2/h3,5-7H,4H2,1-2H3",OZZYKXXGCOLLLO-UHFFFAOYSA-N,True
1,CC1=CCCC2(C)CCC(C(C)(C)O)CC12,"InChI=1S/C15H26O/c1-11-6-5-8-15(4)9-7-12(10-13(11)15)14(2,3)16/h6,12-13,16H,5,7-10H2,1-4H3",FCSRUSQUAVXUKK-UHFFFAOYSA-N,True
0,NC1=NC(=S)C2=C(N=CN2)N1,"InChI=1S/C5H5N5S/c6-5-9-3-2(4(11)10-5)7-1-8-3/h1H,(H4,6,7,8,9,10,11)",WYWHKKSPHMUBEB-UHFFFAOYSA-N,True
1,CCCCCCC=CCCCCCCCCC,"InChI=1S/C17H34/c1-3-5-7-9-11-13-15-17-16-14-12-10-8-6-4-2/h13,15H,3-12,14,16-17H2,1-2H3",YIGCKYYSOGYETL-UHFFFAOYSA-N,True
1,CCCCCC=CCCCOC(C)=O,"InChI=1S/C12H22O2/c1-3-4-5-6-7-8-9-10-11-14-12(2)13/h7-8H,3-6,9-11H2,1-2H3",OVBJYGLPPVUWAV-UHFFFAOYSA-N,True
0,CC1(C)OC2CC3C4CC(F)C5=CC(=O)C=CC5(C)C4(F)C(O)CC3(C)C2(C(=O)CO)O1,"InChI=1S/C24H30F2O6/c1-20(2)31-19-9-13-14-8-16(25)15-7-12(28)5-6-21(15,3)23(14,26)17(29)10-22(13,4)24(19,32-20)18(30)11-27/h5-7,13-14,16-17,19,27,29H,8-11H2,1-4H3",FEBLZLNTKCEFIT-UHFFFAOYSA-N,True
0,NC(CC1=CC=C(N(CCCl)CCCl)C=C1)C(=O)O,"InChI=1S/C13H18Cl2N2O2/c14-5-7-17(8-6-15)11-3-1-10(2-4-11)9-12(16)13(18)19/h1-4,12H,5-9,16H2,(H,18,19)",SGDBTWWWUNNDEQ-UHFFFAOYSA-N,True
1,CC12C=CCC1C1CCC3CC(O)CCC3(C)C1CC2,"InChI=1S/C19H30O/c1-18-9-3-4-16(18)15-6-5-13-12-14(20)7-11-19(13,2)17(15)8-10-18/h3,9,13-17,20H,4-8,10-12H2,1-2H3",KRVXMNNRSSQZJP-UHFFFAOYSA-N,True
0,CC1(O)CCC(C(C)(C)O)CC1,"InChI=1S/C10H20O2/c1-9(2,11)8-4-6-10(3,12)7-5-8/h8,11-12H,4-7H2,1-3H3",RBNWAMSGVWEHFP-UHFFFAOYSA-N,True
0,CC12CCC(=O)C=C1CCC1C2CCC2(C)C1CCC2(C)O,"InChI=1S/C20H30O2/c1-18-9-6-14(21)12-13(18)4-5-15-16(18)7-10-19(2)17(15)8-11-20(19,3)22/h12,15-17,22H,4-11H2,1-3H3",GCKMFJBGXUYNAG-UHFFFAOYSA-N,True
0,CCCCCCCCC(=O)NCC1=CC(OC)=C(O)C=C1,"InChI=1S/C17H27NO3/c1-3-4-5-6-7-8-9-17(20)18-13-14-10-11-15(19)16(12-14)21-2/h10-12,19H,3-9,13H2,1-2H3,(H,18,20)",RGOVYLWUIBMPGK-UHFFFAOYSA-N,True
1,CC1=CCC(=C(C)CCC=O)CC1,"InChI=1S/C12H18O/c1-10-5-7-12(8-6-10)11(2)4-3-9-13/h5,9H,3-4,6-8H2,1-2H3",DIXPNXMCGXWBQL-UHFFFAOYSA-N,True
1,COC(=O)C1=CC=CC=C1N=CC=CC1=CC=CC=C1,"InChI=1S/C17H15NO2/c1-20-17(19)15-11-5-6-12-16(15)18-13-7-10-14-8-3-2-4-9-14/h2-13H,1H3",OOJFPYZBLJTFST-UHFFFAOYSA-N,True
0,CCN1C=C(C(=O)O)C(=O)C2=C1N=C(C)C=C2,"InChI=1S/C12H12N2O3/c1-3-14-6-9(12(16)17)10(15)8-5-4-7(2)13-11(8)14/h4-6H,3H2,1-2H3,(H,16,17)",MHWLWQUZZRMNGJ-UHFFFAOYSA-N,True
1,C=CCOC(=S)CCCCC,"InChI=1S/C9H16OS/c1-3-5-6-7-9(11)10-8-4-2/h4H,2-3,5-8H2,1H3",AAZYSSVFOKJVHU-UHFFFAOYSA-N,True
0,O=C(O)C1=CC=CO1,"InChI=1S/C5H4O3/c6-5(7)4-2-1-3-8-4/h1-3H,(H,6,7)",SMNDYUVBFMFKNZ-UHFFFAOYSA-N,True
0,OCC(O)C(O)C(O)CO,"InChI=1S/C5H12O5/c6-1-3(8)5(10)4(9)2-7/h3-10H,1-2H2",HEBKCHPVOIAQTA-UHFFFAOYSA-N,True
1,COC1=NC(C)=CN=C1C,"InChI=1S/C7H10N2O/c1-5-4-8-6(2)7(9-5)10-3/h4H,1-3H3",QYRGVELVPYDICQ-UHFFFAOYSA-N,True
0,CC(N)C(=O)O,"InChI=1S/C3H7NO2/c1-2(4)3(5)6/h2H,4H2,1H3,(H,5,6)",QNAYBMKLOCPYGJ-UHFFFAOYSA-N,True
1,CC=CC(=O)C1=C(C)C=CCC1(C)C,"InChI=1S/C13H18O/c1-5-7-11(14)12-10(2)8-6-9-13(12,3)4/h5-8H,9H2,1-4H3",POIARNZEYGURDG-UHFFFAOYSA-N,True
1,CCCCCCC1=CC=C(C=CC(OC)OC)C=C1,"InChI=1S/C17H26O2/c1-4-5-6-7-8-15-9-11-16(12-10-15)13-14-17(18-2)19-3/h9-14,17H,4-8H2,1-3H3",JOGSEXPLVUGVOJ-UHFFFAOYSA-N,True
0,O=C(O)C=CC(=O)O,"InChI=1S/C4H4O4/c5-3(6)1-2-4(7)8/h1-2H,(H,5,6)(H,7,8)",VZCYOOQTPOCHFL-UHFFFAOYSA-N,True
1,CC1=C2C(CC1)C(C)CCC1C2C1(C)C,"InChI=1S/C15H24/c1-9-6-8-12-14(15(12,3)4)13-10(2)5-7-11(9)13/h9,11-12,14H,5-8H2,1-4H3",SPCXZDDGSGTVAW-UHFFFAOYSA-N,True
0,C[N+]([O-])(CCCl)CCCl,"InChI=1S/C5H11Cl2NO/c1-8(9,4-2-6)5-3-7/h2-5H2,1H3",AFLXUQUGROGEFA-UHFFFAOYSA-N,True
1,CC=CC(=O)CCCCC,"InChI=1S/C9H16O/c1-3-5-6-8-9(10)7-4-2/h4,7H,3,5-6,8H2,1-2H3",WTAYWTBOEQYGOG-UHFFFAOYSA-N,True
1,O=C1C=CCCCCCCCCCCCCO1,"InChI=1S/C15H26O2/c16-15-13-11-9-7-5-3-1-2-4-6-8-10-12-14-17-15/h11,13H,1-10,12,14H2",KHLFMZDGADSQGR-UHFFFAOYSA-N,True
0,O=C(O)CCCCCC(=O)O,"InChI=1S/C7H12O4/c8-6(9)4-2-1-3-5-7(10)11/h1-5H2,(H,8,9)(H,10,11)",WLJVNTCWHIRURA-UHFFFAOYSA-N,True
1,CSSCCC(C)C,"InChI=1S/C6H14S2/c1-6(2)4-5-8-7-3/h6H,4-5H2,1-3H3",XTTOMWDBKHINLK-UHFFFAOYSA-N,True
1,CCCCC=CCCOC(=O)CC,"InChI=1S/C11H20O2/c1-3-5-6-7-8-9-10-13-11(12)4-2/h7-8H,3-6,9-10H2,1-2H3",NTQOADMSKSBQCI-UHFFFAOYSA-N,True
1,CC=CC(=O)OCC=C(C)CCC=C(C)C,"InChI=1S/C14H22O2/c1-5-7-14(15)16-11-10-13(4)9-6-8-12(2)3/h5,7-8,10H,6,9,11H2,1-4H3",MQTAGIYIVBMTBT-UHFFFAOYSA-N,True
1,CC(C)=CCCC(C)(O)C1CO1,"InChI=1S/C10H18O2/c1-8(2)5-4-6-10(3,11)9-7-12-9/h5,9,11H,4,6-7H2,1-3H3",BXOURKNXQXLKRK-UHFFFAOYSA-N,True
1,CCC(C)CCCO,"InChI=1S/C7H16O/c1-3-7(2)5-4-6-8/h7-8H,3-6H2,1-2H3",YNPVNLWKVZZBTM-UHFFFAOYSA-N,True
0,CCCCCCC(O)CC=CCCCCCCCC(=O)[O-],"InChI=1S/C18H34O3/c1-2-3-4-11-14-17(19)15-12-9-7-5-6-8-10-13-16-18(20)21/h9,12,17,19H,2-8,10-11,13-16H2,1H3,(H,20,21)/p-1",WBHHMMIMDMUBKC-UHFFFAOYSA-M,True
0,O=S(=O)(O)OCCOC1=C(Cl)C=C(Cl)C=C1,"InChI=1S/C8H8Cl2O5S/c9-6-1-2-8(7(10)5-6)14-3-4-15-16(11,12)13/h1-2,5H,3-4H2,(H,11,12,13)",HJEINPVZRDJRBY-UHFFFAOYSA-N,True
1,CCC=CCCC(=O)OCC,"InChI=1S/C9H16O2/c1-3-5-6-7-8-9(10)11-4-2/h5-6H,3-4,7-8H2,1-2H3",GITGIBUELGTBSG-UHFFFAOYSA-N,True
0,CC(C)NCC(O)COC1=CC=CC2=CC=CC=C21,"InChI=1S/C16H21NO2/c1-12(2)17-10-14(18)11-19-16-9-5-7-13-6-3-4-8-15(13)16/h3-9,12,14,17-18H,10-11H2,1-2H3",AQHHHDLHHXJYJD-UHFFFAOYSA-N,True
1,COC1=C(O)C=CC(C=CC(C)=O)=C1,"InChI=1S/C11H12O3/c1-8(12)3-4-9-5-6-10(13)11(7-9)14-2/h3-7,13H,1-2H3",AFWKBSMFXWNGRE-UHFFFAOYSA-N,True
1,CC1=CCCC(C)C12CCC(C(C)(C)O)C2,"InChI=1S/C15H26O/c1-11-6-5-7-12(2)15(11)9-8-13(10-15)14(3,4)16/h6,12-13,16H,5,7-10H2,1-4H3",ICWHTQRTTHCUHW-UHFFFAOYSA-N,True
1,CCCCC=CCCO,"InChI=1S/C8H16O/c1-2-3-4-5-6-7-8-9/h5-6,9H,2-4,7-8H2,1H3",YDXQPTHHAPCTPP-UHFFFAOYSA-N,True
0,CCOCCOC(=O)C=CC1=CC=C(OC)C=C1,"InChI=1S/C14H18O4/c1-3-17-10-11-18-14(15)9-6-12-4-7-13(16-2)8-5-12/h4-9H,3,10-11H2,1-2H3",CMDKPGRTAQVGFQ-UHFFFAOYSA-N,True
0,CC(C)NC1=C(N2CCN(C(=O)C3=CC4=C(C=CC(NS(C)(=O)=O)=C4)N3)CC2)N=CC=C1,"InChI=1S/C22H28N6O3S/c1-15(2)24-19-5-4-8-23-21(19)27-9-11-28(12-10-27)22(29)20-14-16-13-17(26-32(3,30)31)6-7-18(16)25-20/h4-8,13-15,24-26H,9-12H2,1-3H3",WHBIGIKBNXZKFE-UHFFFAOYSA-N,True
1,C=C1CCC(C(C)C)C2C=C(C)CCC12,"InChI=1S/C15H24/c1-10(2)13-8-6-12(4)14-7-5-11(3)9-15(13)14/h9-10,13-15H,4-8H2,1-3H3",WRHGORWNJGOVQY-UHFFFAOYSA-N,True
0,OCC1OC(OC2C(CO)OC(O)C(O)C2O)C(O)C(O)C1O,"InChI=1S/C12H22O11/c13-1-3-5(15)6(16)9(19)12(22-3)23-10-4(2-14)21-11(20)8(18)7(10)17/h3-20H,1-2H2",GUBGYTABKSRVRQ-UHFFFAOYSA-N,True
1,CCCCCCCCCCCC,"InChI=1S/C12H26/c1-3-5-7-9-11-12-10-8-6-4-2/h3-12H2,1-2H3",SNRUBQQJIBEYMU-UHFFFAOYSA-N,True
0,NC(=O)NN=CC1=CC=C([N+](=O)[O-])O1,"InChI=1S/C6H6N4O4/c7-6(11)9-8-3-4-1-2-5(14-4)10(12)13/h1-3H,(H3,7,9,11)",IAIWVQXQOWNYOU-UHFFFAOYSA-N,True
1,CCCCCCCC=CC=CCO,"InChI=1S/C12H22O/c1-2-3-4-5-6-7-8-9-10-11-12-13/h8-11,13H,2-7,12H2,1H3",RZDDYVXRTNDWOD-UHFFFAOYSA-N,True
0,CC(=O)OCC1OC(OC2(COC(=O)C(C)C)OC(COC(C)=O)C(OC(=O)C(C)C)C2OC(=O)C(C)C)C(OC(=O)C(C)C)C(OC(=O)C(C)C)C1OC(=O)C(C)C,"InChI=1S/C40H62O19/c1-18(2)33(43)51-17-40(32(57-38(48)23(11)12)29(54-35(45)20(5)6)27(58-40)16-50-25(14)42)59-39-31(56-37(47)22(9)10)30(55-36(46)21(7)8)28(53-34(44)19(3)4)26(52-39)15-49-24(13)41/h18-23,26-32,39H,15-17H2,1-14H3",ZNEBZIJCDDCNRC-UHFFFAOYSA-N,True
0,CC(=O)OC1CC2CCC3C(CCC4(C)C3CC([N+]3(C)CCCCC3)C4OC(C)=O)C2(C)CC1[N+]1(C)CCCCC1,"InChI=1S/C35H60N2O4/c1-24(38)40-32-21-26-13-14-27-28(35(26,4)23-31(32)37(6)19-11-8-12-20-37)15-16-34(3)29(27)22-30(33(34)41-25(2)39)36(5)17-9-7-10-18-36/h26-33H,7-23H2,1-6H3/q+2",GVEAYVLWDAFXET-UHFFFAOYSA-N,True
0,CC[N+](CC)(CC)CC,"InChI=1S/C8H20N/c1-5-9(6-2,7-3)8-4/h5-8H2,1-4H3/q+1",CBXCPBUEXACCNR-UHFFFAOYSA-N,True
0,O=[N+]([O-])OCC(CO[N+](=O)[O-])O[N+](=O)[O-],"InChI=1S/C3H5N3O9/c7-4(8)13-1-3(15-6(11)12)2-14-5(9)10/h3H,1-2H2",SNIOPGDIGTZGOP-UHFFFAOYSA-N,True
1,COC1(C)CCC23CC1C(C)(C)C2CCC3C,"InChI=1S/C16H28O/c1-11-6-7-12-14(2,3)13-10-16(11,12)9-8-15(13,4)17-5/h11-13H,6-10H2,1-5H3",HRGPYCVTDOECMG-UHFFFAOYSA-N,True
1,CCC=CCCC=O,"InChI=1S/C7H12O/c1-2-3-4-5-6-7-8/h3-4,7H,2,5-6H2,1H3",VVGOCOMZRGWHPI-UHFFFAOYSA-N,True
1,C1=CC=C(CCCC2=CC=CC=N2)C=C1,"InChI=1S/C14H15N/c1-2-7-13(8-3-1)9-6-11-14-10-4-5-12-15-14/h1-5,7-8,10,12H,6,9,11H2",JJJPNTQYUJPWGQ-UHFFFAOYSA-N,True
0,O=C1CCCN1CC#CCN1CCCC1,"InChI=1S/C12H18N2O/c15-12-6-5-11-14(12)10-4-3-9-13-7-1-2-8-13/h1-2,5-11H2",RSDOPYMFZBJHRL-UHFFFAOYSA-N,True
1,CCCC=CCCCCC=O,"InChI=1S/C10H18O/c1-2-3-4-5-6-7-8-9-10-11/h4-5,10H,2-3,6-9H2,1H3",BHAHVSKDYRPNIR-UHFFFAOYSA-N,True
1,CSCC(C=O)=CC1=CC=CC=C1,"InChI=1S/C11H12OS/c1-13-9-11(8-12)7-10-5-3-2-4-6-10/h2-8H,9H2,1H3",QJDHQEQDIWDMOT-UHFFFAOYSA-N,True
1,CC1=CC=C(C=O)S1,"InChI=1S/C6H6OS/c1-5-2-3-6(4-7)8-5/h2-4H,1H3",VAUMDUIUEPIGHM-UHFFFAOYSA-N,True
1,O=C(O)CCCCCCCCC(=O)O,"InChI=1S/C10H18O4/c11-9(12)7-5-3-1-2-4-6-8-10(13)14/h1-8H2,(H,11,12)(H,13,14)",CXMXRPHRNRROMY-UHFFFAOYSA-N,True
1,CCC=CCC=CCC=O,"InChI=1S/C9H14O/c1-2-3-4-5-6-7-8-9-10/h3-4,6-7,9H,2,5,8H2,1H3",FIDBXHOCOXRPRO-UHFFFAOYSA-N,True
1,CCCCC=CCCC=O,"InChI=1S/C9H16O/c1-2-3-4-5-6-7-8-9-10/h5-6,9H,2-4,7-8H2,1H3",QPULDJYQYDGZEI-UHFFFAOYSA-N,True
1,CC(C)=CCCC(C)CCO,"InChI=1S/C10H20O/c1-9(2)5-4-6-10(3)7-8-11/h5,10-11H,4,6-8H2,1-3H3",QMVPMAAFGQKVCJ-UHFFFAOYSA-N,True
1,C=CCOC(=O)C(C)=CC,"InChI=1S/C8H12O2/c1-4-6-10-8(9)7(3)5-2/h4-5H,1,6H2,2-3H3",ODOZNBUSHKFCSH-UHFFFAOYSA-N,True
0,CN1C=NC2=C1C(=O)NC(=O)N2C,"InChI=1S/C7H8N4O2/c1-10-3-8-5-4(10)6(12)9-7(13)11(5)2/h3H,1-2H3,(H,9,12,13)",YAPQBXQYLJRXSA-UHFFFAOYSA-N,True
1,C=C1C2CCC3C2C(C)(C)CCCC13C,"InChI=1S/C15H24/c1-10-11-6-7-12-13(11)14(2,3)8-5-9-15(10,12)4/h11-13H,1,5-9H2,2-4H3",PDSNLYSELAIEBU-UHFFFAOYSA-N,True
1,CCCC(=O)OCC=C(C)CCC=C(C)C,"InChI=1S/C14H24O2/c1-5-7-14(15)16-11-10-13(4)9-6-8-12(2)3/h8,10H,5-7,9,11H2,1-4H3",ZSBOMYJPSRFZAL-UHFFFAOYSA-N,True
1,CCCCCCC=CCCCCC(C)=O,"InChI=1S/C14H26O/c1-3-4-5-6-7-8-9-10-11-12-13-14(2)15/h8-9H,3-7,10-13H2,1-2H3",ZFQMGOCRWDJUCX-UHFFFAOYSA-N,True
1,CC(C)=CCCC(C)=CCOC(=O)C(C)C,"InChI=1S/C14H24O2/c1-11(2)7-6-8-13(5)9-10-16-14(15)12(3)4/h7,9,12H,6,8,10H2,1-5H3",OGJYXQFXLSCKTP-UHFFFAOYSA-N,True
1,CCCCCCC=CCCC=O,"InChI=1S/C11H20O/c1-2-3-4-5-6-7-8-9-10-11-12/h7-8,11H,2-6,9-10H2,1H3",QGNDNDFXCNBMKI-UHFFFAOYSA-N,True
1,CC=C(C)C(=O)OCCC1=CC=CC=C1,"InChI=1S/C13H16O2/c1-3-11(2)13(14)15-10-9-12-7-5-4-6-8-12/h3-8H,9-10H2,1-2H3",KVMWYGAYARXPOL-UHFFFAOYSA-N,True
1,CCCCCC=CCC=CCCCCCCCC(=O)OCC,"InChI=1S/C20H36O2/c1-3-5-6-7-8-9-10-11-12-13-14-15-16-17-18-19-20(21)22-4-2/h8-9,11-12H,3-7,10,13-19H2,1-2H3",FMMOOAYVCKXGMF-UHFFFAOYSA-N,True
1,CC1(C)CC=CCCC=CCCC2OC21C,"InChI=1S/C15H24O/c1-14(2)12-10-8-6-4-5-7-9-11-13-15(14,3)16-13/h5,7-8,10,13H,4,6,9,11-12H2,1-3H3",PUXIGTZUWRBNMW-UHFFFAOYSA-N,True
1,CC1(C)CCCC2(C)C1CCC1(C)OC(=O)CC12,"InChI=1S/C16H26O2/c1-14(2)7-5-8-15(3)11(14)6-9-16(4)12(15)10-13(17)18-16/h11-12H,5-10H2,1-4H3",IMKJGXCIJJXALX-UHFFFAOYSA-N,True
1,C=C(C)CCCC(C)CCO,"InChI=1S/C10H20O/c1-9(2)5-4-6-10(3)7-8-11/h10-11H,1,4-8H2,2-3H3",JGQFVRIQXUFPAH-UHFFFAOYSA-N,True
1,C=C1CCC2C1C1C(C(C)C)CCC21C,"InChI=1S/C15H24/c1-9(2)11-7-8-15(4)12-6-5-10(3)13(12)14(11)15/h9,11-14H,3,5-8H2,1-2,4H3",YIRAHEODBQONHI-UHFFFAOYSA-N,True
1,CC1CCC2OCC(=O)COC2C1,"InChI=1S/C10H16O3/c1-7-2-3-9-10(4-7)13-6-8(11)5-12-9/h7,9-10H,2-6H2,1H3",LTSMPUUMDMERTD-UHFFFAOYSA-N,True
1,CCCCCCCCC=CCCCCCCCC(=O)OCC(O)C1OCC(O)C1O,"InChI=1S/C24H44O6/c1-2-3-4-5-6-7-8-9-10-11-12-13-14-15-16-17-22(27)29-19-21(26)24-23(28)20(25)18-30-24/h9-10,20-21,23-26,28H,2-8,11-19H2,1H3",NWGKJDSIEKMTRX-UHFFFAOYSA-N,True
1,C=CC(C)(CCC=C(C)C)OC(=O)C=CC1=CC=CC=C1,"InChI=1S/C19H24O2/c1-5-19(4,15-9-10-16(2)3)21-18(20)14-13-17-11-7-6-8-12-17/h5-8,10-14H,1,9,15H2,2-4H3",DPFUEXLIKDHJNB-UHFFFAOYSA-N,True
0,NC1=NC(=O)N(C2OC(CO)C(O)C2O)C=C1,"InChI=1S/C9H13N3O5/c10-5-1-2-12(9(16)11-5)8-7(15)6(14)4(3-13)17-8/h1-2,4,6-8,13-15H,3H2,(H2,10,11,16)",UHDGCWIWMRVCDJ-UHFFFAOYSA-N,True
0,CC12CC3=CNN=C3CC1CCC1C2CCC2(C)C1CCC2(C)O,"InChI=1S/C21H32N2O/c1-19-11-13-12-22-23-18(13)10-14(19)4-5-15-16(19)6-8-20(2)17(15)7-9-21(20,3)24/h12,14-17,24H,4-11H2,1-3H3,(H,22,23)",LKAJKIOFIWVMDJ-UHFFFAOYSA-N,True
1,CCCCCCCCCCCCCCCC(=O)O,"InChI=1S/C16H32O2/c1-2-3-4-5-6-7-8-9-10-11-12-13-14-15-16(17)18/h2-15H2,1H3,(H,17,18)",IPCSVZSSVZVIGE-UHFFFAOYSA-N,True
1,OCC1COC(CC2=CC=CC=C2)O1,"InChI=1S/C11H14O3/c12-7-10-8-13-11(14-10)6-9-4-2-1-3-5-9/h1-5,10-12H,6-8H2",ZPENOSKWEKGDCX-UHFFFAOYSA-N,True
1,CCC1SC(C(C)CC)N=C1C,"InChI=1S/C10H19NS/c1-5-7(3)10-11-8(4)9(6-2)12-10/h7,9-10H,5-6H2,1-4H3",LHYBTGKZFCNGHT-UHFFFAOYSA-N,True
1,CC=CC1=CC(OC)=C(OCC)C=C1,"InChI=1S/C12H16O2/c1-4-6-10-7-8-11(14-5-2)12(9-10)13-3/h4,6-9H,5H2,1-3H3",AOSKXPFBGRLCEG-UHFFFAOYSA-N,True
1,O=C(CO)C1=CC=CC=C1,"InChI=1S/C8H8O2/c9-6-8(10)7-4-2-1-3-5-7/h1-5,9H,6H2",ZWVHTXAYIKBMEE-UHFFFAOYSA-N,True
1,CCCCCCCC1OC1C=O,"InChI=1S/C10H18O2/c1-2-3-4-5-6-7-9-10(8-11)12-9/h8-10H,2-7H2,1H3",ZAYNCWQGQVRPDV-UHFFFAOYSA-N,True
1,CCCCCCCCCCC=CCO,"InChI=1S/C13H26O/c1-2-3-4-5-6-7-8-9-10-11-12-13-14/h11-12,14H,2-10,13H2,1H3",VPYJHNADOJDSGU-UHFFFAOYSA-N,True
1,CC1=CCCCCCCCCCCCCC1=O,"InChI=1S/C16H28O/c1-15-13-11-9-7-5-3-2-4-6-8-10-12-14-16(15)17/h13H,2-12,14H2,1H3",ZLICVGXIPCPPMS-UHFFFAOYSA-N,True
0,CC1(C)SC2C(NC(=O)C(N)C3=CC=CC=C3)C(=O)N2C1C(=O)O,"InChI=1S/C16H19N3O4S/c1-16(2)11(15(22)23)19-13(21)10(14(19)24-16)18-12(20)9(17)8-6-4-3-5-7-8/h3-7,9-11,14H,17H2,1-2H3,(H,18,20)(H,22,23)",AVKUERGKIZMTKX-UHFFFAOYSA-N,True
0,NCCC(=O)O,"InChI=1S/C3H7NO2/c4-2-1-3(5)6/h1-2,4H2,(H,5,6)",UCMIRNVEIXFBKS-UHFFFAOYSA-N,True
1,C=CC(C)(O)CCC1C(C)(O)CCC2C(C)(C)CCCC21C,"InChI=1S/C20H36O2/c1-7-18(4,21)13-9-16-19(5)12-8-11-17(2,3)15(19)10-14-20(16,6)22/h7,15-16,21-22H,1,8-14H2,2-6H3",XVULBTBTFGYVRC-UHFFFAOYSA-N,True
1,CCCC=CCCCCC(=O)O,"InChI=1S/C10H18O2/c1-2-3-4-5-6-7-8-9-10(11)12/h4-5H,2-3,6-9H2,1H3,(H,11,12)",IZOFWCYKCWUJBY-UHFFFAOYSA-N,True
1,CCC=CCCOCCC#N,"InChI=1S/C9H15NO/c1-2-3-4-5-8-11-9-6-7-10/h3-4H,2,5-6,8-9H2,1H3",TVSGBEJPUDTIBF-UHFFFAOYSA-N,True
0,CC1=CN(C2CC(N=[N+]=[N-])C(CO)O2)C(=O)NC1=O,"InChI=1S/C10H13N5O4/c1-5-3-15(10(18)12-9(5)17)8-2-6(13-14-11)7(4-16)19-8/h3,6-8,16H,2,4H2,1H3,(H,12,17,18)",HBOMLICNUCNMMY-UHFFFAOYSA-N,True
1,O=C1CCCCCCC=CCCCCCCC1,"InChI=1S/C16H28O/c17-16-14-12-10-8-6-4-2-1-3-5-7-9-11-13-15-16/h1-2H,3-15H2",ZGEHHVDYDNXYMW-UHFFFAOYSA-N,True
1,CC1=CC2C(C(C)C)CCC(C)C2(O)CC1,"InChI=1S/C15H26O/c1-10(2)13-6-5-12(4)15(16)8-7-11(3)9-14(13)15/h9-10,12-14,16H,5-8H2,1-4H3",COGPRPSWSKLKTF-UHFFFAOYSA-N,True
0,CC=CC1=CC(OC)=C(OC)C=C1OC,"InChI=1S/C12H16O3/c1-5-6-9-7-11(14-3)12(15-4)8-10(9)13-2/h5-8H,1-4H3",RKFAZBXYICVSKP-UHFFFAOYSA-N,True
1,CCC=CCCCCC(OC)OC,"InChI=1S/C11H22O2/c1-4-5-6-7-8-9-10-11(12-2)13-3/h5-6,11H,4,7-10H2,1-3H3",UVCRVXVBFFMDFR-UHFFFAOYSA-N,True
1,CC=C(C)C(=O)OCC(C)C,"InChI=1S/C9H16O2/c1-5-8(4)9(10)11-6-7(2)3/h5,7H,6H2,1-4H3",XDEGQMQKHFPBEW-UHFFFAOYSA-N,True
1,C=CC(=C)CC(O)C=C(C)C,"InChI=1S/C10H16O/c1-5-9(4)7-10(11)6-8(2)3/h5-6,10-11H,1,4,7H2,2-3H3",NHMKYUHMPXBMFI-UHFFFAOYSA-N,True
1,CC=CCCCCCCCC(=O)OC,"InChI=1S/C12H22O2/c1-3-4-5-6-7-8-9-10-11-12(13)14-2/h3-4H,5-11H2,1-2H3",RHRCWCJKYPOGNT-UHFFFAOYSA-N,True
1,C=C1CCCC2(C)CCC(=C(C)C)CC12,"InChI=1S/C15H24/c1-11(2)13-7-9-15(4)8-5-6-12(3)14(15)10-13/h14H,3,5-10H2,1-2,4H3",RMZHSBMIZBMVMN-UHFFFAOYSA-N,True
1,CCC=CCCCCO,"InChI=1S/C8H16O/c1-2-3-4-5-6-7-8-9/h3-4,9H,2,5-8H2,1H3",VDHRTASWKDTLER-UHFFFAOYSA-N,True
0,CCCCCC(O)O,"InChI=1S/C6H14O2/c1-2-3-4-5-6(7)8/h6-8H,2-5H2,1H3",ACCCMOQWYVYDOT-UHFFFAOYSA-N,True
1,CC1=CCC2CC1(O)C2(C)C,"InChI=1S/C10H16O/c1-7-4-5-8-6-10(7,11)9(8,2)3/h4,8,11H,5-6H2,1-3H3",UCSBYEUUBDCVKP-UHFFFAOYSA-N,True
1,C=C1C2CCC(C2)C1(C)CCC=C(C)CO,"InChI=1S/C15H24O/c1-11(10-16)5-4-8-15(3)12(2)13-6-7-14(15)9-13/h5,13-14,16H,2,4,6-10H2,1,3H3",OJYKYCDSGQGTRJ-UHFFFAOYSA-N,True
1,CC1(C)C2=CCCC(C)(C)C23CCC1C3,"InChI=1S/C15H24/c1-13(2)8-5-6-12-14(3,4)11-7-9-15(12,13)10-11/h6,11H,5,7-10H2,1-4H3",CQUAYTJDLQBXCQ-UHFFFAOYSA-N,True
1,CCCCCC=CCCO,"InChI=1S/C9H18O/c1-2-3-4-5-6-7-8-9-10/h6-7,10H,2-5,8-9H2,1H3",IFTBJDZSLBRRMC-UHFFFAOYSA-N,True
1,CCCCCCCCC=CCOC(C)=O,"InChI=1S/C13H24O2/c1-3-4-5-6-7-8-9-10-11-12-15-13(2)14/h10-11H,3-9,12H2,1-2H3",WITKTXDMHHYCJB-UHFFFAOYSA-N,True
1,CC(=O)N1C=CCC1,"InChI=1S/C6H9NO/c1-6(8)7-4-2-3-5-7/h2,4H,3,5H2,1H3",CMFWLOPIOWBYCM-UHFFFAOYSA-N,True
1,C=C1C2CCC(C2)C1(C)CCC=C(C)COC(=O)CC1=CC=CC=C1,"InChI=1S/C23H30O2/c1-17(16-25-22(24)14-19-9-5-4-6-10-19)8-7-13-23(3)18(2)20-11-12-21(23)15-20/h4-6,8-10,20-21H,2,7,11-16H2,1,3H3",FIZFZQIBGCHOJY-UHFFFAOYSA-N,True
1,CCC=CCCOC(=O)CCCCCCCCCCCCCCC,"InChI=1S/C22H42O2/c1-3-5-7-9-10-11-12-13-14-15-16-17-18-20-22(23)24-21-19-8-6-4-2/h6,8H,3-5,7,9-21H2,1-2H3",IUZMHZICJDXCSE-UHFFFAOYSA-N,True
1,COC1=C(O)C=CC(C=CC(=O)[O-])=C1,"InChI=1S/C10H10O4/c1-14-9-6-7(2-4-8(9)11)3-5-10(12)13/h2-6,11H,1H3,(H,12,13)/p-1",KSEBMYQBYZTDHS-UHFFFAOYSA-M,True
0,CC1CCC(C(C)C)C(OC(=O)CCC(=O)O)C1,"InChI=1S/C14H24O4/c1-9(2)11-5-4-10(3)8-12(11)18-14(17)7-6-13(15)16/h9-12H,4-8H2,1-3H3,(H,15,16)",BLILOGGUTRWFNI-UHFFFAOYSA-N,True
1,CC1=CN=C(C)C(CCC(C)C)=N1,"InChI=1S/C11H18N2/c1-8(2)5-6-11-10(4)12-7-9(3)13-11/h7-8H,5-6H2,1-4H3",WWAYKGYKYHEINT-UHFFFAOYSA-N,True
1,CC1(C)C2CC3OC3(C)C1C2,"InChI=1S/C10H16O/c1-9(2)6-4-7(9)10(3)8(5-6)11-10/h6-8H,4-5H2,1-3H3",NQFUSWIGRKFAHK-UHFFFAOYSA-N,True
0,COC1=CC(C(C)=O)=CC(OC)=C1O,"InChI=1S/C10H12O4/c1-6(11)7-4-8(13-2)10(12)9(5-7)14-3/h4-5,12H,1-3H3",OJOBTAOGJIWAGB-UHFFFAOYSA-N,True
0,OCC1OC2OC3C(CO)OC(OC4C(CO)OC(OC5C(CO)OC(OC6C(CO)OC(OC7C(CO)OC(OC1C(O)C2O)C(O)C7O)C(O)C6O)C(O)C5O)C(O)C4O)C(O)C3O,"InChI=1S/C36H60O30/c37-1-7-25-13(43)19(49)31(55-7)62-26-8(2-38)57-33(21(51)15(26)45)64-28-10(4-40)59-35(23(53)17(28)47)66-30-12(6-42)60-36(24(54)18(30)48)65-29-11(5-41)58-34(22(52)16(29)46)63-27-9(3-39)56-32(61-25)20(50)14(27)44/h7-54H,1-6H2",HFHDHCJBZVLPGP-UHFFFAOYSA-N,True
1,CC1OC(C2=CC=CC=C2)OC1C,"InChI=1S/C11H14O2/c1-8-9(2)13-11(12-8)10-6-4-3-5-7-10/h3-9,11H,1-2H3",KELZBYQXUNVXEU-UHFFFAOYSA-N,True
1,CCCC=CCOC(=O)C(C)CC,"InChI=1S/C11H20O2/c1-4-6-7-8-9-13-11(12)10(3)5-2/h7-8,10H,4-6,9H2,1-3H3",SXJKRFLZGRFPBD-UHFFFAOYSA-N,True
1,C1=CCOC=C1,"InChI=1S/C5H6O/c1-2-4-6-5-3-1/h1-4H,5H2",MGADZUXDNSDTHW-UHFFFAOYSA-N,True
1,CC(=O)OCC1=CCC2CC1C2(C)C,"InChI=1S/C12H18O2/c1-8(13)14-7-9-4-5-10-6-11(9)12(10,2)3/h4,10-11H,5-7H2,1-3H3",BKATZVAUANSCKN-UHFFFAOYSA-N,True
0,CC1OC(O)C(O)C(O)C1O,"InChI=1S/C6H12O5/c1-2-3(7)4(8)5(9)6(10)11-2/h2-10H,1H3",SHZGCJCMOBCMKK-UHFFFAOYSA-N,True
1,CSC(C)S,"InChI=1S/C3H8S2/c1-3(4)5-2/h3-4H,1-2H3",GHIADNFHCKUPJL-UHFFFAOYSA-N,True
0,C=C(C)C1CC2=C(C=CC3=C2OC2COC4=CC(OC)=C(OC)C=C4C2C3=O)O1,"InChI=1S/C23H22O6/c1-11(2)16-8-14-15(28-16)6-5-12-22(24)21-13-7-18(25-3)19(26-4)9-17(13)27-10-20(21)29-23(12)14/h5-7,9,16,20-21H,1,8,10H2,2-4H3",JUVIOZPCNVVQFO-UHFFFAOYSA-N,True
0,NC(N)=O,"InChI=1S/CH4N2O/c2-1(3)4/h(H4,2,3,4)",XSQUKJJJFZCRTK-UHFFFAOYSA-N,True
1,CC1CC=CCC1,"InChI=1S/C7H12/c1-7-5-3-2-4-6-7/h2-3,7H,4-6H2,1H3",FSWCCQWDVGZMRD-UHFFFAOYSA-N,True
1,CC1(C)C2CCC1(C)C(OCCO)C2,"InChI=1S/C12H22O2/c1-11(2)9-4-5-12(11,3)10(8-9)14-7-6-13/h9-10,13H,4-8H2,1-3H3",IWWCSDGEIDYEJV-UHFFFAOYSA-N,True
1,CCC=CCCOC(=O)C(C)C,"InChI=1S/C10H18O2/c1-4-5-6-7-8-12-10(11)9(2)3/h5-6,9H,4,7-8H2,1-3H3",OSMAJVWUIUORGC-UHFFFAOYSA-N,True
1,CCCCC=CCCCC(=O)OC(CCCC)CCCCC(=O)O,"InChI=1S/C20H36O4/c1-3-5-7-8-9-10-11-17-20(23)24-18(14-6-4-2)15-12-13-16-19(21)22/h8-9,18H,3-7,10-17H2,1-2H3,(H,21,22)",OKPRNPZBHHJXBQ-UHFFFAOYSA-N,True
1,C[N+](C)(C)[O-],"InChI=1S/C3H9NO/c1-4(2,3)5/h1-3H3",UYPYRKYUKCHHIB-UHFFFAOYSA-N,True
1,C=C1CCC2C(C1)C2(C)C,"InChI=1S/C10H16/c1-7-4-5-8-9(6-7)10(8,2)3/h8-9H,1,4-6H2,2-3H3",LCWMKIHBLJLORW-UHFFFAOYSA-N,True
1,CCCCCCCCC=CCCCCCCCC(=O)OCCOCC(OCCO)C1OCC(OCCO)C1OCCO,"InChI=1S/C32H60O10/c1-2-3-4-5-6-7-8-9-10-11-12-13-14-15-16-17-30(36)40-25-24-37-26-28(38-21-18-33)32-31(41-23-20-35)29(27-42-32)39-22-19-34/h9-10,28-29,31-35H,2-8,11-27H2,1H3",HDTIFOGXOGLRCB-UHFFFAOYSA-N,True
0,CC1(C)SC2C(NC(=O)COC3=CC=CC=C3)C(=O)N2C1C(=O)O,"InChI=1S/C16H18N2O5S/c1-16(2)12(15(21)22)18-13(20)11(14(18)24-16)17-10(19)8-23-9-6-4-3-5-7-9/h3-7,11-12,14H,8H2,1-2H3,(H,17,19)(H,21,22)",BPLBGHOLXOTWMN-UHFFFAOYSA-N,True
1,CC(=O)CCC=C(C)C,"InChI=1S/C8H14O/c1-7(2)5-4-6-8(3)9/h5H,4,6H2,1-3H3",UHEPJGULSIKKTP-UHFFFAOYSA-N,True
1,CCCC=CCOC(=O)CC1CCCC1,"InChI=1S/C13H22O2/c1-2-3-4-7-10-15-13(14)11-12-8-5-6-9-12/h4,7,12H,2-3,5-6,8-11H2,1H3",XXVUXTVTKODKQZ-UHFFFAOYSA-N,True
0,NC(=O)C1=NN(C2OC(CO)C(O)C2O)C=N1,"InChI=1S/C8H12N4O5/c9-6(16)7-10-2-12(11-7)8-5(15)4(14)3(1-13)17-8/h2-5,8,13-15H,1H2,(H2,9,16)",IWUCXVSUMQZMFG-UHFFFAOYSA-N,True
1,CCCCCCCCCCCC(=O)OCC(O)C1OCC(OCCO)C1OCCO,"InChI=1S/C22H42O8/c1-2-3-4-5-6-7-8-9-10-11-20(26)29-16-18(25)21-22(28-15-13-24)19(17-30-21)27-14-12-23/h18-19,21-25H,2-17H2,1H3",CRBBOOXGHMTWOC-UHFFFAOYSA-N,True
0,CC1(C)OC2CC3C4CC(F)C5=CC(=O)CCC5(C)C4C(O)CC3(C)C2(C(=O)CO)O1,"InChI=1S/C24H33FO6/c1-21(2)30-19-9-14-13-8-16(25)15-7-12(27)5-6-22(15,3)20(13)17(28)10-23(14,4)24(19,31-21)18(29)11-26/h7,13-14,16-17,19-20,26,28H,5-6,8-11H2,1-4H3",POPFMWWJOGLOIF-UHFFFAOYSA-N,True
1,CC1=C(O)C2=C(C=C1)C(C)CCC2C(C)C,"InChI=1S/C15H22O/c1-9(2)12-7-5-10(3)13-8-6-11(4)15(16)14(12)13/h6,8-10,12,16H,5,7H2,1-4H3",YXYMGKMWKSMRAB-UHFFFAOYSA-N,True
1,CCCCC=CCCCCCCCCCC=O,"InChI=1S/C16H30O/c1-2-3-4-5-6-7-8-9-10-11-12-13-14-15-16-17/h5-6,16H,2-4,7-15H2,1H3",AMTITFMUKRZZEE-UHFFFAOYSA-N,True
1,O=C1CCCC=CCCCCCCCCCC1,"InChI=1S/C16H28O/c17-16-14-12-10-8-6-4-2-1-3-5-7-9-11-13-15-16/h6,8H,1-5,7,9-15H2",ABRIMXGLNHCLIP-UHFFFAOYSA-N,True
0,O=C(O)CCC(=O)C(=O)O,"InChI=1S/C5H6O5/c6-3(5(9)10)1-2-4(7)8/h1-2H2,(H,7,8)(H,9,10)",KPGXRSRHYNQIFN-UHFFFAOYSA-N,True
1,CC(O)C(=O)NCCOP(=O)(O)O,"InChI=1S/C5H12NO6P/c1-4(7)5(8)6-2-3-12-13(9,10)11/h4,7H,2-3H2,1H3,(H,6,8)(H2,9,10,11)",CKXSSEHWXMVQRZ-UHFFFAOYSA-N,True
0,CC1CCC(C(C)C)C2(C1)OCC(CO)O2,"InChI=1S/C13H24O3/c1-9(2)12-5-4-10(3)6-13(12)15-8-11(7-14)16-13/h9-12,14H,4-8H2,1-3H3",ZBJCYZPANVLBRK-UHFFFAOYSA-N,True
1,CC(=O)OCC(O)COC(C)=O,"InChI=1S/C7H12O5/c1-5(8)11-3-7(10)4-12-6(2)9/h7,10H,3-4H2,1-2H3",MPPODKLDCLFLKT-UHFFFAOYSA-N,True
0,CC1=CC(NC(=O)C(CCCN=C(N)N)NC(=O)C(CO)NC(=O)C(CC2=CC=CC=C2)NC(=O)OC(C)(C)C)=CC2=C1C=CC(=O)O2,"InChI=1S/C33H43N7O8/c1-19-15-21(17-26-22(19)12-13-27(42)47-26)37-28(43)23(11-8-14-36-31(34)35)38-30(45)25(18-41)39-29(44)24(16-20-9-6-5-7-10-20)40-32(46)48-33(2,3)4/h5-7,9-10,12-13,15,17,23-25,41H,8,11,14,16,18H2,1-4H3,(H,37,43)(H,38,45)(H,39,44)(H,40,46)(H4,34,35,36)",RBKHOTLLIQRMRT-UHFFFAOYSA-N,True
0,CC(=O)OC1CC(C)=C2C(C=C(C)C(=O)O)CCC(C)C21,"InChI=1S/C17H24O4/c1-9-5-6-13(7-11(3)17(19)20)15-10(2)8-14(16(9)15)21-12(4)18/h7,9,13-14,16H,5-6,8H2,1-4H3,(H,19,20)",VBBXZFLAYWAXSK-UHFFFAOYSA-N,True
1,CCCC=CC(=O)OCCCCCC,"InChI=1S/C12H22O2/c1-3-5-7-9-11-14-12(13)10-8-6-4-2/h8,10H,3-7,9,11H2,1-2H3",NGQTTWDHJIMWOI-UHFFFAOYSA-N,True
1,C=CC=CC,"InChI=1S/C5H8/c1-3-5-4-2/h3-5H,1H2,2H3",PMJHHCWVYXUKFD-UHFFFAOYSA-N,True
0,CCCCCCCCCCCCC(CS)CS,"InChI=1S/C15H32S2/c1-2-3-4-5-6-7-8-9-10-11-12-15(13-16)14-17/h15-17H,2-14H2,1H3",PFMGYFXEWXMNIK-UHFFFAOYSA-N,True
0,CC(C(=O)CCC(=O)O)C(O)CCCCC=O,"InChI=1S/C12H20O5/c1-9(11(15)6-7-12(16)17)10(14)5-3-2-4-8-13/h8-10,14H,2-7H2,1H3,(H,16,17)",AZUZXOSWBOBCJY-UHFFFAOYSA-N,True
0,NC(=O)N=NC(N)=O,"InChI=1S/C2H4N4O2/c3-1(7)5-6-2(4)8/h(H2,3,7)(H2,4,8)",XOZUGNYVDXMRKW-UHFFFAOYSA-N,True
1,COC1C(O)COC(OCC2OC(OC3C(O)C(C)OC(CO)C3O)C(O)C(OC)C2O)C1O,"InChI=1S/C20H36O14/c1-7-11(23)18(12(24)9(4-21)32-7)34-20-15(27)17(29-3)13(25)10(33-20)6-31-19-14(26)16(28-2)8(22)5-30-19/h7-27H,4-6H2,1-3H3",SATHPVQTSSUFFW-UHFFFAOYSA-N,True
1,CCCCCC(C=CC1=CC=CC=C1)OC(C)=O,"InChI=1S/C16H22O2/c1-3-4-6-11-16(18-14(2)17)13-12-15-9-7-5-8-10-15/h5,7-10,12-13,16H,3-4,6,11H2,1-2H3",PHOQNPPEIYLGSI-UHFFFAOYSA-N,True
1,COC1=C(C)C(C)C2C3CCC(C3)C12,"InChI=1S/C13H20O/c1-7-8(2)13(14-3)12-10-5-4-9(6-10)11(7)12/h7,9-12H,4-6H2,1-3H3",VOJLZMSJAQIWCN-UHFFFAOYSA-N,True
1,CCC=CCCC=CC#N,"InChI=1S/C9H13N/c1-2-3-4-5-6-7-8-9-10/h3-4,7-8H,2,5-6H2,1H3",DSOXXQLCMAEPEZ-UHFFFAOYSA-N,True
1,CC(C)(C)C(=O)OC1CC2CC1C1CC=CC21,"InChI=1S/C15H22O2/c1-15(2,3)14(16)17-13-8-9-7-12(13)11-6-4-5-10(9)11/h4-5,9-13H,6-8H2,1-3H3",MEAGMJILPLJCFQ-UHFFFAOYSA-N,True
1,OCC1CC2CC1C1CCC(CO)C21,"InChI=1S/C12H20O2/c13-5-7-1-2-10-11-4-8(12(7)10)3-9(11)6-14/h7-14H,1-6H2",OTLDLKLSNZMTTA-UHFFFAOYSA-N,True
1,CCCCCCC(C)=NO,"InChI=1S/C8H17NO/c1-3-4-5-6-7-8(2)9-10/h10H,3-7H2,1-2H3",GZRPVYSKBVDCBV-UHFFFAOYSA-N,True
0,O=C1NC(=O)N(C2CC(O)C(CO)O2)C=C1F,"InChI=1S/C9H11FN2O5/c10-4-2-12(9(16)11-8(4)15)7-1-5(14)6(3-13)17-7/h2,5-7,13-14H,1,3H2,(H,11,15,16)",ODKNJVUHOIMIIZ-UHFFFAOYSA-N,True
1,CCOC(=O)C=C(C)CCC=C(C)C,"InChI=1S/C12H20O2/c1-5-14-12(13)9-11(4)8-6-7-10(2)3/h7,9H,5-6,8H2,1-4H3",ZPKNTCZTABQJPS-UHFFFAOYSA-N,True
1,CCC(C)C(=O)OCC=C(C)CCC=C(C)C,"InChI=1S/C15H26O2/c1-6-14(5)15(16)17-11-10-13(4)9-7-8-12(2)3/h8,10,14H,6-7,9,11H2,1-5H3",PEQMAZJTEUEQJP-UHFFFAOYSA-N,True
0,O=C1CC2OCC=C3CN4CCC56C7=CC=CC=C7N1C5C2C3CC46,"InChI=1S/C21H22N2O2/c24-18-10-16-19-13-9-17-21(6-7-22(17)11-12(13)5-8-25-16)14-3-1-2-4-15(14)23(18)20(19)21/h1-5,13,16-17,19-20H,6-11H2",QMGVPVSNSZLJIA-UHFFFAOYSA-N,True
0,O=C([O-])[O-],"InChI=1S/CH2O3/c2-1(3)4/h(H2,2,3,4)/p-2",BVKZGUZCCUSVTD-UHFFFAOYSA-L,True
0,CCCCN(CCCC)CC(O)C1=C2C(=CC(Cl)=C1)C(=CC1=CC=C(Cl)C=C1)C1=C2C=CC(Cl)=C1,"InChI=1S/C30H32Cl3NO/c1-3-5-13-34(14-6-4-2)19-29(35)28-18-23(33)17-27-25(15-20-7-9-21(31)10-8-20)26-16-22(32)11-12-24(26)30(27)28/h7-12,15-18,29,35H,3-6,13-14,19H2,1-2H3",DYLGFOYVTXJFJP-UHFFFAOYSA-N,True
1,C=CC=CC=CCCC(=O)CC,"InChI=1S/C11H16O/c1-3-5-6-7-8-9-10-11(12)4-2/h3,5-8H,1,4,9-10H2,2H3",AJRVUFGWENEBHO-UHFFFAOYSA-N,True
0,CC(N)(CC1=CC(O)=C(O)C=C1)C(=O)O,"InChI=1S/C10H13NO4/c1-10(11,9(14)15)5-6-2-3-7(12)8(13)4-6/h2-4,12-13H,5,11H2,1H3,(H,14,15)",CJCSPKMFHVPWAR-UHFFFAOYSA-N,True
1,CCC(C)SSC(C)CC,"InChI=1S/C8H18S2/c1-5-7(3)9-10-8(4)6-2/h7-8H,5-6H2,1-4H3",QTWKINKGAHTPFJ-UHFFFAOYSA-N,True
0,COP(=S)(OC)SCN1N=NC2=CC=CC=C2C1=O,"InChI=1S/C10H12N3O3PS2/c1-15-17(18,16-2)19-7-13-10(14)8-5-3-4-6-9(8)11-12-13/h3-6H,7H2,1-2H3",CJJOSEISRRTUQB-UHFFFAOYSA-N,True
1,CC1=CC2C(CCC(C)=CCC1)C2(C)C,"InChI=1S/C15H24/c1-11-6-5-7-12(2)10-14-13(9-8-11)15(14,3)4/h6,10,13-14H,5,7-9H2,1-4H3",VPDZRSSKICPUEY-UHFFFAOYSA-N,True
1,CCC=CCCOC(=O)C(CC)CC,"InChI=1S/C12H22O2/c1-4-7-8-9-10-14-12(13)11(5-2)6-3/h7-8,11H,4-6,9-10H2,1-3H3",LFDWLVXNYKQQBT-UHFFFAOYSA-N,True
0,NC(CC1=CNC2=CC=CC=C12)C(=O)O,"InChI=1S/C11H12N2O2/c12-9(11(14)15)5-7-6-13-10-4-2-1-3-8(7)10/h1-4,6,9,13H,5,12H2,(H,14,15)",QIVBCDIJIAJPQS-UHFFFAOYSA-N,True
1,C=CC(=C)CCC1C(=C)CCC2C(C)(C)CCCC12C,"InChI=1S/C20H32/c1-7-15(2)9-11-17-16(3)10-12-18-19(4,5)13-8-14-20(17,18)6/h7,17-18H,1-3,8-14H2,4-6H3",KYLKKZSVPLUGCC-UHFFFAOYSA-N,True
1,CC1CCC2C(C)(C)C3CC12CC1OC(C)(C)OC13C,"InChI=1S/C18H30O2/c1-11-7-8-12-15(2,3)13-9-18(11,12)10-14-17(13,6)20-16(4,5)19-14/h11-14H,7-10H2,1-6H3",YJVLDTISLGRQTJ-UHFFFAOYSA-N,True
1,CCC=CCCOC(=O)C1CC1,"InChI=1S/C10H16O2/c1-2-3-4-5-8-12-10(11)9-6-7-9/h3-4,9H,2,5-8H2,1H3",AQALQDMWXUIMHX-UHFFFAOYSA-N,True
0,C1=CC=C2C(=C1)C=CC=C2CC1=NCCN1,"InChI=1S/C14H14N2/c1-2-7-13-11(4-1)5-3-6-12(13)10-14-15-8-9-16-14/h1-7H,8-10H2,(H,15,16)",CNIIGCLFLJGOGP-UHFFFAOYSA-N,True
1,CCC(=O)OC1CC2CC1C1CC=CC21,"InChI=1S/C13H18O2/c1-2-13(14)15-12-7-8-6-11(12)10-5-3-4-9(8)10/h3-4,8-12H,2,5-7H2,1H3",BLBJUGKATXCWET-UHFFFAOYSA-N,True
1,CC1CCC2OC23CCC2C(C2(C)C)C13C,"InChI=1S/C15H24O/c1-9-5-6-11-15(16-11)8-7-10-12(13(10,2)3)14(9,15)4/h9-12H,5-8H2,1-4H3",UYPPHUAQDGUVKN-UHFFFAOYSA-N,True
1,O=CC1=COC=C1,InChI=1S/C5H4O2/c6-3-5-1-2-7-4-5/h1-4H,AZVSIHIBYRHSLB-UHFFFAOYSA-N,True
1,CCCCCCC(C)OC(C)=O,"InChI=1S/C10H20O2/c1-4-5-6-7-8-9(2)12-10(3)11/h9H,4-8H2,1-3H3",SJFUDWKNZGXSLV-UHFFFAOYSA-N,True
1,CCCC=CCC1CCCC1=O,"InChI=1S/C11H18O/c1-2-3-4-5-7-10-8-6-9-11(10)12/h4-5,10H,2-3,6-9H2,1H3",XXQYRQXKTWEIFQ-UHFFFAOYSA-N,True
1,O=CC1=CC=CS1,InChI=1S/C5H4OS/c6-4-5-2-1-3-7-5/h1-4H,CNUDBTRUORMMPA-UHFFFAOYSA-N,True
1,CC(C)=CCCC(C)=CC=CC(C)=CC=CC(C)=CC=CC=C(C)C=CC=C(C)C=CC=C(C)CCC=C(C)C,"InChI=1S/C40H56/c1-33(2)19-13-23-37(7)27-17-31-39(9)29-15-25-35(5)21-11-12-22-36(6)26-16-30-40(10)32-18-28-38(8)24-14-20-34(3)4/h11-12,15-22,25-32H,13-14,23-24H2,1-10H3",OAIJSZIZWZSQBC-UHFFFAOYSA-N,True
1,CC1=CCC2(CC1)C(C)CCC2C(C)(C)O,"InChI=1S/C15H26O/c1-11-7-9-15(10-8-11)12(2)5-6-13(15)14(3,4)16/h7,12-13,16H,5-6,8-10H2,1-4H3",XDVDHFJMCJWDPI-UHFFFAOYSA-N,True
1,CCCCCCCCCC(O)CC(=O)CCC1=CC(OC)=C(O)C=C1,"InChI=1S/C21H34O4/c1-3-4-5-6-7-8-9-10-18(22)16-19(23)13-11-17-12-14-20(24)21(15-17)25-2/h12,14-15,18,22,24H,3-11,13,16H2,1-2H3",AIULWNKTYPZYAN-UHFFFAOYSA-N,True
1,CCCCCCCCCCCCCCCCCCCCCCC,"InChI=1S/C23H48/c1-3-5-7-9-11-13-15-17-19-21-23-22-20-18-16-14-12-10-8-6-4-2/h3-23H2,1-2H3",FIGVVZUWCLSUEI-UHFFFAOYSA-N,True
1,CCCCCC=CC(=O)O,"InChI=1S/C8H14O2/c1-2-3-4-5-6-7-8(9)10/h6-7H,2-5H2,1H3,(H,9,10)",CWMPPVPFLSZGCY-UHFFFAOYSA-N,True
1,CC=CC1=CC(OC)=C(O)C=C1,"InChI=1S/C10H12O2/c1-3-4-8-5-6-9(11)10(7-8)12-2/h3-7,11H,1-2H3",BJIOGJUNALELMI-UHFFFAOYSA-N,True
1,CC(C)=CCCC(C)=CC(C)O,"InChI=1S/C11H20O/c1-9(2)6-5-7-10(3)8-11(4)12/h6,8,11-12H,5,7H2,1-4H3",NYPOJSCNHYUZRG-UHFFFAOYSA-N,True
1,CCCCCC=CCOC(=O)CCC,"InChI=1S/C12H22O2/c1-3-5-6-7-8-9-11-14-12(13)10-4-2/h8-9H,3-7,10-11H2,1-2H3",GPINUUWEKPNDBB-UHFFFAOYSA-N,True
1,CSCCC=C(C=O)CSC,"InChI=1S/C8H14OS2/c1-10-5-3-4-8(6-9)7-11-2/h4,6H,3,5,7H2,1-2H3",VVZWQNGEMWJSTM-UHFFFAOYSA-N,True
1,CC1CCCC2(C)CCC3(C(C)(C)O)CC123,"InChI=1S/C15H26O/c1-11-6-5-7-13(4)8-9-14(12(2,3)16)10-15(11,13)14/h11,16H,5-10H2,1-4H3",JUXDFQMZOFALSA-UHFFFAOYSA-N,True
1,CCCCCCCCC=CCCCCCCCC(=O)OCC,"InChI=1S/C20H38O2/c1-3-5-6-7-8-9-10-11-12-13-14-15-16-17-18-19-20(21)22-4-2/h11-12H,3-10,13-19H2,1-2H3",LVGKNOAMLMIIKO-UHFFFAOYSA-N,True
1,CC12CCC(C1)C(C)(C)C2(C)O,"InChI=1S/C11H20O/c1-9(2)8-5-6-10(3,7-8)11(9,4)12/h8,12H,5-7H2,1-4H3",AJVKAPQCJKEUSG-UHFFFAOYSA-N,True
1,CC1CCC2(O)C(C)(C)C3CCC2(C)C1C3,"InChI=1S/C15H26O/c1-10-5-8-15(16)13(2,3)11-6-7-14(15,4)12(10)9-11/h10-12,16H,5-9H2,1-4H3",GGHMUJBZYLPWFD-UHFFFAOYSA-N,True
1,CC1=CC(SC(=O)C2=COC=C2)=C(C)O1,"InChI=1S/C11H10O3S/c1-7-5-10(8(2)14-7)15-11(12)9-3-4-13-6-9/h3-6H,1-2H3",QVKDTUVQQAKGEO-UHFFFAOYSA-N,True
0,CC1(C)C(C=C(Br)Br)C1C(=O)OC(C#N)C1=CC(OC2=CC=CC=C2)=CC=C1,"InChI=1S/C22H19Br2NO3/c1-22(2)17(12-19(23)24)20(22)21(26)28-18(13-25)14-7-6-10-16(11-14)27-15-8-4-3-5-9-15/h3-12,17-18,20H,1-2H3",OWZREIFADZCYQD-UHFFFAOYSA-N,True
0,NCCC(=O)NC(CC1=CNC=N1)C(=O)O,"InChI=1S/C9H14N4O3/c10-2-1-8(14)13-7(9(15)16)3-6-4-11-5-12-6/h4-5,7H,1-3,10H2,(H,11,12)(H,13,14)(H,15,16)",CQOVPNPJLQNMDC-UHFFFAOYSA-N,True
0,COC1=C2C=CC(=O)OC2=CC2=C1C=CO2,"InChI=1S/C12H8O4/c1-14-12-7-2-3-11(13)16-10(7)6-9-8(12)4-5-15-9/h2-6H,1H3",BGEBZHIAGXMEMV-UHFFFAOYSA-N,True
1,CC(=O)OC1(C)CCCC(C)(C)C12CCC(C)O2,"InChI=1S/C15H26O3/c1-11-7-10-15(17-11)13(3,4)8-6-9-14(15,5)18-12(2)16/h11H,6-10H2,1-5H3",LTAWGWRPOGXHBD-UHFFFAOYSA-N,True
1,CC(C)=CCCC(C)=CCOC(=O)C1=CC=CC=C1N,"InChI=1S/C17H23NO2/c1-13(2)7-6-8-14(3)11-12-20-17(19)15-9-4-5-10-16(15)18/h4-5,7,9-11H,6,8,12,18H2,1-3H3",QLRICECRKJGSKQ-UHFFFAOYSA-N,True
1,C=CCC1=CC=CC=C1,"InChI=1S/C9H10/c1-2-6-9-7-4-3-5-8-9/h2-5,7-8H,1,6H2",HJWLCRVIBGQPNF-UHFFFAOYSA-N,True
1,CC(C)=CCCC(C)=CCC1CCCC1=O,"InChI=1S/C15H24O/c1-12(2)6-4-7-13(3)10-11-14-8-5-9-15(14)16/h6,10,14H,4-5,7-9,11H2,1-3H3",ZNSALEJHPSBXDK-UHFFFAOYSA-N,True
1,C=CC(C=CC)SSC(C=C)C=CC,"InChI=1S/C12H18S2/c1-5-9-11(7-3)13-14-12(8-4)10-6-2/h5-12H,3-4H2,1-2H3",TVGODXIWIVIPIJ-UHFFFAOYSA-N,True
1,CC(C)=CCCC(C)=CCO,"InChI=1S/C10H18O/c1-9(2)5-4-6-10(3)7-8-11/h5,7,11H,4,6,8H2,1-3H3",GLZPCOQZEFWAFX-UHFFFAOYSA-N,True
0,CC1OC(OC2C(O)CC(OC3C(O)CC(OC4CCC5(C)C(CCC6C5CC(O)C5(C)C(C7=CC(=O)OC7)CCC65O)C4)OC3C)OC2C)CC(O)C1O,"InChI=1S/C41H64O14/c1-19-36(47)28(42)15-34(50-19)54-38-21(3)52-35(17-30(38)44)55-37-20(2)51-33(16-29(37)43)53-24-8-10-39(4)23(13-24)6-7-26-27(39)14-31(45)40(5)25(9-11-41(26,40)48)22-12-32(46)49-18-22/h12,19-21,23-31,33-38,42-45,47-48H,6-11,13-18H2,1-5H3",LTMHDMANZUZIPE-UHFFFAOYSA-N,True
1,CC=CC(O)CCCC,"InChI=1S/C8H16O/c1-3-5-7-8(9)6-4-2/h4,6,8-9H,3,5,7H2,1-2H3",WGDUEFYADBRNKG-UHFFFAOYSA-N,True
1,CC(C)SSSC(C)C,"InChI=1S/C6H14S3/c1-5(2)7-9-8-6(3)4/h5-6H,1-4H3",WUZSBMCRYUJOEU-UHFFFAOYSA-N,True
0,COC1=CC(C=CC(=O)O)=CC(OC)=C1O,"InChI=1S/C11H12O5/c1-15-8-5-7(3-4-10(12)13)6-9(16-2)11(8)14/h3-6,14H,1-2H3,(H,12,13)",PCMORTLOPMLEFB-UHFFFAOYSA-N,True
1,CC1=CCC(C(C)(C)OC(=O)C2=CC=CC=C2)CC1,"InChI=1S/C17H22O2/c1-13-9-11-15(12-10-13)17(2,3)19-16(18)14-7-5-4-6-8-14/h4-9,15H,10-12H2,1-3H3",SNCWRHHQNIWULG-UHFFFAOYSA-N,True
1,CC=CCCC=CC=O,"InChI=1S/C8H12O/c1-2-3-4-5-6-7-8-9/h2-3,6-8H,4-5H2,1H3",CBXNRMOWVZUZQA-UHFFFAOYSA-N,True
1,CCCCCC(=O)CCSC,"InChI=1S/C9H18OS/c1-3-4-5-6-9(10)7-8-11-2/h3-8H2,1-2H3",VBKCFHVICLIRLW-UHFFFAOYSA-N,True
1,CC=CCCCC(=O)O,"InChI=1S/C7H12O2/c1-2-3-4-5-6-7(8)9/h2-3H,4-6H2,1H3,(H,8,9)",KPSZWAJWFMFMFF-UHFFFAOYSA-N,True
1,O=C1CCC=CCCCCCCCCCC1,"InChI=1S/C15H26O/c16-15-13-11-9-7-5-3-1-2-4-6-8-10-12-14-15/h7,9H,1-6,8,10-14H2",JIYIHILAGIZIMD-UHFFFAOYSA-N,True
0,C#CC1(O)CCC2C3CCC4=C(C=CC(O)=C4)C3CCC21C,"InChI=1S/C20H24O2/c1-3-20(22)11-9-18-17-6-4-13-12-14(21)5-7-15(13)16(17)8-10-19(18,20)2/h1,5,7,12,16-18,21-22H,4,6,8-11H2,2H3",BFPYWIDHMRZLRN-UHFFFAOYSA-N,True
1,CC1(O)CCC2CC1C2(C)C,"InChI=1S/C10H18O/c1-9(2)7-4-5-10(3,11)8(9)6-7/h7-8,11H,4-6H2,1-3H3",YYWZKGZIIKPPJZ-UHFFFAOYSA-N,True
1,CC(C)=CCCC(C)(O)C1CC=C(C)CC1,"InChI=1S/C15H26O/c1-12(2)6-5-11-15(4,16)14-9-7-13(3)8-10-14/h6-7,14,16H,5,8-11H2,1-4H3",RGZSQWQPBWRIAQ-UHFFFAOYSA-N,True
1,CC=C(C)C(=O)OCCC,"InChI=1S/C8H14O2/c1-4-6-10-8(9)7(3)5-2/h5H,4,6H2,1-3H3",RZWMDOQSXWAAMC-UHFFFAOYSA-N,True
0,C=CCC1(C(C)CCC)C(=O)[N-]C(=O)NC1=O,"InChI=1S/C12H18N2O3/c1-4-6-8(3)12(7-5-2)9(15)13-11(17)14-10(12)16/h5,8H,2,4,6-7H2,1,3H3,(H2,13,14,15,16,17)/p-1",KQPKPCNLIDLUMF-UHFFFAOYSA-M,True
1,O=C1CCC(C(=O)O)N1,"InChI=1S/C5H7NO3/c7-4-2-1-3(6-4)5(8)9/h3H,1-2H2,(H,6,7)(H,8,9)",ODHCTXKNWHHXJC-UHFFFAOYSA-N,True
1,CCOC(=O)CC(O)C1=CC=CC=C1,"InChI=1S/C11H14O3/c1-2-14-11(13)8-10(12)9-6-4-3-5-7-9/h3-7,10,12H,2,8H2,1H3",DVIBDQWVFHDBOP-UHFFFAOYSA-N,True
1,CC=CCCCOC(C)=O,"InChI=1S/C8H14O2/c1-3-4-5-6-7-10-8(2)9/h3-4H,5-7H2,1-2H3",SXIMDPDAXHQFFD-UHFFFAOYSA-N,True
1,CC=C(C)CSC,"InChI=1S/C6H12S/c1-4-6(2)5-7-3/h4H,5H2,1-3H3",PBWZEERIWACABP-UHFFFAOYSA-N,True
1,CCCCC(CC)CS,"InChI=1S/C8H18S/c1-3-5-6-8(4-2)7-9/h8-9H,3-7H2,1-2H3",UCJMHYXRQZYNNL-UHFFFAOYSA-N,True
1,CC(=O)CC1CCC2C(C1)C(C)CC2(C)C,"InChI=1S/C15H26O/c1-10-9-15(3,4)14-6-5-12(7-11(2)16)8-13(10)14/h10,12-14H,5-9H2,1-4H3",YMCULJCILXEENE-UHFFFAOYSA-N,True
0,CC12C=CC(=O)C=C1CCC1C2CCC2(C)C1CCC2(C)O,"InChI=1S/C20H28O2/c1-18-9-6-14(21)12-13(18)4-5-15-16(18)7-10-19(2)17(15)8-11-20(19,3)22/h6,9,12,15-17,22H,4-5,7-8,10-11H2,1-3H3",XWALNWXLMVGSFR-UHFFFAOYSA-N,True
1,CC=C(C)C(=O)OCCC=CCC,"InChI=1S/C11H18O2/c1-4-6-7-8-9-13-11(12)10(3)5-2/h5-7H,4,8-9H2,1-3H3",JNWQKXUWZWKUAY-UHFFFAOYSA-N,True
1,CC1CCOC(C=CC2=CC=CC=C2)O1,"InChI=1S/C13H16O2/c1-11-9-10-14-13(15-11)8-7-12-5-3-2-4-6-12/h2-8,11,13H,9-10H2,1H3",LSEPTNAIKXLPFK-UHFFFAOYSA-N,True
1,CCCCCCOC(=O)C=CC(=O)OCCCCCC,"InChI=1S/C16H28O4/c1-3-5-7-9-13-19-15(17)11-12-16(18)20-14-10-8-6-4-2/h11-12H,3-10,13-14H2,1-2H3",QMCVOSQFZZCSLN-UHFFFAOYSA-N,True
1,CC1=CCCC(C)(C)C1,"InChI=1S/C9H16/c1-8-5-4-6-9(2,3)7-8/h5H,4,6-7H2,1-3H3",CHOOCIQDWNAXQQ-UHFFFAOYSA-N,True
1,C1=CC2COCC2CCCCCCCC1,"InChI=1S/C14H24O/c1-2-4-6-8-10-14-12-15-11-13(14)9-7-5-3-1/h7,9,13-14H,1-6,8,10-12H2",QQPBNXSJUXIDLT-UHFFFAOYSA-N,True
0,C1=CC=C(C2=[O+]C3=CC=CC=C3C=C2)C=C1,InChI=1S/C15H11O/c1-2-6-12(7-3-1)15-11-10-13-8-4-5-9-14(13)16-15/h1-11H/q+1,NWKFECICNXDNOQ-UHFFFAOYSA-N,True
1,CCC=CCCOC(=O)CC=CCC,"InChI=1S/C12H20O2/c1-3-5-7-9-11-14-12(13)10-8-6-4-2/h5-8H,3-4,9-11H2,1-2H3",UZJQQWFHPLYECS-UHFFFAOYSA-N,True
1,CCCCC(=O)OC1CC2CCC1(C)C2(C)C,"InChI=1S/C15H26O2/c1-5-6-7-13(16)17-12-10-11-8-9-15(12,4)14(11,2)3/h11-12H,5-10H2,1-4H3",ILUAVCBOWYHFAI-UHFFFAOYSA-N,True
1,CC(=O)OCC(C)=CCCC1(C)C2CC3C(C2)C31C,"InChI=1S/C17H26O2/c1-11(10-19-12(2)18)6-5-7-16(3)13-8-14-15(9-13)17(14,16)4/h6,13-15H,5,7-10H2,1-4H3",IXRPKRWXUJOOBZ-UHFFFAOYSA-N,True
1,CC1CC2CC(C)(C)COC2CC1C,"InChI=1S/C13H24O/c1-9-5-11-7-13(3,4)8-14-12(11)6-10(9)2/h9-12H,5-8H2,1-4H3",QJXQUYFHUHWIDD-UHFFFAOYSA-N,True
0,O=C(O)C1=C(O)C(O)=CC=C1,"InChI=1S/C7H6O4/c8-5-3-1-2-4(6(5)9)7(10)11/h1-3,8-9H,(H,10,11)",GLDQAMYCGOIJDV-UHFFFAOYSA-N,True
1,CCC=CCCOC(=O)C#CCCCCC,"InChI=1S/C14H22O2/c1-3-5-7-9-10-12-14(15)16-13-11-8-6-4-2/h6,8H,3-5,7,9,11,13H2,1-2H3",ANJQMBWSXVCLTG-UHFFFAOYSA-N,True
0,CC(=O)[O-],"InChI=1S/C2H4O2/c1-2(3)4/h1H3,(H,3,4)/p-1",QTBSBXVTEAMEQO-UHFFFAOYSA-M,True
1,CCCCCC=CCCCO,"InChI=1S/C10H20O/c1-2-3-4-5-6-7-8-9-10-11/h6-7,11H,2-5,8-10H2,1H3",VUNFOJWKJSYIDH-UHFFFAOYSA-N,True
1,CC=C(C)C(=O)OCC=C(C)C,"InChI=1S/C10H16O2/c1-5-9(4)10(11)12-7-6-8(2)3/h5-6H,7H2,1-4H3",WTDWXMWAIMIKSI-UHFFFAOYSA-N,True
1,CCCCCCCC=CC(=O)OCC,"InChI=1S/C12H22O2/c1-3-5-6-7-8-9-10-11-12(13)14-4-2/h10-11H,3-9H2,1-2H3",GNJARWZWODMTDR-UHFFFAOYSA-N,True
1,CCOC(=O)CS,"InChI=1S/C4H8O2S/c1-2-6-4(5)3-7/h7H,2-3H2,1H3",PVBRSNZAOAJRKO-UHFFFAOYSA-N,True
1,CC1CCC2C(C)(C)C3CC12CCC3(C)OC=O,"InChI=1S/C16H26O2/c1-11-5-6-12-14(2,3)13-9-16(11,12)8-7-15(13,4)18-10-17/h10-13H,5-9H2,1-4H3",AHZYNUWTBDLJHG-UHFFFAOYSA-N,True
1,CCCCCC=CCC=O,"InChI=1S/C9H16O/c1-2-3-4-5-6-7-8-9-10/h6-7,9H,2-5,8H2,1H3",YXEAENVLZOODMT-UHFFFAOYSA-N,True
0,CC1=CC(C)=NC([N-]S(=O)(=O)C2=CC=C(N)C=C2)=N1,"InChI=1S/C12H13N4O2S/c1-8-7-9(2)15-12(14-8)16-19(17,18)11-5-3-10(13)4-6-11/h3-7H,13H2,1-2H3/q-1",HAXNAXUEIPRPPE-UHFFFAOYSA-N,True
1,CC1C=CC(=O)O1,"InChI=1S/C5H6O2/c1-4-2-3-5(6)7-4/h2-4H,1H3",BGLUXFNVVSVEET-UHFFFAOYSA-N,True
1,CC1CCC2C(C2(C)C)C12COC(C)(C)OC2,"InChI=1S/C15H26O2/c1-10-6-7-11-12(13(11,2)3)15(10)8-16-14(4,5)17-9-15/h10-12H,6-9H2,1-5H3",ORHSGDMSYGKJJY-UHFFFAOYSA-N,True
1,C=C1CCC(OC(C)=O)C(C)=CCC2C1CC2(C)C,"InChI=1S/C17H26O2/c1-11-7-9-16(19-13(3)18)12(2)6-8-15-14(11)10-17(15,4)5/h6,14-16H,1,7-10H2,2-5H3",OCLOVRSVPZPWHE-UHFFFAOYSA-N,True
1,CCC(=O)C1=CC=C(N2CCOCC2)C=C1,"InChI=1S/C13H17NO2/c1-2-13(15)11-3-5-12(6-4-11)14-7-9-16-10-8-14/h3-6H,2,7-10H2,1H3",ZEFQETIGOMAQDT-UHFFFAOYSA-N,True
1,OC1=CC2=C(C=C1)OCO2,"InChI=1S/C7H6O3/c8-5-1-2-6-7(3-5)10-4-9-6/h1-3,8H,4H2",LUSZGTFNYDARNI-UHFFFAOYSA-N,True
0,NC(CC1=CC=C(O)C=C1)C(=O)O,"InChI=1S/C9H11NO3/c10-8(9(12)13)5-6-1-3-7(11)4-2-6/h1-4,8,11H,5,10H2,(H,12,13)",OUYCCCASQSFEME-UHFFFAOYSA-N,True
1,CC(C)C(C=O)C1=CC=CC=C1,"InChI=1S/C11H14O/c1-9(2)11(8-12)10-6-4-3-5-7-10/h3-9,11H,1-2H3",UKEXEDXJYSMZGZ-UHFFFAOYSA-N,True
1,CC(=O)C(C)=CC1=C(C)CCCC1(C)C,"InChI=1S/C14H22O/c1-10-7-6-8-14(4,5)13(10)9-11(2)12(3)15/h9H,6-8H2,1-5H3",NSSHGPBKKVJJMM-UHFFFAOYSA-N,True
1,CC(=O)OC=CC1=CC=CC=C1,"InChI=1S/C10H10O2/c1-9(11)12-8-7-10-5-3-2-4-6-10/h2-8H,1H3",FMFHUEMLVAIBFI-UHFFFAOYSA-N,True
1,CC(=S)OC(C)(C)C1CCC(C)CC1=O,"InChI=1S/C12H20O2S/c1-8-5-6-10(11(13)7-8)12(3,4)14-9(2)15/h8,10H,5-7H2,1-4H3",ICHFAYSVCHABJK-UHFFFAOYSA-N,True
1,CC(C)=CCCC(C)CCOC(=O)C(C)O,"InChI=1S/C13H24O3/c1-10(2)6-5-7-11(3)8-9-16-13(15)12(4)14/h6,11-12,14H,5,7-9H2,1-4H3",YTDFICAIKNPZRO-UHFFFAOYSA-N,True
1,CCC=CCCCC(=O)O,"InChI=1S/C8H14O2/c1-2-3-4-5-6-7-8(9)10/h3-4H,2,5-7H2,1H3,(H,9,10)",RRGOKSYVAZDNKR-UHFFFAOYSA-N,True
1,CCC=CCCC(OCC)OCC,"InChI=1S/C11H22O2/c1-4-7-8-9-10-11(12-5-2)13-6-3/h7-8,11H,4-6,9-10H2,1-3H3",BOALWZNGHWYCRG-UHFFFAOYSA-N,True
1,CCCC(=O)OC1C=CC2C3CCC(C3)C12,"InChI=1S/C14H20O2/c1-2-3-13(15)16-12-7-6-11-9-4-5-10(8-9)14(11)12/h6-7,9-12,14H,2-5,8H2,1H3",KLEHDRXJJZQKPQ-UHFFFAOYSA-N,True
1,CC(C)C1CCC(C)C23CCC(C)(O)C2C13,"InChI=1S/C15H26O/c1-9(2)11-6-5-10(3)15-8-7-14(4,16)13(15)12(11)15/h9-13,16H,5-8H2,1-4H3",KONGRWVLXLWGDV-UHFFFAOYSA-N,True
1,CCC=CCCC1(C)CCC(=O)O1,"InChI=1S/C11H18O2/c1-3-4-5-6-8-11(2)9-7-10(12)13-11/h4-5H,3,6-9H2,1-2H3",NIKDJTTZUYNCMM-UHFFFAOYSA-N,True
1,CCC=CCOC(=O)CCCCC,"InChI=1S/C11H20O2/c1-3-5-7-9-11(12)13-10-8-6-4-2/h6,8H,3-5,7,9-10H2,1-2H3",ZZFNQLFGNVPSOG-UHFFFAOYSA-N,True
0,O=C([O-])C1=CC=CC=C1,"InChI=1S/C7H6O2/c8-7(9)6-4-2-1-3-5-6/h1-5H,(H,8,9)/p-1",WPYMKLBDIGXBTP-UHFFFAOYSA-M,True
0,O=C(O)CCCC(=O)O,"InChI=1S/C5H8O4/c6-4(7)2-1-3-5(8)9/h1-3H2,(H,6,7)(H,8,9)",JFCQEDHGNNZCLN-UHFFFAOYSA-N,True
1,CCCCCCCCC=CCCCCCCCC(=O)O,"InChI=1S/C18H34O2/c1-2-3-4-5-6-7-8-9-10-11-12-13-14-15-16-17-18(19)20/h9-10H,2-8,11-17H2,1H3,(H,19,20)",ZQPPMHVWECSIRJ-UHFFFAOYSA-N,True
0,FC(F)(F)C(F)(F)Cl,"InChI=1S/C2ClF5/c3-1(4,5)2(6,7)8",RFCAUADVODFSLZ-UHFFFAOYSA-N,True
1,CN1C=CC=C1C=O,"InChI=1S/C6H7NO/c1-7-4-2-3-6(7)5-8/h2-5H,1H3",OUKQTRFCDKSEPL-UHFFFAOYSA-N,True
0,OCC(O)C(O)C(O)C(O)COC1OC(CO)C(O)C(O)C1O,"InChI=1S/C12H24O11/c13-1-4(15)7(17)8(18)5(16)3-22-12-11(21)10(20)9(19)6(2-14)23-12/h4-21H,1-3H2",SERLAGPUMNYUCK-UHFFFAOYSA-N,True
0,OCC1(O)OCC(O)C(O)C1O,"InChI=1S/C6H12O6/c7-2-6(11)5(10)4(9)3(8)1-12-6/h3-5,7-11H,1-2H2",LKDRXBCSQODPBY-UHFFFAOYSA-N,True
1,C=CCCN=C=S,"InChI=1S/C5H7NS/c1-2-3-4-6-5-7/h2H,1,3-4H2",SKIHGKNFJKJXPX-UHFFFAOYSA-N,True
0,O=C1C=CC2=C(O)C3=C(C=C2O1)OC=C3,"InChI=1S/C11H6O4/c12-10-2-1-6-9(15-10)5-8-7(11(6)13)3-4-14-8/h1-5,13H",GIJHDGJRTUSBJR-UHFFFAOYSA-N,True
1,CC(=O)C1(C)CCC23CC1C(C)(C)C2CCC3C,"InChI=1S/C17H28O/c1-11-6-7-13-15(3,4)14-10-17(11,13)9-8-16(14,5)12(2)18/h11,13-14H,6-10H2,1-5H3",ZSPIIBJQRZLFHP-UHFFFAOYSA-N,True
0,CC(=O)OC1=C2OC3C(OC(C)=O)C=CC4C5CC(=C2C43CCN5C)C=C1,"InChI=1S/C21H23NO5/c1-11(23)25-16-6-4-13-10-15-14-5-7-17(26-12(2)24)20-21(14,8-9-22(15)3)18(13)19(16)27-20/h4-7,14-15,17,20H,8-10H2,1-3H3",GVGLGOZIDCSQPN-UHFFFAOYSA-N,True
1,CC1=C(CCOC=O)SC=N1,"InChI=1S/C7H9NO2S/c1-6-7(11-4-8-6)2-3-10-5-9/h4-5H,2-3H2,1H3",MONFGMLYTMEKTC-UHFFFAOYSA-N,True
0,OCC(O)C(O)CO,"InChI=1S/C4H10O4/c5-1-3(7)4(8)2-6/h3-8H,1-2H2",UNXHWFMMPAWVPI-UHFFFAOYSA-N,True
1,C=C(C)C1C=C2C(C)CCC2C(C)CC1,"InChI=1S/C15H24/c1-10(2)13-7-5-11(3)14-8-6-12(4)15(14)9-13/h9,11-14H,1,5-8H2,2-4H3",DUYRYUZIBGFLDD-UHFFFAOYSA-N,True
1,C=C(C)C=CC1CC(C)CO1,"InChI=1S/C10H16O/c1-8(2)4-5-10-6-9(3)7-11-10/h4-5,9-10H,1,6-7H2,2-3H3",SULWOTZUSYCRIP-UHFFFAOYSA-N,True
0,C#CCOC(=O)C(C)OC1=CC=C(OC2=NC=C(Cl)C=C2F)C=C1,"InChI=1S/C17H13ClFNO4/c1-3-8-22-17(21)11(2)23-13-4-6-14(7-5-13)24-16-15(19)9-12(18)10-20-16/h1,4-7,9-11H,8H2,2H3",JBDHZKLJNAIJNC-UHFFFAOYSA-N,True
1,CCCCC=CCCCC1CCCC(=O)O1,"InChI=1S/C14H24O2/c1-2-3-4-5-6-7-8-10-13-11-9-12-14(15)16-13/h5-6,13H,2-4,7-12H2,1H3",JAJFALMXCYETOU-UHFFFAOYSA-N,True
1,CC(=O)OC=C(C)C1=CC=CC=C1,"InChI=1S/C11H12O2/c1-9(8-13-10(2)12)11-6-4-3-5-7-11/h3-8H,1-2H3",CLCGEEANBAUENX-UHFFFAOYSA-N,True
0,COC1=CC=CC(CC(CS(=O)(=O)[O-])OC2=C(OC)C=C(CCCS(=O)(=O)[O-])C=C2)=C1O,"InChI=1S/C20H26O10S2/c1-28-18-7-3-6-15(20(18)21)12-16(13-32(25,26)27)30-17-9-8-14(11-19(17)29-2)5-4-10-31(22,23)24/h3,6-9,11,16,21H,4-5,10,12-13H2,1-2H3,(H,22,23,24)(H,25,26,27)/p-2",FOGYNLXERPKEGN-UHFFFAOYSA-L,True
1,CCCC=CCOC(=O)C1=CC=CC=C1O,"InChI=1S/C13H16O3/c1-2-3-4-7-10-16-13(15)11-8-5-6-9-12(11)14/h4-9,14H,2-3,10H2,1H3",DLWPCXLFHSLSMZ-UHFFFAOYSA-N,True
1,CC(O)C(C)O,"InChI=1S/C4H10O2/c1-3(5)4(2)6/h3-6H,1-2H3",OWBTYPJTUOEWEK-UHFFFAOYSA-N,True
1,C=CCCCCN=C=S,"InChI=1S/C7H11NS/c1-2-3-4-5-6-8-7-9/h2H,1,3-6H2",WRFHVMFZOJHYGN-UHFFFAOYSA-N,True
1,CCCCC1OC(=O)C2=CCCCC21,"InChI=1S/C12H18O2/c1-2-3-8-11-9-6-4-5-7-10(9)12(13)14-11/h7,9,11H,2-6,8H2,1H3",UPJFTVFLSIQQAV-UHFFFAOYSA-N,True
0,CC12CCC(=O)C=C1CCC1C2CCC2(C)C(O)CCC12,"InChI=1S/C19H28O2/c1-18-9-7-13(20)11-12(18)3-4-14-15-5-6-17(21)19(15,2)10-8-16(14)18/h11,14-17,21H,3-10H2,1-2H3",MUMGGOZAMZWBJJ-UHFFFAOYSA-N,True
1,CC=C(C)C(=O)OCC,"InChI=1S/C7H12O2/c1-4-6(3)7(8)9-5-2/h4H,5H2,1-3H3",OAPHLAAOJMTMLY-UHFFFAOYSA-N,True
1,CC(=O)C1CC=CCCCC1,"InChI=1S/C10H16O/c1-9(11)10-7-5-3-2-4-6-8-10/h3,5,10H,2,4,6-8H2,1H3",OTAKUJWURRXKOW-UHFFFAOYSA-N,True
1,CCCC=CCCC(C)=O,"InChI=1S/C9H16O/c1-3-4-5-6-7-8-9(2)10/h5-6H,3-4,7-8H2,1-2H3",RXFZCBZCGBDPDT-UHFFFAOYSA-N,True
1,CCOC(=O)CNC(=O)C1CC(C)CCC1C(C)C,"InChI=1S/C15H27NO3/c1-5-19-14(17)9-16-15(18)13-8-11(4)6-7-12(13)10(2)3/h10-13H,5-9H2,1-4H3,(H,16,18)",GWRCTWAPTXBPHW-UHFFFAOYSA-N,True
1,CCCCCCCCCC=CCOC(C)=O,"InChI=1S/C14H26O2/c1-3-4-5-6-7-8-9-10-11-12-13-16-14(2)15/h11-12H,3-10,13H2,1-2H3",AMIUTTABDVIFDZ-UHFFFAOYSA-N,True
1,CC1CCC(C(C)C)C(OC(=O)CCC(=O)N(C)C)C1,"InChI=1S/C16H29NO3/c1-11(2)13-7-6-12(3)10-14(13)20-16(19)9-8-15(18)17(4)5/h11-14H,6-10H2,1-5H3",MKWSZTVOJKTLPX-UHFFFAOYSA-N,True
1,CCCCCCCCC=CCCCCCCCCCCCCC,"InChI=1S/C23H46/c1-3-5-7-9-11-13-15-17-19-21-23-22-20-18-16-14-12-10-8-6-4-2/h17,19H,3-16,18,20-23H2,1-2H3",IGOWHGRNPLFNDJ-UHFFFAOYSA-N,True
1,CC(C)=CCCC(C)=CCCC=O,"InChI=1S/C12H20O/c1-11(2)7-6-9-12(3)8-4-5-10-13/h7-8,10H,4-6,9H2,1-3H3",MMLYERLRGHVBEK-UHFFFAOYSA-N,True
1,C=CC1(C)CCC(C(=C)C)CC1C(=C)C,"InChI=1S/C15H24/c1-7-15(6)9-8-13(11(2)3)10-14(15)12(4)5/h7,13-14H,1-2,4,8-10H2,3,5-6H3",OPFTUNCRGUEPRZ-UHFFFAOYSA-N,True
1,C=C(C)C1CCC(C)=C(OO)C1,"InChI=1S/C10H16O2/c1-7(2)9-5-4-8(3)10(6-9)12-11/h9,11H,1,4-6H2,2-3H3",DFRLEMOBFUQIEQ-UHFFFAOYSA-N,True
1,CC1CCC(C(C)C)C(OC(=O)C(C)O)C1,"InChI=1S/C13H24O3/c1-8(2)11-6-5-9(3)7-12(11)16-13(15)10(4)14/h8-12,14H,5-7H2,1-4H3",UJNOLBSYLSYIBM-UHFFFAOYSA-N,True
1,CC1=CCC2C3CC(C(O)C3C)C12,"InChI=1S/C12H18O/c1-6-3-4-8-9-5-10(11(6)8)12(13)7(9)2/h3,7-13H,4-5H2,1-2H3",JPUCFBUQBMPIGY-UHFFFAOYSA-N,True
1,CC1CC=CCCCCCCCCC(=O)C1,"InChI=1S/C15H26O/c1-14-11-9-7-5-3-2-4-6-8-10-12-15(16)13-14/h7,9,14H,2-6,8,10-13H2,1H3",ZFGBKXBPHOUSJX-UHFFFAOYSA-N,True
1,C=CCC=CCCC(=O)OC,"InChI=1S/C9H14O2/c1-3-4-5-6-7-8-9(10)11-2/h3,5-6H,1,4,7-8H2,2H3",WUNJOFRDOLDAOY-UHFFFAOYSA-N,True
1,C=CC(C)=CCCC(=C)C,"InChI=1S/C10H16/c1-5-10(4)8-6-7-9(2)3/h5,8H,1-2,6-7H2,3-4H3",XJPBRODHZKDRCB-UHFFFAOYSA-N,True
0,CC(O)C(=O)NC1=C(I)C(C(=O)NC(CO)CO)=C(I)C(C(=O)NC(CO)CO)=C1I,"InChI=1S/C17H22I3N3O8/c1-6(28)15(29)23-14-12(19)9(16(30)21-7(2-24)3-25)11(18)10(13(14)20)17(31)22-8(4-26)5-27/h6-8,24-28H,2-5H2,1H3,(H,21,30)(H,22,31)(H,23,29)",XQZXYNRDCRIARQ-UHFFFAOYSA-N,True
1,CCCCC=CC1OC(=O)CC1C,"InChI=1S/C11H18O2/c1-3-4-5-6-7-10-9(2)8-11(12)13-10/h6-7,9-10H,3-5,8H2,1-2H3",BYIRFTDMZHFGOJ-UHFFFAOYSA-N,True
1,CC(=O)C(C)=C(C)C(C)C(C)(C)C,"InChI=1S/C12H22O/c1-8(9(2)11(4)13)10(3)12(5,6)7/h10H,1-7H3",IXIYWQIFBRZMNR-UHFFFAOYSA-N,True
1,CC1CCC2C(C)COC(=O)C2C1,"InChI=1S/C11H18O2/c1-7-3-4-9-8(2)6-13-11(12)10(9)5-7/h7-10H,3-6H2,1-2H3",BKHNAQFDRGQBCM-UHFFFAOYSA-N,True
1,CCC(C=O)=CC1=CC=CC=C1,"InChI=1S/C11H12O/c1-2-10(9-12)8-11-6-4-3-5-7-11/h3-9H,2H2,1H3",BOCRJYUZWIOMOJ-UHFFFAOYSA-N,True
1,CCCC=CC1OCC(C)O1,"InChI=1S/C9H16O2/c1-3-4-5-6-9-10-7-8(2)11-9/h5-6,8-9H,3-4,7H2,1-2H3",WMWBRDXHCMVBJG-UHFFFAOYSA-N,True
1,CCCCCC1OC(=O)C(C)=C1C,"InChI=1S/C11H18O2/c1-4-5-6-7-10-8(2)9(3)11(12)13-10/h10H,4-7H2,1-3H3",LRKURLXWGJNWOJ-UHFFFAOYSA-N,True
1,CCCCCCCCOC(=O)CC(=O)OCCCCCCCC,"InChI=1S/C19H36O4/c1-3-5-7-9-11-13-15-22-18(20)17-19(21)23-16-14-12-10-8-6-4-2/h3-17H2,1-2H3",DTVMXQFQTCJMOR-UHFFFAOYSA-N,True
1,CCCC(C)CC=O,"InChI=1S/C7H14O/c1-3-4-7(2)5-6-8/h6-7H,3-5H2,1-2H3",ZSJUABCTGCNBPF-UHFFFAOYSA-N,True
0,CC12C=CC(=O)C=C1CCC1C2C(=O)CC2(C)C1CCC2(O)C(=O)CO,"InChI=1S/C21H26O5/c1-19-7-5-13(23)9-12(19)3-4-14-15-6-8-21(26,17(25)11-22)20(15,2)10-16(24)18(14)19/h5,7,9,14-15,18,22,26H,3-4,6,8,10-11H2,1-2H3",XOFYZVNMUHMLCC-UHFFFAOYSA-N,True
0,O=C([O-])CN(CCN(CC(=O)[O-])CC(=O)[O-])CC(=O)[O-],"InChI=1S/C10H16N2O8/c13-7(14)3-11(4-8(15)16)1-2-12(5-9(17)18)6-10(19)20/h1-6H2,(H,13,14)(H,15,16)(H,17,18)(H,19,20)/p-4",KCXVZYZYPLLWCC-UHFFFAOYSA-J,True
0,COC(CC(C)CCC=C(C)C)OC,"InChI=1S/C12H24O2/c1-10(2)7-6-8-11(3)9-12(13-4)14-5/h7,11-12H,6,8-9H2,1-5H3",SEXUFKWNUNQRSS-UHFFFAOYSA-N,True
1,CCC=CCCOC(C)OCCC=CCC,"InChI=1S/C14H26O2/c1-4-6-8-10-12-15-14(3)16-13-11-9-7-5-2/h6-9,14H,4-5,10-13H2,1-3H3",KCPFRJBAXWUXIG-UHFFFAOYSA-N,True
1,CC(C)C=CC(=O)O,"InChI=1S/C6H10O2/c1-5(2)3-4-6(7)8/h3-5H,1-2H3,(H,7,8)",QAOXMQCWUWZZNC-UHFFFAOYSA-N,True
0,O=C1C(OC2OC(CO)C(O)C(O)C2O)=C(C2=CC(O)=C(O)C=C2)OC2=CC(O)=CC(O)=C12,"InChI=1S/C21H20O12/c22-6-13-15(27)17(29)18(30)21(32-13)33-20-16(28)14-11(26)4-8(23)5-12(14)31-19(20)7-1-2-9(24)10(25)3-7/h1-5,13,15,17-18,21-27,29-30H,6H2",OVSQVDMCBVZWGM-UHFFFAOYSA-N,True
1,CCOC(OCC)C1CC2CC1C1C=CCC21,"InChI=1S/C15H24O2/c1-3-16-15(17-4-2)14-9-10-8-13(14)12-7-5-6-11(10)12/h5,7,10-15H,3-4,6,8-9H2,1-2H3",NFJHOPJJPMLCRF-UHFFFAOYSA-N,True
1,CCC=CCCOC(=O)C(C)=CCC,"InChI=1S/C12H20O2/c1-4-6-7-8-10-14-12(13)11(3)9-5-2/h6-7,9H,4-5,8,10H2,1-3H3",RTISFZCHFHFOOK-UHFFFAOYSA-N,True
0,CCCCCCCCCCCCCCCC(=O)OCC1OC(OCC2OC(OC3C(CO)OC(O)C(O)C3O)C(O)C(O)C2O)C(O)C(O)C1OC1OC(CO)C(O)C(O)C1O,"InChI=1S/C40H72O22/c1-2-3-4-5-6-7-8-9-10-11-12-13-14-15-24(43)55-19-23-36(62-39-32(51)27(46)25(44)20(16-41)58-39)30(49)34(53)38(60-23)56-18-22-26(45)28(47)33(52)40(59-22)61-35-21(17-42)57-37(54)31(50)29(35)48/h20-23,25-42,44-54H,2-19H2,1H3",CRBPUTPGJMOLKF-UHFFFAOYSA-N,True
1,C=C(C)C1CCC(C)(O)C(O)C1,"InChI=1S/C10H18O2/c1-7(2)8-4-5-10(3,12)9(11)6-8/h8-9,11-12H,1,4-6H2,2-3H3",WKZWTZTZWGWEGE-UHFFFAOYSA-N,True
1,CCCCCCC=CC#N,"InChI=1S/C9H15N/c1-2-3-4-5-6-7-8-9-10/h7-8H,2-6H2,1H3",WOVJAWMZNOWDII-UHFFFAOYSA-N,True
1,CC(C)=CCCC(C)=CCOC(=O)C=CC1=CC=CC=C1,"InChI=1S/C19H24O2/c1-16(2)8-7-9-17(3)14-15-21-19(20)13-12-18-10-5-4-6-11-18/h4-6,8,10-14H,7,9,15H2,1-3H3",JCWXWRIQSPDSKY-UHFFFAOYSA-N,True
1,CC1=CCC23CC1C(C)(C)C2CCC3C,"InChI=1S/C15H24/c1-10-7-8-15-9-12(10)14(3,4)13(15)6-5-11(15)2/h7,11-13H,5-6,8-9H2,1-4H3",IRAQOCYXUMOFCW-UHFFFAOYSA-N,True
0,CC(C)(C)NCC(O)COC1=CC=CC2=C1CC(O)C(O)C2,"InChI=1S/C17H27NO4/c1-17(2,3)18-9-12(19)10-22-16-6-4-5-11-7-14(20)15(21)8-13(11)16/h4-6,12,14-15,18-21H,7-10H2,1-3H3",VWPOSFSPZNDTMJ-UHFFFAOYSA-N,True
1,CCCCCC(=S)OCC,"InChI=1S/C8H16OS/c1-3-5-6-7-8(10)9-4-2/h3-7H2,1-2H3",NOVVNMZMNDCXRJ-UHFFFAOYSA-N,True
0,O=C([O-])C(O)C(O)C(=O)[O-],"InChI=1S/C4H6O6/c5-1(3(7)8)2(6)4(9)10/h1-2,5-6H,(H,7,8)(H,9,10)/p-2",FEWJPZIEWOKRBE-UHFFFAOYSA-L,True
1,C=C1C(=O)OC2C1CCC(=C)C1CCC(=C)C12,"InChI=1S/C15H18O2/c1-8-4-7-12-10(3)15(16)17-14(12)13-9(2)5-6-11(8)13/h11-14H,1-7H2",NETSQGRTUNRXEO-UHFFFAOYSA-N,True
1,CC(C)=CCCC(C)=CCOC(=O)CC(C)C,"InChI=1S/C15H26O2/c1-12(2)7-6-8-14(5)9-10-17-15(16)11-13(3)4/h7,9,13H,6,8,10-11H2,1-5H3",SOUKTGNMIRUIQN-UHFFFAOYSA-N,True
1,CCCC(C)(S)CCO,"InChI=1S/C7H16OS/c1-3-4-7(2,9)5-6-8/h8-9H,3-6H2,1-2H3",PSALIMFZUGITJC-UHFFFAOYSA-N,True
1,CC(C)CC(=O)OC1CC2CCC1(C)C2(C)C,"InChI=1S/C15H26O2/c1-10(2)8-13(16)17-12-9-11-6-7-15(12,5)14(11,3)4/h10-12H,6-9H2,1-5H3",MPYYVGIJHREDBO-UHFFFAOYSA-N,True
0,COC1C(O)C(CO)OC(OC2C3COC2C(O)C(C)O3)C1O,"InChI=1S/C14H24O9/c1-5-8(16)13-11(7(21-5)4-20-13)23-14-10(18)12(19-2)9(17)6(3-15)22-14/h5-18H,3-4H2,1-2H3",GYYDPBCUIJTIBM-UHFFFAOYSA-N,True
1,CCCCCCCCCCCCCCCCCC=O,"InChI=1S/C18H36O/c1-2-3-4-5-6-7-8-9-10-11-12-13-14-15-16-17-18-19/h18H,2-17H2,1H3",FWWQKRXKHIRPJY-UHFFFAOYSA-N,True
1,CCC1SC(CC(C)C)N=C1C,"InChI=1S/C10H19NS/c1-5-9-8(4)11-10(12-9)6-7(2)3/h7,9-10H,5-6H2,1-4H3",KQXISUWXTVZWDG-UHFFFAOYSA-N,True
0,CC1(C)SC2C(NC(=O)COC3=CC=CC=C3)C(=O)N2C1C(=O)[O-],"InChI=1S/C16H18N2O5S/c1-16(2)12(15(21)22)18-13(20)11(14(18)24-16)17-10(19)8-23-9-6-4-3-5-7-9/h3-7,11-12,14H,8H2,1-2H3,(H,17,19)(H,21,22)/p-1",BPLBGHOLXOTWMN-UHFFFAOYSA-M,True
1,CC1=CCC(C=CC(C)C(C)O)C1(C)C,"InChI=1S/C14H24O/c1-10(12(3)15)6-8-13-9-7-11(2)14(13,4)5/h6-8,10,12-13,15H,9H2,1-5H3",RNLHVODSMDJCBR-UHFFFAOYSA-N,True
1,CC1=CCCC2(C)OC2CCC(C)=CCC1,"InChI=1S/C15H24O/c1-12-6-4-7-13(2)9-10-14-15(3,16-14)11-5-8-12/h7-8,14H,4-6,9-11H2,1-3H3",PAZWFUGWOAQBJJ-UHFFFAOYSA-N,True
1,C=C(C)CCCC(C)=CCC(C)C=O,"InChI=1S/C13H22O/c1-11(2)6-5-7-12(3)8-9-13(4)10-14/h8,10,13H,1,5-7,9H2,2-4H3",MINJGYRWHNAENM-UHFFFAOYSA-N,True
1,CCCCCCCC(=O)CCCC(=O)O,"InChI=1S/C12H22O3/c1-2-3-4-5-6-8-11(13)9-7-10-12(14)15/h2-10H2,1H3,(H,14,15)",WTQMFERWXACENH-UHFFFAOYSA-N,True
0,CCOC(=O)CC(CC(=O)OCC)(OC(C)=O)C(=O)OCC,"InChI=1S/C14H22O8/c1-5-19-11(16)8-14(22-10(4)15,13(18)21-7-3)9-12(17)20-6-2/h5-9H2,1-4H3",WEAPVABOECTMGR-UHFFFAOYSA-N,True
1,CCCCCC1OC1C=CC=O,"InChI=1S/C10H16O2/c1-2-3-4-6-9-10(12-9)7-5-8-11/h5,7-10H,2-4,6H2,1H3",HIOMEXREAUSUBP-UHFFFAOYSA-N,True
1,CC12CCCC(O)(C1)C1CC(C)(C)C1CC2,"InChI=1S/C15H26O/c1-13(2)9-12-11(13)5-8-14(3)6-4-7-15(12,16)10-14/h11-12,16H,4-10H2,1-3H3",FUQAYSQLAOJBBC-UHFFFAOYSA-N,True
1,C=C1CCC=C(C)CCC2C1CC2(C)C,"InChI=1S/C15H24/c1-11-6-5-7-12(2)13-10-15(3,4)14(13)9-8-11/h6,13-14H,2,5,7-10H2,1,3-4H3",NPNUFJAVOOONJE-UHFFFAOYSA-N,True
1,CC1=CCC2(C)CCC(C(C)C)C2(O)CC1,"InChI=1S/C15H26O/c1-11(2)13-7-9-14(4)8-5-12(3)6-10-15(13,14)16/h5,11,13,16H,6-10H2,1-4H3",XZYQCFABZDVOPN-UHFFFAOYSA-N,True
1,CC(=O)C1=C(C)C2=CC=CC=C2O1,"InChI=1S/C11H10O2/c1-7-9-5-3-4-6-10(9)13-11(7)8(2)12/h3-6H,1-2H3",MTNZPWYMBRSDTL-UHFFFAOYSA-N,True
0,CN=C(NCC1CCOC1)N[N+](=O)[O-],"InChI=1S/C7H14N4O3/c1-8-7(10-11(12)13)9-4-6-2-3-14-5-6/h6H,2-5H2,1H3,(H2,8,9,10)",YKBZOVFACRVRJN-UHFFFAOYSA-N,True
1,CCC=CCCOC(=O)OC,"InChI=1S/C8H14O3/c1-3-4-5-6-7-11-8(9)10-2/h4-5H,3,6-7H2,1-2H3",BLOXMGXSDAAJGX-UHFFFAOYSA-N,True
1,CC(C)=CCCC(C)=CCNC(=O)C1CC1,"InChI=1S/C14H23NO/c1-11(2)5-4-6-12(3)9-10-15-14(16)13-7-8-13/h5,9,13H,4,6-8,10H2,1-3H3,(H,15,16)",UKNMSFRSBQONET-UHFFFAOYSA-N,True
1,CC(C)C(=O)OC1CC2CC1C1C=CCC21,"InChI=1S/C14H20O2/c1-8(2)14(15)16-13-7-9-6-12(13)11-5-3-4-10(9)11/h3,5,8-13H,4,6-7H2,1-2H3",QNEXACLQEWOALO-UHFFFAOYSA-N,True
1,C1SCSS1,InChI=1S/C2H4S3/c1-3-2-5-4-1/h1-2H2,QHGFEUAAQKJXDI-UHFFFAOYSA-N,True
0,C=C1CCC(O)CC1=CC=C1CCCC2(C)C1CCC2C(C)CCCC(C)C,"InChI=1S/C27H44O/c1-19(2)8-6-9-21(4)25-15-16-26-22(10-7-17-27(25,26)5)12-13-23-18-24(28)14-11-20(23)3/h12-13,19,21,24-26,28H,3,6-11,14-18H2,1-2,4-5H3",QYSXJUFSXHHAJI-UHFFFAOYSA-N,True
1,CCC(C)CC1=CN=C(C)C(C)=N1,"InChI=1S/C11H18N2/c1-5-8(2)6-11-7-12-9(3)10(4)13-11/h7-8H,5-6H2,1-4H3",QJQUDEDFDDMKGC-UHFFFAOYSA-N,True
1,CC1CCC(C(C)C)C(OC(=O)C2CCC(=O)N2)C1,"InChI=1S/C15H25NO3/c1-9(2)11-5-4-10(3)8-13(11)19-15(18)12-6-7-14(17)16-12/h9-13H,4-8H2,1-3H3,(H,16,17)",SLHPMAOXNSLXEH-UHFFFAOYSA-N,True
1,CCCCCCC(C=NC1=CC=CC=C1C(=O)OC)=CC1=CC=CC=C1,"InChI=1S/C23H27NO2/c1-3-4-5-7-14-20(17-19-12-8-6-9-13-19)18-24-22-16-11-10-15-21(22)23(25)26-2/h6,8-13,15-18H,3-5,7,14H2,1-2H3",XTFDJRLNMKZPCR-UHFFFAOYSA-N,True
1,CC1OCCC12SC1CCOC1(C)S2,"InChI=1S/C10H16O2S2/c1-7-10(4-6-11-7)13-8-3-5-12-9(8,2)14-10/h7-8H,3-6H2,1-2H3",LGPJANFPSFABDB-UHFFFAOYSA-N,True
0,CC1CCC(C(C)C)C(OCCO)C1,"InChI=1S/C12H24O2/c1-9(2)11-5-4-10(3)8-12(11)14-7-6-13/h9-13H,4-8H2,1-3H3",FVBGFZNFXUIHNC-UHFFFAOYSA-N,True
0,CCC(=O)[O-],"InChI=1S/C3H6O2/c1-2-3(4)5/h2H2,1H3,(H,4,5)/p-1",XBDQKXXYIPTUBI-UHFFFAOYSA-M,True
0,O=C([O-])C1OC(O)C(O)C(O)C1O,"InChI=1S/C6H10O7/c7-1-2(8)4(5(10)11)13-6(12)3(1)9/h1-4,6-9,12H,(H,10,11)/p-1",AEMOLEFTQBMNLQ-UHFFFAOYSA-M,True
0,COC1=CC(C(O)C(C)N)=C(OC)C=C1,"InChI=1S/C11H17NO3/c1-7(12)11(13)9-6-8(14-2)4-5-10(9)15-3/h4-7,11,13H,12H2,1-3H3",WJAJPNHVVFWKKL-UHFFFAOYSA-N,True
0,CC[N+]1=C2C=C(N)C=CC2=C2C=CC(N)=CC2=C1C1=CC=CC=C1,"InChI=1S/C21H19N3/c1-2-24-20-13-16(23)9-11-18(20)17-10-8-15(22)12-19(17)21(24)14-6-4-3-5-7-14/h3-13,23H,2,22H2,1H3/p+1",QTANTQQOYSUMLC-UHFFFAOYSA-O,True
1,CC1=CC=CC(C)(C)C12CC(=O)C(C)O2,"InChI=1S/C13H18O2/c1-9-6-5-7-12(3,4)13(9)8-11(14)10(2)15-13/h5-7,10H,8H2,1-4H3",XGVYEIAYIQAWHE-UHFFFAOYSA-N,True
1,CSCC(C=O)=CCC(C)C,"InChI=1S/C9H16OS/c1-8(2)4-5-9(6-10)7-11-3/h5-6,8H,4,7H2,1-3H3",FHZUYUPNOHOVIC-UHFFFAOYSA-N,True
1,O=C(O)C=CC1=CC=C(O)C=C1,"InChI=1S/C9H8O3/c10-8-4-1-7(2-5-8)3-6-9(11)12/h1-6,10H,(H,11,12)",NGSWKAQJJWESNS-UHFFFAOYSA-N,True
1,CCC(C=CC1=C(C)CCCC1(C)C)OC(C)=O,"InChI=1S/C16H26O2/c1-6-14(18-13(3)17)9-10-15-12(2)8-7-11-16(15,4)5/h9-10,14H,6-8,11H2,1-5H3",ZFLGHRQDYOPHNY-UHFFFAOYSA-N,True
1,CC(=O)C=C1CCC2C13CCC(C)C(C3)C2(C)C,"InChI=1S/C17H26O/c1-11-7-8-17-10-14(11)16(3,4)15(17)6-5-13(17)9-12(2)18/h9,11,14-15H,5-8,10H2,1-4H3",WXETUDXXEZHSCS-UHFFFAOYSA-N,True
1,CCCCCCCCC=CCCCCCCCCO,"InChI=1S/C18H36O/c1-2-3-4-5-6-7-8-9-10-11-12-13-14-15-16-17-18-19/h9-10,19H,2-8,11-18H2,1H3",ALSTYHKOOCGGFT-UHFFFAOYSA-N,True
1,CC(C)=CCCC(C)=CCCC(C)C=O,"InChI=1S/C14H24O/c1-12(2)7-5-8-13(3)9-6-10-14(4)11-15/h7,9,11,14H,5-6,8,10H2,1-4H3",ZXGMEZJVBHJYEQ-UHFFFAOYSA-N,True
1,CC(=O)C1=C(C)C2CC3(C1)C(C)CCC3C2(C)C,"InChI=1S/C17H26O/c1-10-6-7-15-16(4,5)14-9-17(10,15)8-13(11(14)2)12(3)18/h10,14-15H,6-9H2,1-5H3",YBUIAJZFOGJGLJ-UHFFFAOYSA-N,True
1,CC(C)=CCCC1(C)C2CC=C(C)C1C2,"InChI=1S/C15H24/c1-11(2)6-5-9-15(4)13-8-7-12(3)14(15)10-13/h6-7,13-14H,5,8-10H2,1-4H3",YMBFCQPIMVLNIU-UHFFFAOYSA-N,True
1,CC1=CC(=O)C(=C(C)C)CC1,"InChI=1S/C10H14O/c1-7(2)9-5-4-8(3)6-10(9)11/h6H,4-5H2,1-3H3",HKZQJZIFODOLFR-UHFFFAOYSA-N,True
0,O=C(O)C1CCCN1,"InChI=1S/C5H9NO2/c7-5(8)4-2-1-3-6-4/h4,6H,1-3H2,(H,7,8)",ONIBWKKTOPOVIA-UHFFFAOYSA-N,True
1,CC(C)=CCCC(C)=CCOC=O,"InChI=1S/C11H18O2/c1-10(2)5-4-6-11(3)7-8-13-9-12/h5,7,9H,4,6,8H2,1-3H3",FQMZVFJYMPNUCT-UHFFFAOYSA-N,True
1,CCCC=CCCC(=O)OC,"InChI=1S/C9H16O2/c1-3-4-5-6-7-8-9(10)11-2/h5-6H,3-4,7-8H2,1-2H3",SSPBQLGVUAXSMH-UHFFFAOYSA-N,True
1,CCC=CCCCCOC(=O)CC,"InChI=1S/C11H20O2/c1-3-5-6-7-8-9-10-13-11(12)4-2/h5-6H,3-4,7-10H2,1-2H3",LWYSNOFRZXMWJC-UHFFFAOYSA-N,True
1,CCC=C(C)C(O)CCCCC,"InChI=1S/C11H22O/c1-4-6-7-9-11(12)10(3)8-5-2/h8,11-12H,4-7,9H2,1-3H3",WSTQLNQRVZNEDV-UHFFFAOYSA-N,True
0,NC1=NC(=O)C2=C(N1)N(C1OC(COP(=O)(O)O)C(O)C1O)C=N2,"InChI=1S/C10H14N5O8P/c11-10-13-7-4(8(18)14-10)12-2-15(7)9-6(17)5(16)3(23-9)1-22-24(19,20)21/h2-3,5-6,9,16-17H,1H2,(H2,19,20,21)(H3,11,13,14,18)",RQFCJASXJCIDSX-UHFFFAOYSA-N,True
0,O=C([O-])C1C2CCC(O2)C1C(=O)[O-],"InChI=1S/C8H10O5/c9-7(10)5-3-1-2-4(13-3)6(5)8(11)12/h3-6H,1-2H2,(H,9,10)(H,11,12)/p-2",GXEKYRXVRROBEV-UHFFFAOYSA-L,True
0,CC12CCC3C4=C(C=C(O)C=C4)CCC3C1CC(O)C2O,"InChI=1S/C18H24O3/c1-18-7-6-13-12-5-3-11(19)8-10(12)2-4-14(13)15(18)9-16(20)17(18)21/h3,5,8,13-17,19-21H,2,4,6-7,9H2,1H3",PROQIPRRNZUXQM-UHFFFAOYSA-N,True
1,CCCCCC1=CCCCC1=O,"InChI=1S/C11H18O/c1-2-3-4-7-10-8-5-6-9-11(10)12/h8H,2-7,9H2,1H3",UDFUFXGJDJZSJD-UHFFFAOYSA-N,True
0,NC(=S)S,"InChI=1S/CH3NS2/c2-1(3)4/h(H3,2,3,4)",DKVNPHBNOWQYFE-UHFFFAOYSA-N,True
0,C=C1C(=O)OC2CC3(C)CCCC(=C)C3CC12,"InChI=1S/C15H20O2/c1-9-5-4-6-15(3)8-13-11(7-12(9)15)10(2)14(16)17-13/h11-13H,1-2,4-8H2,3H3",CVUANYCQTOGILD-UHFFFAOYSA-N,True
1,CCC=CCCOC(=O)C=CC1=CC=CC=C1,"InChI=1S/C15H18O2/c1-2-3-4-8-13-17-15(16)12-11-14-9-6-5-7-10-14/h3-7,9-12H,2,8,13H2,1H3",FKWGVMQNGUQXDN-UHFFFAOYSA-N,True
1,COC1=CC=C(C(=O)OCC(=O)[O-])C=C1,"InChI=1S/C10H10O5/c1-14-8-4-2-7(3-5-8)10(13)15-6-9(11)12/h2-5H,6H2,1H3,(H,11,12)/p-1",MZSAEUPZUUESSL-UHFFFAOYSA-M,True
0,N#[C][Hg][C]#N,InChI=1S/2CN.Hg/c2*1-2;,FQGYCXFLEQVDJQ-UHFFFAOYSA-N,False
0,C1CC[CH]([Sn]([CH]2CCCCC2)[CH]2CCCCC2)CC1,"InChI=1S/3C6H11.Sn/c3*1-2-4-6-5-3-1;/h3*1H,2-6H2;",RNVJQUPAEIQUTC-UHFFFAOYSA-N,False
0,C1=CC=[C]([Sn]([C]2=CC=CC=C2)[C]2=CC=CC=C2)C=C1,InChI=1S/3C6H5.Sn/c3*1-2-4-6-5-3-1;/h3*1-5H;,SBXWFLISHPUINY-UHFFFAOYSA-N,False
0,O=C1C2(Cl)C3(Cl)C4(Cl)C(Cl)(Cl)C5(Cl)C3(Cl)C1(Cl)C5(Cl)C24Cl,"InChI=1S/C10Cl10O/c11-2-1(21)3(12)6(15)4(2,13)8(17)5(2,14)7(3,16)9(6,18)10(8,19)20",LHHGDZSESBACKH-UHFFFAOYSA-N,False
0,ClC1(Cl)C2(Cl)C3(Cl)C4(Cl)C(Cl)(Cl)C5(Cl)C3(Cl)C1(Cl)C5(Cl)C24Cl,"InChI=1S/C10Cl12/c11-1-2(12)7(17)4(14)3(13,5(1,15)9(7,19)20)6(1,16)10(21,22)8(2,4)18",GVYLCNUFSHDAAW-UHFFFAOYSA-N,False
1,CC1=NC2=CC=CC=C2N=C1C,"InChI=1S/C10H10N2/c1-7-8(2)12-10-6-4-3-5-9(10)11-7/h3-6H,1-2H3",FKHNZQFCDGOQGV-UHFFFAOYSA-N,False
1,CC=C(C=O)C1=CC=CC=C1,"InChI=1S/C10H10O/c1-2-9(8-11)10-6-4-3-5-7-10/h2-8H,1H3",DYAOGZLLMZQVHY-UHFFFAOYSA-N,False
1,CC1=C(C)C2=CC=CC=C2O1,"InChI=1S/C10H10O/c1-7-8(2)11-10-6-4-3-5-9(7)10/h3-6H,1-2H3",YGBXXWTZWLALGR-UHFFFAOYSA-N,False
1,CC(=O)C=CC1=CC=CC=C1,"InChI=1S/C10H10O/c1-9(11)7-8-10-5-3-2-4-6-10/h2-8H,1H3",BWHOZHOGCMHOBV-UHFFFAOYSA-N,False
1,CC(C=O)=CC1=CC=CC=C1,"InChI=1S/C10H10O/c1-9(8-11)7-10-5-3-2-4-6-10/h2-8H,1H3",VLUMOWNVWOXZAU-UHFFFAOYSA-N,False
1,CC1=CC=C(C=CC=O)C=C1,"InChI=1S/C10H10O/c1-9-4-6-10(7-5-9)3-2-8-11/h2-8H,1H3",DKOUYOVAEBQFHU-UHFFFAOYSA-N,False
1,COC(=O)C=CC1=CC=CC=C1,"InChI=1S/C10H10O2/c1-12-10(11)8-7-9-5-3-2-4-6-9/h2-8H,1H3",CCRCUPLGCSFEDV-UHFFFAOYSA-N,False
1,COC1=CC=C(C=CC=O)C=C1,"InChI=1S/C10H10O2/c1-12-10-6-4-9(5-7-10)3-2-8-11/h2-8H,1H3",AXCXHFKZHDEKTP-UHFFFAOYSA-N,False
1,COC1=CC=CC=C1C=CC=O,"InChI=1S/C10H10O2/c1-12-10-7-3-2-5-9(10)6-4-8-11/h2-8H,1H3",KKVZAVRSVHUSPL-UHFFFAOYSA-N,False
1,C=CCC1=CC2=C(C=C1)OCO2,"InChI=1S/C10H10O2/c1-2-3-8-4-5-9-10(6-8)12-7-11-9/h2,4-6H,1,3,7H2",ZMQAAUBTXCXRIC-UHFFFAOYSA-N,False
1,CC=CC1=CC2=C(C=C1)OCO2,"InChI=1S/C10H10O2/c1-2-3-8-4-5-9-10(6-8)12-7-11-9/h2-6H,7H2,1H3",VHVOLFRBFDOUSH-UHFFFAOYSA-N,False
1,C=CCOC(=O)C1=CC=CC=C1,"InChI=1S/C10H10O2/c1-2-8-12-10(11)9-6-4-3-5-7-9/h2-7H,1,8H2",LYJHVEDILOKZCG-UHFFFAOYSA-N,False
1,CC(=O)CC(=O)C1=CC=CC=C1,"InChI=1S/C10H10O2/c1-8(11)7-10(12)9-5-3-2-4-6-9/h2-6H,7H2,1H3",CVBUKMMMRLOKQR-UHFFFAOYSA-N,False
1,C=C(OC(C)=O)C1=CC=CC=C1,"InChI=1S/C10H10O2/c1-8(12-9(2)11)10-6-4-3-5-7-10/h3-7H,1H2,2H3",HWCUCNKPBMGSSC-UHFFFAOYSA-N,False
1,O=COCC=CC1=CC=CC=C1,"InChI=1S/C10H10O2/c11-9-12-8-4-7-10-5-2-1-3-6-10/h1-7,9H,8H2",LBHJXKYRYCUGPD-UHFFFAOYSA-N,False
1,C1=COC(CSCC2=CC=CO2)=C1,"InChI=1S/C10H10O2S/c1-3-9(11-5-1)7-13-8-10-4-2-6-12-10/h1-6H,7-8H2",UYLKDZXJEKFFHJ-UHFFFAOYSA-N,False
1,C1=COC(CSSCC2=CC=CO2)=C1,"InChI=1S/C10H10O2S2/c1-3-9(11-5-1)7-13-14-8-10-4-2-6-12-10/h1-6H,7-8H2",CBJPZHSWLMJQRI-UHFFFAOYSA-N,False
1,CC1=C(SSC2=C(C)OC=C2)C=CO1,"InChI=1S/C10H10O2S2/c1-7-9(3-5-11-7)13-14-10-4-6-12-8(10)2/h3-6H,1-2H3",OHDFENKFSKIFBJ-UHFFFAOYSA-N,False
1,CC1=C(SSCC2=CC=CO2)C=CO1,"InChI=1S/C10H10O2S2/c1-8-10(4-6-11-8)14-13-7-9-3-2-5-12-9/h2-6H,7H2,1H3",FVCZDGBJCOHRKY-UHFFFAOYSA-N,False
1,CC1=C(SSSSC2=C(C)OC=C2)C=CO1,"InChI=1S/C10H10O2S4/c1-7-9(3-5-11-7)13-15-16-14-10-4-6-12-8(10)2/h3-6H,1-2H3",WCQMHJWTXQMUQE-UHFFFAOYSA-N,False
1,COC1=C(O)C=CC(C=CC=O)=C1,"InChI=1S/C10H10O3/c1-13-10-7-8(3-2-6-11)4-5-9(10)12/h2-7,12H,1H3",DKZBBWMURDFHNE-UHFFFAOYSA-N,False
1,C=CCOC(=O)C1=CC=CC=C1O,"InChI=1S/C10H10O3/c1-2-7-13-10(12)8-5-3-4-6-9(8)11/h2-6,11H,1,7H2",YYKBLDCLPBWOOE-UHFFFAOYSA-N,False
1,C1=COC(COCC2=CC=CO2)=C1,"InChI=1S/C10H10O3/c1-3-9(12-5-1)7-11-8-10-4-2-6-13-10/h1-6H,7-8H2",YEQMNLGBLPBBNI-UHFFFAOYSA-N,False
1,CC1=CC2=C(C=C1)OCC(=O)CO2,"InChI=1S/C10H10O3/c1-7-2-3-9-10(4-7)13-6-8(11)5-12-9/h2-4H,5-6H2,1H3",SWUIQEBPZIHZQS-UHFFFAOYSA-N,False
1,COC(=O)C1=CC=CC=C1C(=O)OC,"InChI=1S/C10H10O4/c1-13-9(11)7-5-3-4-6-8(7)10(12)14-2/h3-6H,1-2H3",NIQCNGHVCWTJSM-UHFFFAOYSA-N,False
1,CC(=O)OCC1=CC2=C(C=C1)OCO2,"InChI=1S/C10H10O4/c1-7(11)12-5-8-2-3-9-10(4-8)14-6-13-9/h2-4H,5-6H2,1H3",PFWYHTORQZAGCA-UHFFFAOYSA-N,False
1,COC1=C(OC(C)=O)C=CC(C=O)=C1,"InChI=1S/C10H10O4/c1-7(12)14-9-4-3-8(6-11)5-10(9)13-2/h3-6H,1-2H3",PZSJOBKRSVRODF-UHFFFAOYSA-N,False
1,COC1=CC=C(C(=O)OCC(=O)O)C=C1,"InChI=1S/C10H10O5/c1-14-8-4-2-7(3-5-8)10(13)15-6-9(11)12/h2-5H,6H2,1H3,(H,11,12)",MZSAEUPZUUESSL-UHFFFAOYSA-N,False
0,CC(=NC#N)N(C)CC1=CN=C(Cl)C=C1,"InChI=1S/C10H11ClN4/c1-8(14-7-12)15(2)6-9-3-4-10(11)13-5-9/h3-5H,6H2,1-2H3",WCXDHFDTOYPNIE-UHFFFAOYSA-N,False
0,CC1=C(OC(C)C(=O)O)C=CC(Cl)=C1,"InChI=1S/C10H11ClO3/c1-6-5-8(11)3-4-9(6)14-7(2)10(12)13/h3-5,7H,1-2H3,(H,12,13)",WNTGYJSOUMFZEP-UHFFFAOYSA-N,False
0,CN(C)C(=O)NC1=CC=CC(C(F)(F)F)=C1,"InChI=1S/C10H11F3N2O/c1-15(2)9(16)14-8-5-3-4-7(6-8)10(11,12)13/h3-6H,1-2H3,(H,14,16)",RZILCCPWPBTYDO-UHFFFAOYSA-N,False
1,CC(C)C1=CC=C(C#N)C=C1,"InChI=1S/C10H11N/c1-8(2)10-5-3-9(7-11)4-6-10/h3-6,8H,1-2H3",YFDJCWXBKWRDPW-UHFFFAOYSA-N,False
0,CC1=CC(NS(=O)(=O)C2=CC=C(N)C=C2)=NO1,"InChI=1S/C10H11N3O3S/c1-7-6-10(12-16-7)13-17(14,15)9-4-2-8(11)3-5-9/h2-6H,11H2,1H3,(H,12,13)",JLKIGFTWXXRPMT-UHFFFAOYSA-N,False
1,C=C(C)C1=NC=CC(C(C)=O)=C1,"InChI=1S/C10H11NO/c1-7(2)10-6-9(8(3)12)4-5-11-10/h4-6H,1H2,2-3H3",RYNRLVOZUDLPQK-UHFFFAOYSA-N,False
1,C=C(C)C1=CC(C(C)=O)=NC=C1,"InChI=1S/C10H11NO/c1-7(2)9-4-5-11-10(6-9)8(3)12/h4-6H,1H2,2-3H3",QGALSOGFUDWZMF-UHFFFAOYSA-N,False
1,C=CCOC(=O)C1=CC=CC=C1N,"InChI=1S/C10H11NO2/c1-2-7-13-10(12)8-5-3-4-6-9(8)11/h2-6H,1,7,11H2",UCANFCXAKYMFGA-UHFFFAOYSA-N,False
1,COC(=O)C1=CC=CC=C1NC(C)=O,"InChI=1S/C10H11NO3/c1-7(12)11-9-6-4-3-5-8(9)10(13)14-2/h3-6H,1-2H3,(H,11,12)",UYQKZKVNYKOXHG-UHFFFAOYSA-N,False
1,C=C(C)C1=CC=C(C)C=C1,"InChI=1S/C10H12/c1-8(2)10-6-4-9(3)5-7-10/h4-7H,1H2,2-3H3",MMSLOZQEMPDGPI-UHFFFAOYSA-N,False
0,NC(=O)OCC(O)COC1=CC=C(Cl)C=C1,"InChI=1S/C10H12ClNO4/c11-7-1-3-9(4-2-7)15-5-8(13)6-16-10(12)14/h1-4,8,13H,5-6H2,(H2,12,14)",SKPLBLUECSEIFO-UHFFFAOYSA-N,False
0,CC(C)N1C(=O)C2=CC=CC=C2NS1(=O)=O,"InChI=1S/C10H12N2O3S/c1-7(2)12-10(13)8-5-3-4-6-9(8)11-16(12,14)15/h3-7,11H,1-2H3",ZOMSMJKLGFBRBS-UHFFFAOYSA-N,False
1,COC1CCC2=CC=CC=C21,"InChI=1S/C10H12O/c1-11-10-7-6-8-4-2-3-5-9(8)10/h2-5,10H,6-7H2,1H3",OOXOWBLOFXAPBK-UHFFFAOYSA-N,False
1,CCCC(=O)C1=CC=CC=C1,"InChI=1S/C10H12O/c1-2-6-10(11)9-7-4-3-5-8-9/h3-5,7-8H,2,6H2,1H3",FFSAXUULYPJSKH-UHFFFAOYSA-N,False
1,C=CCC1=CC=C(OC)C=C1,"InChI=1S/C10H12O/c1-3-4-9-5-7-10(11-2)8-6-9/h3,5-8H,1,4H2,2H3",ZFMSMUAANRJZFM-UHFFFAOYSA-N,False
1,CC=CC1=CC=C(OC)C=C1,"InChI=1S/C10H12O/c1-3-4-9-5-7-10(11-2)8-6-9/h3-8H,1-2H3",RUVINXPYWBROJD-UHFFFAOYSA-N,False
1,CCC1=CC=C(C(C)=O)C=C1,"InChI=1S/C10H12O/c1-3-9-4-6-10(7-5-9)8(2)11/h4-7H,3H2,1-2H3",NODGRWCMFMEGJH-UHFFFAOYSA-N,False
1,CC(=O)C1=C(C)C=C(C)C=C1,"InChI=1S/C10H12O/c1-7-4-5-10(9(3)11)8(2)6-7/h4-6H,1-3H3",HSDSKVWQTONQBJ-UHFFFAOYSA-N,False
1,CC(C)C1=CC=C(C=O)C=C1,"InChI=1S/C10H12O/c1-8(2)10-5-3-9(7-11)4-6-10/h3-8H,1-2H3",WTWBUQJHJGUZCY-UHFFFAOYSA-N,False
1,CC1=CC=C(C(C)C=O)C=C1,"InChI=1S/C10H12O/c1-8-3-5-10(6-4-8)9(2)7-11/h3-7,9H,1-2H3",JTZWVKUZBNHSSW-UHFFFAOYSA-N,False
1,CC(=O)CCC1=CC=CC=C1,"InChI=1S/C10H12O/c1-9(11)7-8-10-5-3-2-4-6-10/h2-6H,7-8H2,1H3",AKGGYBADQZYZPD-UHFFFAOYSA-N,False
1,CC(O)C=CC1=CC=CC=C1,"InChI=1S/C10H12O/c1-9(11)7-8-10-5-3-2-4-6-10/h2-9,11H,1H3",ZIJWGEHOVHJHKB-UHFFFAOYSA-N,False
1,CC(CC=O)C1=CC=CC=C1,"InChI=1S/C10H12O/c1-9(7-8-11)10-5-3-2-4-6-10/h2-6,8-9H,7H2,1H3",MYHGOWDLVRDUFA-UHFFFAOYSA-N,False
1,CC1=CC=C(CCC=O)C=C1,"InChI=1S/C10H12O/c1-9-4-6-10(7-5-9)3-2-8-11/h4-8H,2-3H2,1H3",ABGZWIFTZXUDGF-UHFFFAOYSA-N,False
1,COC(=O)CCC1=CC=CC=C1,"InChI=1S/C10H12O2/c1-12-10(11)8-7-9-5-3-2-4-6-9/h2-6H,7-8H2,1H3",RPUSRLKKXPQSGP-UHFFFAOYSA-N,False
1,CCC(=O)OCC1=CC=CC=C1,"InChI=1S/C10H12O2/c1-2-10(11)12-8-9-6-4-3-5-7-9/h3-7H,2,8H2,1H3",VHOMAPWVLKRQAZ-UHFFFAOYSA-N,False
1,CCOC(=O)CC1=CC=CC=C1,"InChI=1S/C10H12O2/c1-2-12-10(11)8-9-6-4-3-5-7-9/h3-7H,2,8H2,1H3",DULCUDSUACXJJC-UHFFFAOYSA-N,False
1,CCCC1=CC2=C(C=C1)OCO2,"InChI=1S/C10H12O2/c1-2-3-8-4-5-9-10(6-8)12-7-11-9/h4-6H,2-3,7H2,1H3",MYEIDJPOUKASEC-UHFFFAOYSA-N,False
1,C1=CC=C(CC2OCCO2)C=C1,"InChI=1S/C10H12O2/c1-2-4-9(5-3-1)8-10-11-6-7-12-10/h1-5,10H,6-8H2",SSZACLYPEFCREM-UHFFFAOYSA-N,False
1,CCCC(=O)OC1=CC=CC=C1,"InChI=1S/C10H12O2/c1-2-6-10(11)12-9-7-4-3-5-8-9/h3-5,7-8H,2,6H2,1H3",IGVPBCZDHMIOJH-UHFFFAOYSA-N,False
1,CCCOC(=O)C1=CC=CC=C1,"InChI=1S/C10H12O2/c1-2-8-12-10(11)9-6-4-3-5-7-9/h3-7H,2,8H2,1H3",UDEWPOVQBGFNGE-UHFFFAOYSA-N,False
1,CCC(=O)OC1=CC=C(C)C=C1,"InChI=1S/C10H12O2/c1-3-10(11)12-9-6-4-8(2)5-7-9/h4-7H,3H2,1-2H3",YFHVPIIQKCJXMO-UHFFFAOYSA-N,False
1,CCC(=O)C1=CC=C(OC)C=C1,"InChI=1S/C10H12O2/c1-3-10(11)8-4-6-9(12-2)7-5-8/h4-7H,3H2,1-2H3",ZJVAWPKTWVFKHG-UHFFFAOYSA-N,False
1,CC=CC1=CC(O)=C(OC)C=C1,"InChI=1S/C10H12O2/c1-3-4-8-5-6-10(12-2)9(11)7-8/h3-7,11H,1-2H3",LHJZSWVADJCBNI-UHFFFAOYSA-N,False
1,C=CCC1=CC(OC)=C(O)C=C1,"InChI=1S/C10H12O2/c1-3-4-8-5-6-9(11)10(7-8)12-2/h3,5-7,11H,1,4H2,2H3",RRAFCDWBNXTKKO-UHFFFAOYSA-N,False
1,C=CCC1=C(O)C(OC)=CC=C1,"InChI=1S/C10H12O2/c1-3-5-8-6-4-7-9(12-2)10(8)11/h3-4,6-7,11H,1,5H2,2H3",LREHGXOCZVBABG-UHFFFAOYSA-N,False
1,C=CC1=CC(OC)=C(OC)C=C1,"InChI=1S/C10H12O2/c1-4-8-5-6-9(11-2)10(7-8)12-3/h4-7H,1H2,2-3H3",NJXYTXADXSRFTJ-UHFFFAOYSA-N,False
1,CC1=CC2=C(CC1)C(C)=C(O)O2,"InChI=1S/C10H12O2/c1-6-3-4-8-7(2)10(11)12-9(8)5-6/h5,11H,3-4H2,1-2H3",LJYOOZUPALQYGV-UHFFFAOYSA-N,False
1,CC(C)C1=CC=CC(=O)C(O)=C1,"InChI=1S/C10H12O2/c1-7(2)8-4-3-5-9(11)10(12)6-8/h3-7H,1-2H3,(H,11,12)",FUWUEFKEXZQKKA-UHFFFAOYSA-N,False
1,CC(=O)C(O)CC1=CC=CC=C1,"InChI=1S/C10H12O2/c1-8(11)10(12)7-9-5-3-2-4-6-9/h2-6,10,12H,7H2,1H3",QBCUUJGHWFKMDC-UHFFFAOYSA-N,False
1,CC(=O)CCC1=CC=C(O)C=C1,"InChI=1S/C10H12O2/c1-8(11)2-3-9-4-6-10(12)7-5-9/h4-7,12H,2-3H2,1H3",NJGBTKGETPDVIK-UHFFFAOYSA-N,False
1,COC1=CC=C(CC(C)=O)C=C1,"InChI=1S/C10H12O2/c1-8(11)7-9-3-5-10(12-2)6-4-9/h3-6H,7H2,1-2H3",WFWKNGZODAOLEO-UHFFFAOYSA-N,False
1,CC(=O)OC(C)C1=CC=CC=C1,"InChI=1S/C10H12O2/c1-8(12-9(2)11)10-6-4-3-5-7-10/h3-8H,1-2H3",QUMXDOLUJCHOAY-UHFFFAOYSA-N,False
1,CC(C)OC(=O)C1=CC=CC=C1,"InChI=1S/C10H12O2/c1-8(2)12-10(11)9-6-4-3-5-7-9/h3-8H,1-2H3",FEXQDZTYJVXMOS-UHFFFAOYSA-N,False
1,CC1OCC(C2=CC=CC=C2)O1,"InChI=1S/C10H12O2/c1-8-11-7-10(12-8)9-5-3-2-4-6-9/h2-6,8,10H,7H2,1H3",YPPGSWWESBCSCT-UHFFFAOYSA-N,False
1,CC(=O)OCC1=CC=C(C)C=C1,"InChI=1S/C10H12O2/c1-8-3-5-10(6-4-8)7-12-9(2)11/h3-6H,7H2,1-2H3",WDCUPFMSLUIQBH-UHFFFAOYSA-N,False
1,CC1COC(C2=CC=CC=C2)O1,"InChI=1S/C10H12O2/c1-8-7-11-10(12-8)9-5-3-2-4-6-9/h2-6,8,10H,7H2,1H3",CDIKGISJRLTLRA-UHFFFAOYSA-N,False
1,CC(=O)OCCC1=CC=CC=C1,"InChI=1S/C10H12O2/c1-9(11)12-8-7-10-5-3-2-4-6-10/h2-6H,7-8H2,1H3",MDHYEMXUFSJLGV-UHFFFAOYSA-N,False
1,O=CCOCCC1=CC=CC=C1,"InChI=1S/C10H12O2/c11-7-9-12-8-6-10-4-2-1-3-5-10/h1-5,7H,6,8-9H2",IPTBGLHPPBSVHE-UHFFFAOYSA-N,False
1,O=COCCCC1=CC=CC=C1,"InChI=1S/C10H12O2/c11-9-12-8-4-7-10-5-2-1-3-6-10/h1-3,5-6,9H,4,7-8H2",AMHRXSOVSAQOKL-UHFFFAOYSA-N,False
1,CCOC(=O)COC1=CC=CC=C1,"InChI=1S/C10H12O3/c1-2-12-10(11)8-13-9-6-4-3-5-7-9/h3-7H,2,8H2,1H3",MGZFVSUXQXCEHM-UHFFFAOYSA-N,False
1,CCCOC(=O)C1=CC=CC=C1O,"InChI=1S/C10H12O3/c1-2-7-13-10(12)8-5-3-4-6-9(8)11/h3-6,11H,2,7H2,1H3",LZFIOSVZIQOVFW-UHFFFAOYSA-N,False
1,CCC(=O)OC1=CC=CC=C1OC,"InChI=1S/C10H12O3/c1-3-10(11)13-9-7-5-4-6-8(9)12-2/h4-7H,3H2,1-2H3",UYXMBPVOGLUKIV-UHFFFAOYSA-N,False
1,CCOC(=O)C1=CC=C(OC)C=C1,"InChI=1S/C10H12O3/c1-3-13-10(11)8-4-6-9(12-2)7-5-8/h4-7H,3H2,1-2H3",FHUODBDRWMIBQP-UHFFFAOYSA-N,False
1,CCOC(=O)C1=CC=CC=C1OC,"InChI=1S/C10H12O3/c1-3-13-10(11)8-6-4-5-7-9(8)12-2/h4-7H,3H2,1-2H3",FNODWEPAWIJGPM-UHFFFAOYSA-N,False
1,CCOC(=O)C1=C(O)C=C(C)C=C1,"InChI=1S/C10H12O3/c1-3-13-10(12)8-5-4-7(2)6-9(8)11/h4-6,11H,3H2,1-2H3",QABFSRANYBCWPK-UHFFFAOYSA-N,False
1,CCOC1=C(OC)C=C(C=O)C=C1,"InChI=1S/C10H12O3/c1-3-13-9-5-4-8(7-11)6-10(9)12-2/h4-7H,3H2,1-2H3",BERFDQAMXIBOHM-UHFFFAOYSA-N,False
1,C=CC1=CC(OC)=C(O)C(OC)=C1,"InChI=1S/C10H12O3/c1-4-7-5-8(12-2)10(11)9(6-7)13-3/h4-6,11H,1H2,2-3H3",QHJGZUSJKGVMTF-UHFFFAOYSA-N,False
1,COC1=C(OC)C=C(C(C)=O)C=C1,"InChI=1S/C10H12O3/c1-7(11)8-4-5-9(12-2)10(6-8)13-3/h4-6H,1-3H3",IQZLUWLMQNGTIW-UHFFFAOYSA-N,False
1,CC(C)OC(=O)C1=CC=CC=C1O,"InChI=1S/C10H12O3/c1-7(2)13-10(12)8-5-3-4-6-9(8)11/h3-7,11H,1-2H3",YEULQIJMIOWCHB-UHFFFAOYSA-N,False
1,CC(C)OC1=C(O)C=CC(C=O)=C1,"InChI=1S/C10H12O3/c1-7(2)13-10-5-8(6-11)3-4-9(10)12/h3-7,12H,1-2H3",MUXFIYORPMXGNT-UHFFFAOYSA-N,False
1,CC(O)C(=O)OCC1=CC=CC=C1,"InChI=1S/C10H12O3/c1-8(11)10(12)13-7-9-5-3-2-4-6-9/h2-6,8,11H,7H2,1H3",ZYTLPUIDJRKAAM-UHFFFAOYSA-N,False
1,COC1=CC=C(COC(C)=O)C=C1,"InChI=1S/C10H12O3/c1-8(11)13-7-9-3-5-10(12-2)6-4-9/h3-6H,7H2,1-2H3",HFNGYHHRRMSKEU-UHFFFAOYSA-N,False
1,COC(=O)COC1=CC=C(C)C=C1,"InChI=1S/C10H12O3/c1-8-3-5-9(6-4-8)13-7-10(11)12-2/h3-6H,7H2,1-2H3",BUKHBVPVKOXGSO-UHFFFAOYSA-N,False
1,CC(=O)OCCOC1=CC=CC=C1,"InChI=1S/C10H12O3/c1-9(11)12-7-8-13-10-5-3-2-4-6-10/h2-6H,7-8H2,1H3",WHFKYDMBUMLWDA-UHFFFAOYSA-N,False
1,O=C(CO)C(O)CC1=CC=CC=C1,"InChI=1S/C10H12O3/c11-7-10(13)9(12)6-8-4-2-1-3-5-8/h1-5,9,11-12H,6-7H2",SJWJLXZCZYFVAG-UHFFFAOYSA-N,False
1,CCOC(=O)C1=CC(OC)=C(O)C=C1,"InChI=1S/C10H12O4/c1-3-14-10(12)7-4-5-8(11)9(6-7)13-2/h4-6,11H,3H2,1-2H3",MWAYRGBWOVHDDZ-UHFFFAOYSA-N,False
1,CCCC(=O)OC1=C(C)OC=CC1=O,"InChI=1S/C10H12O4/c1-3-4-9(12)14-10-7(2)13-6-5-8(10)11/h5-6H,3-4H2,1-2H3",IBRABNUUJKNXOB-UHFFFAOYSA-N,False
1,COC(=O)C1=C(O)C(C)=C(O)C=C1C,"InChI=1S/C10H12O4/c1-5-4-7(11)6(2)9(12)8(5)10(13)14-3/h4,11-12H,1-3H3",UUQHKWMIDYRWHH-UHFFFAOYSA-N,False
1,COC1=CC(O)=C(C(C)=O)C(OC)=C1,"InChI=1S/C10H12O4/c1-6(11)10-8(12)4-7(13-2)5-9(10)14-3/h4-5,12H,1-3H3",FBUBVLUPUDBFME-UHFFFAOYSA-N,False
1,CC1=C(OC(=O)C(C)C)C(=O)C=CO1,"InChI=1S/C10H12O4/c1-6(2)10(12)14-9-7(3)13-5-4-8(9)11/h4-6H,1-3H3",VSBHYRPUJHEOBE-UHFFFAOYSA-N,False
0,CCCOC(=O)C1=CC(O)=C(O)C(O)=C1,"InChI=1S/C10H12O5/c1-2-3-15-10(14)6-4-7(11)9(13)8(12)5-6/h4-5,11-13H,2-3H2,1H3",ZTHYODDOHIVTJV-UHFFFAOYSA-N,False
0,CCC([O-])=C1C(O)=CC(=C([O-])O)C=C1O,"InChI=1S/C10H12O5/c1-2-6(11)9-7(12)3-5(10(14)15)4-8(9)13/h3-4,11-15H,2H2,1H3/p-2",VEJCRVPJPVFDJO-UHFFFAOYSA-L,False
0,CC1=CC=C(N(SC(F)(Cl)Cl)S(=O)(=O)N(C)C)C=C1,"InChI=1S/C10H13Cl2FN2O2S2/c1-8-4-6-9(7-5-8)15(18-10(11,12)13)19(16,17)14(2)3/h4-7H,1-3H3",HYVWIQDYBVKITD-UHFFFAOYSA-N,False
0,CC1=C(Cl)C=C(NC(=O)N(C)C)C=C1,"InChI=1S/C10H13ClN2O/c1-7-4-5-8(6-9(7)11)12-10(14)13(2)3/h4-6H,1-3H3,(H,12,14)",JXCGFZXSOMJFOA-UHFFFAOYSA-N,False
1,C=C(C)C1=CC(CC)=NC=C1,"InChI=1S/C10H13N/c1-4-10-7-9(8(2)3)5-6-11-10/h5-7H,2,4H2,1,3H3",YWBBITMUIVBYJO-UHFFFAOYSA-N,False
1,CC1=CC2=C(C=C1)NCCC2,"InChI=1S/C10H13N/c1-8-4-5-10-9(7-8)3-2-6-11-10/h4-5,7,11H,2-3,6H2,1H3",XOKMRXSMOHCNIX-UHFFFAOYSA-N,False
1,CC(=O)C1=NC=CC(C(C)C)=C1,"InChI=1S/C10H13NO/c1-7(2)9-4-5-11-10(6-9)8(3)12/h4-7H,1-3H3",BWJDKYNJXZATRV-UHFFFAOYSA-N,False
1,COC(=O)C1=CC=CC=C1N(C)C,"InChI=1S/C10H13NO2/c1-11(2)9-7-5-4-6-8(9)10(12)13-3/h4-7H,1-3H3",ZCNSBHAIPOWHJE-UHFFFAOYSA-N,False
1,CCCOC(=O)C1=CC=CC=C1N,"InChI=1S/C10H13NO2/c1-2-7-13-10(12)8-5-3-4-6-9(8)11/h3-6H,2,7,11H2,1H3",QYGHESHPPSSONP-UHFFFAOYSA-N,False
1,CCOC(=O)C1=CC=CC=C1NC,"InChI=1S/C10H13NO2/c1-3-13-10(12)8-6-4-5-7-9(8)11-2/h4-7,11H,3H2,1-2H3",WBSWYVBUGLBCOV-UHFFFAOYSA-N,False
0,CCOC1=CC=C(NC(C)=O)C=C1,"InChI=1S/C10H13NO2/c1-3-13-10-6-4-9(5-7-10)11-8(2)12/h4-7H,3H2,1-2H3,(H,11,12)",CPJSUEIXXCENMM-UHFFFAOYSA-N,False
1,CC(C)OC(=O)C1=CC=CC=C1N,"InChI=1S/C10H13NO2/c1-7(2)13-10(12)8-5-3-4-6-9(8)11/h3-7H,11H2,1-2H3",XKOZHFJYXAQZJX-UHFFFAOYSA-N,False
0,CC(C)OC(=O)NC1=CC=CC=C1,"InChI=1S/C10H13NO2/c1-8(2)13-10(12)11-9-6-4-3-5-7-9/h3-8H,1-2H3,(H,11,12)",VXPLXMJHHKHSOA-UHFFFAOYSA-N,False
1,CC1=CC(C)=C(C)C=C1C,"InChI=1S/C10H14/c1-7-5-9(3)10(4)6-8(7)2/h5-6H,1-4H3",SQNZJJAZBFDUTD-UHFFFAOYSA-N,False
1,C=C(C)C1=CC=C(C)CC1,"InChI=1S/C10H14/c1-8(2)10-6-4-9(3)5-7-10/h4,6H,1,5,7H2,2-3H3",XNMPFDIYAMOYRM-UHFFFAOYSA-N,False
1,C=C(C)C1C=CC(C)=CC1,"InChI=1S/C10H14/c1-8(2)10-6-4-9(3)5-7-10/h4-6,10H,1,7H2,2-3H3",NJLNIOKPXKKALD-UHFFFAOYSA-N,False
1,CC1=CC=C(C(C)C)C=C1,"InChI=1S/C10H14/c1-8(2)10-6-4-9(3)5-7-10/h4-8H,1-3H3",HFPZCAJZSCWRBC-UHFFFAOYSA-N,False
1,CC1(C)C2CC=C(C=O)C1C2,"InChI=1S/C10H14O/c1-10(2)8-4-3-7(6-11)9(10)5-8/h3,6,8-9H,4-5H2,1-2H3",KMRMUZKLFIEVAO-UHFFFAOYSA-N,False
1,CC(C)(O)CC1=CC=CC=C1,"InChI=1S/C10H14O/c1-10(2,11)8-9-6-4-3-5-7-9/h3-7,11H,8H2,1-2H3",RIWRBSMFKVOJMN-UHFFFAOYSA-N,False
1,CC(C)(C)C1=CC=C(O)C=C1,"InChI=1S/C10H14O/c1-10(2,3)8-4-6-9(11)7-5-8/h4-7,11H,1-3H3",QHPQWRBYOIRBIT-UHFFFAOYSA-N,False
1,CCC(O)CC1=CC=CC=C1,"InChI=1S/C10H14O/c1-2-10(11)8-9-6-4-3-5-7-9/h3-7,10-11H,2,8H2,1H3",LYUPJHVGLFETDG-UHFFFAOYSA-N,False
1,CCC=CC=CC=CCC=O,"InChI=1S/C10H14O/c1-2-3-4-5-6-7-8-9-10-11/h3-8,10H,2,9H2,1H3",XOGHDKRZGXPUEH-UHFFFAOYSA-N,False
1,CCCCOC1=CC=CC=C1,"InChI=1S/C10H14O/c1-2-3-9-11-10-7-5-4-6-8-10/h4-8H,2-3,9H2,1H3",YFNONBGXNFCTMM-UHFFFAOYSA-N,False
1,CCCC1=CC=C(OC)C=C1,"InChI=1S/C10H14O/c1-3-4-9-5-7-10(11-2)8-6-9/h5-8H,3-4H2,1-2H3",KBHWKXNXTURZCD-UHFFFAOYSA-N,False
1,CC1=C2CC2(C(C)C)C(=O)C1,"InChI=1S/C10H14O/c1-6(2)10-5-8(10)7(3)4-9(10)11/h6H,4-5H2,1-3H3",PXIMKGPYTINFRY-UHFFFAOYSA-N,False
1,CC1=C2CC(C(=O)C1)C2(C)C,"InChI=1S/C10H14O/c1-6-4-9(11)8-5-7(6)10(8,2)3/h8H,4-5H2,1-3H3",LEXWWQVRWFGKCF-UHFFFAOYSA-N,False
1,C=C1C(=O)CC2CC1C2(C)C,"InChI=1S/C10H14O/c1-6-8-4-7(5-9(6)11)10(8,2)3/h7-8H,1,4-5H2,2-3H3",TZDMGBLPGZXHJI-UHFFFAOYSA-N,False
1,C=C(C)C1C=CC(C)C(=O)C1,"InChI=1S/C10H14O/c1-7(2)9-5-4-8(3)10(11)6-9/h4-5,8-9H,1,6H2,2-3H3",YAHNGTQFNICUIJ-UHFFFAOYSA-N,False
1,CC1=C(O)C=C(C(C)C)C=C1,"InChI=1S/C10H14O/c1-7(2)9-5-4-8(3)10(11)6-9/h4-7,11H,1-3H3",RECUKUPTGUEGMW-UHFFFAOYSA-N,False
1,CC1=CC(O)=C(C(C)C)C=C1,"InChI=1S/C10H14O/c1-7(2)9-5-4-8(3)6-10(9)11/h4-7,11H,1-3H3",MGSRCZKZVOBKFT-UHFFFAOYSA-N,False
1,CC1=CC2OCC(C)=C2CC1,"InChI=1S/C10H14O/c1-7-3-4-9-8(2)6-11-10(9)5-7/h5,10H,3-4,6H2,1-2H3",NDGVBBGSPLJJRM-UHFFFAOYSA-N,False
1,CC1=CC(C)(C)C=C(C)C1=O,"InChI=1S/C10H14O/c1-7-5-10(3,4)6-8(2)9(7)11/h5-6H,1-4H3",SSAMRAUQJVYQQD-UHFFFAOYSA-N,False
1,CC(C)=C1C=CC(C=O)CC1,"InChI=1S/C10H14O/c1-8(2)10-5-3-9(7-11)4-6-10/h3,5,7,9H,4,6H2,1-2H3",MVUBTHCFXXRGIJ-UHFFFAOYSA-N,False
1,C=C(C)C1CC=C(C=O)CC1,"InChI=1S/C10H14O/c1-8(2)10-5-3-9(7-11)4-6-10/h3,7,10H,1,4-6H2,2H3",RUMOYJJNUMEFDD-UHFFFAOYSA-N,False
1,CC(C)C1=CC=C(CO)C=C1,"InChI=1S/C10H14O/c1-8(2)10-5-3-9(7-11)4-6-10/h3-6,8,11H,7H2,1-2H3",OIGWAXDAPKFNCQ-UHFFFAOYSA-N,False
1,CC(C)=CCC1=C(C)C=CO1,"InChI=1S/C10H14O/c1-8(2)4-5-10-9(3)6-7-11-10/h4,6-7H,5H2,1-3H3",UTSGPHXOHJSDBC-UHFFFAOYSA-N,False
1,CC1=CC=C(C(C)(C)O)C=C1,"InChI=1S/C10H14O/c1-8-4-6-9(7-5-8)10(2,3)11/h4-7,11H,1-3H3",XLPDVYGDNRIQFV-UHFFFAOYSA-N,False
1,CC1=CC=CC(C)(C)CC1=O,"InChI=1S/C10H14O/c1-8-5-4-6-10(2,3)7-9(8)11/h4-6H,7H2,1-3H3",QNGQIURXCUHNAT-UHFFFAOYSA-N,False
1,CC1=C(C=O)C(C)(C)CC=C1,"InChI=1S/C10H14O/c1-8-5-4-6-10(2,3)9(8)7-11/h4-5,7H,6H2,1-3H3",SGAWOGXMMPSZPB-UHFFFAOYSA-N,False
1,CC(O)CCC1=CC=CC=C1,"InChI=1S/C10H14O/c1-9(11)7-8-10-5-3-2-4-6-10/h2-6,9,11H,7-8H2,1H3",GDWRKZLROIFUML-UHFFFAOYSA-N,False
1,CC(C)=CCCC1=COC=C1,"InChI=1S/C10H14O/c1-9(2)4-3-5-10-6-7-11-8-10/h4,6-8H,3,5H2,1-2H3",XNGKCOFXDHYSGR-UHFFFAOYSA-N,False
1,OCCCCC1=CC=CC=C1,"InChI=1S/C10H14O/c11-9-5-4-8-10-6-2-1-3-7-10/h1-3,6-7,11H,4-5,8-9H2",LDZLXQFDGRCELX-UHFFFAOYSA-N,False
1,COC(CC1=CC=CC=C1)OC,"InChI=1S/C10H14O2/c1-11-10(12-2)8-9-6-4-3-5-7-9/h3-7,10H,8H2,1-2H3",WNJSKZBEWNVKGU-UHFFFAOYSA-N,False
1,CCOC(=O)C1CC2C=CC1C2,"InChI=1S/C10H14O2/c1-2-12-10(11)9-6-7-3-4-8(9)5-7/h3-4,7-9H,2,5-6H2,1H3",FCCGTJAGEHZPBF-UHFFFAOYSA-N,False
1,CCCCCC(=O)C1=CC=CO1,"InChI=1S/C10H14O2/c1-2-3-4-6-9(11)10-7-5-8-12-10/h5,7-8H,2-4,6H2,1H3",YUAYWSBSIJVIBS-UHFFFAOYSA-N,False
1,CCCCCC1=CC=CC(=O)O1,"InChI=1S/C10H14O2/c1-2-3-4-6-9-7-5-8-10(11)12-9/h5,7-8H,2-4,6H2,1H3",MAUFTTLGOUBZNA-UHFFFAOYSA-N,False
1,C#CC1(OC(C)=O)CCCCC1,"InChI=1S/C10H14O2/c1-3-10(12-9(2)11)7-5-4-6-8-10/h1H,4-8H2,2H3",YASSLXHVJQGNOK-UHFFFAOYSA-N,False
1,CCOC(C)OC1=CC=CC=C1,"InChI=1S/C10H14O2/c1-3-11-9(2)12-10-7-5-4-6-8-10/h4-9H,3H2,1-2H3",WDAPDTRODNUPPB-UHFFFAOYSA-N,False
1,CCOCC1=CC=CC=C1OC,"InChI=1S/C10H14O2/c1-3-12-8-9-6-4-5-7-10(9)11-2/h4-7H,3,8H2,1-2H3",DEYIKSBEIOIJCD-UHFFFAOYSA-N,False
1,CCCC1=CC(OC)=C(O)C=C1,"InChI=1S/C10H14O2/c1-3-4-8-5-6-9(11)10(7-8)12-2/h5-7,11H,3-4H2,1-2H3",PXIKRTCSSLJURC-UHFFFAOYSA-N,False
1,CCC1=CC(OC)=C(OC)C=C1,"InChI=1S/C10H14O2/c1-4-8-5-6-9(11-2)10(7-8)12-3/h5-7H,4H2,1-3H3",NEBQMYHKOREVAL-UHFFFAOYSA-N,False
1,CC(C)=C1CCC2(C)OC2C1=O,"InChI=1S/C10H14O2/c1-6(2)7-4-5-10(3)9(12-10)8(7)11/h9H,4-5H2,1-3H3",AKASWINDKIEEBO-UHFFFAOYSA-N,False
1,C=C(C)C1CC(=O)C2(C)OC2C1,"InChI=1S/C10H14O2/c1-6(2)7-4-8(11)10(3)9(5-7)12-10/h7,9H,1,4-5H2,2-3H3",YGMNGQDLUQECTO-UHFFFAOYSA-N,False
1,CC1=CC2OC(=O)C(C)C2CC1,"InChI=1S/C10H14O2/c1-6-3-4-8-7(2)10(11)12-9(8)5-6/h5,7-9H,3-4H2,1-2H3",NQWBFQXRASPNLB-UHFFFAOYSA-N,False
1,CC1=C2CCC(C)CC2OC1=O,"InChI=1S/C10H14O2/c1-6-3-4-8-7(2)10(11)12-9(8)5-6/h6,9H,3-5H2,1-2H3",VUVQBYIJRDUVHT-UHFFFAOYSA-N,False
1,CC1=C(CC2OC2(C)C)OC=C1,"InChI=1S/C10H14O2/c1-7-4-5-11-8(7)6-9-10(2,3)12-9/h4-5,9H,6H2,1-3H3",BVTAIXWVSMPSFL-UHFFFAOYSA-N,False
1,COCCOC1=CC=C(C)C=C1,"InChI=1S/C10H14O2/c1-9-3-5-10(6-4-9)12-8-7-11-2/h3-6H,7-8H2,1-2H3",DOSUSQYYROSQFJ-UHFFFAOYSA-N,False
1,COC1=CC=C(C(OC)OC)C=C1,"InChI=1S/C10H14O3/c1-11-9-6-4-8(5-7-9)10(12-2)13-3/h4-7,10H,1-3H3",NNHYAHOTXLASEA-UHFFFAOYSA-N,False
1,CCCCCOC(=O)C1=CC=CO1,"InChI=1S/C10H14O3/c1-2-3-4-7-13-10(11)9-6-5-8-12-9/h5-6,8H,2-4,7H2,1H3",BGJZMKPSRLHMME-UHFFFAOYSA-N,False
1,CCCCC(=O)OCC1=CC=CO1,"InChI=1S/C10H14O3/c1-2-3-6-10(11)13-8-9-5-4-7-12-9/h4-5,7H,2-3,6,8H2,1H3",HRYAVTBTUKVHBU-UHFFFAOYSA-N,False
1,CCOC1=C(O)C=CC(COC)=C1,"InChI=1S/C10H14O3/c1-3-13-10-6-8(7-12-2)4-5-9(10)11/h4-6,11H,3,7H2,1-2H3",FNEWGEWRECZWQM-UHFFFAOYSA-N,False
1,CCOCC1=CC(OC)=C(O)C=C1,"InChI=1S/C10H14O3/c1-3-13-7-8-4-5-9(11)10(6-8)12-2/h4-6,11H,3,7H2,1-2H3",KOCVACNWDMSLBM-UHFFFAOYSA-N,False
1,CCCC(=O)OC1=C(C)CCC1=O,"InChI=1S/C10H14O3/c1-3-4-9(12)13-10-7(2)5-6-8(10)11/h3-6H2,1-2H3",SUJWBOKDKMEAOQ-UHFFFAOYSA-N,False
1,CC(C)CC(=O)OCC1=CC=CO1,"InChI=1S/C10H14O3/c1-8(2)6-10(11)13-7-9-4-3-5-12-9/h3-5,8H,6-7H2,1-2H3",FKGUIBCHHSHJNQ-UHFFFAOYSA-N,False
1,CCOC(=O)CCSCC1=CC=CO1,"InChI=1S/C10H14O3S/c1-2-12-10(11)5-7-14-8-9-4-3-6-13-9/h3-4,6H,2,5,7-8H2,1H3",ZKCVVCLCYIXCOD-UHFFFAOYSA-N,False
1,CCCC(=O)OC1=C(C)OC(C)=C1O,"InChI=1S/C10H14O4/c1-4-5-8(11)14-10-7(3)13-6(2)9(10)12/h12H,4-5H2,1-3H3",DMNDJPLPZALAQI-UHFFFAOYSA-N,False
1,CCCCCC1=CC=CC=N1,"InChI=1S/C10H15N/c1-2-3-4-7-10-8-5-6-9-11-10/h5-6,8-9H,2-4,7H2,1H3",HSDXVAOHEOSTFZ-UHFFFAOYSA-N,False
1,CC1=CCC(CC#N)C1(C)C,"InChI=1S/C10H15N/c1-8-4-5-9(6-7-11)10(8,2)3/h4,9H,5-6H2,1-3H3",YYJOTFQPYNOYAB-UHFFFAOYSA-N,False
1,CC(C)=CCCC(C)=CC#N,"InChI=1S/C10H15N/c1-9(2)5-4-6-10(3)7-8-11/h5,7H,4,6H2,1-3H3",HLCSDJLATUNSSI-UHFFFAOYSA-N,False
1,CCCC(=O)OCCC1=C(C)N=CS1,"InChI=1S/C10H15NO2S/c1-3-4-10(12)13-6-5-9-8(2)11-7-14-9/h7H,3-6H2,1-2H3",GDRZNYCKSKHESZ-UHFFFAOYSA-N,False
1,CC1=C(CCOC(=O)C(C)C)N=CS1,"InChI=1S/C10H15NO2S/c1-7(2)10(12)13-5-4-9-8(3)14-6-11-9/h6-7H,4-5H2,1-3H3",KMEDDQQKAPHCLF-UHFFFAOYSA-N,False
1,C=CC(C)=CCC=C(C)C,"InChI=1S/C10H16/c1-5-10(4)8-6-7-9(2)3/h5,7-8H,1,6H2,2-4H3",IHPKGUQCSIINRJ-UHFFFAOYSA-N,False
1,C=CC(=C)CCC=C(C)C,"InChI=1S/C10H16/c1-5-10(4)8-6-7-9(2)3/h5,7H,1,4,6,8H2,2-3H3",UAHWPYUMFXYFJY-UHFFFAOYSA-N,False
1,CC=C(C)C=CC=C(C)C,"InChI=1S/C10H16/c1-5-10(4)8-6-7-9(2)3/h5-8H,1-4H3",GQVMHMFBVWSSPF-UHFFFAOYSA-N,False
1,CC1=CCC2(C(C)C)CC12,"InChI=1S/C10H16/c1-7(2)10-5-4-8(3)9(10)6-10/h4,7,9H,5-6H2,1-3H3",KQAZVFVOEIRWHN-UHFFFAOYSA-N,False
1,C=C1CCC2(C(C)C)CC12,"InChI=1S/C10H16/c1-7(2)10-5-4-8(3)9(10)6-10/h7,9H,3-6H2,1-2H3",NDVASEGYNIMXJL-UHFFFAOYSA-N,False
1,CC1=CCC2CC1C2(C)C,"InChI=1S/C10H16/c1-7-4-5-8-6-9(7)10(8,2)3/h4,8-9H,5-6H2,1-3H3",GRWFGVWFFZKLTI-UHFFFAOYSA-N,False
1,C=C1CCC2CC1C2(C)C,"InChI=1S/C10H16/c1-7-4-5-8-6-9(7)10(8,2)3/h8-9H,1,4-6H2,2-3H3",WTARULDDTDQWMU-UHFFFAOYSA-N,False
1,CC1=CCC2C(C1)C2(C)C,"InChI=1S/C10H16/c1-7-4-5-8-9(6-7)10(8,2)3/h4,8-9H,5-6H2,1-3H3",BQOFWKZOCNGFEC-UHFFFAOYSA-N,False
1,C=C1C2CCC(C2)C1(C)C,"InChI=1S/C10H16/c1-7-8-4-5-9(6-8)10(7,2)3/h8-9H,1,4-6H2,2-3H3",CRPUJAZIXJMDBK-UHFFFAOYSA-N,False
1,C=C1C=CC(C(C)C)CC1,"InChI=1S/C10H16/c1-8(2)10-6-4-9(3)5-7-10/h4,6,8,10H,3,5,7H2,1-2H3",LFJQCDVYDGGFCH-UHFFFAOYSA-N,False
1,CC1=CC=C(C(C)C)CC1,"InChI=1S/C10H16/c1-8(2)10-6-4-9(3)5-7-10/h4,6,8H,5,7H2,1-3H3",YHQGMYUVUMAZJR-UHFFFAOYSA-N,False
1,CC1=CCC(C(C)C)=CC1,"InChI=1S/C10H16/c1-8(2)10-6-4-9(3)5-7-10/h4,7-8H,5-6H2,1-3H3",YKFLAYDHMOASIY-UHFFFAOYSA-N,False
1,CC1=CCC(C(C)C)C=C1,"InChI=1S/C10H16/c1-8(2)10-6-4-9(3)5-7-10/h4-6,8,10H,7H2,1-3H3",OGLDWXZKYODSOB-UHFFFAOYSA-N,False
1,CC1=CCC(=C(C)C)CC1,"InChI=1S/C10H16/c1-8(2)10-6-4-9(3)5-7-10/h4H,5-7H2,1-3H3",MOYAFQVGZZPNRA-UHFFFAOYSA-N,False
1,CCCCC1=NC=C(C)N=C1C,"InChI=1S/C10H16N2/c1-4-5-6-10-9(3)12-8(2)7-11-10/h7H,4-6H2,1-3H3",CSGGOEBNSRAFPU-UHFFFAOYSA-N,False
1,CCC(C)C1=CN=C(C)C(C)=N1,"InChI=1S/C10H16N2/c1-5-7(2)10-6-11-8(3)9(4)12-10/h6-7H,5H2,1-4H3",ZTPIKPFNCVSISS-UHFFFAOYSA-N,False
1,CC1=NC=C(CC(C)C)N=C1C,"InChI=1S/C10H16N2/c1-7(2)5-10-6-11-8(3)9(4)12-10/h6-7H,5H2,1-4H3",HPAYBTQBMQPWCN-UHFFFAOYSA-N,False
0,CCC(C)C1(CC)C(=O)NC(=O)NC1=O,"InChI=1S/C10H16N2O3/c1-4-6(3)10(5-2)7(13)11-9(15)12-8(10)14/h6H,4-5H2,1-3H3,(H2,11,12,13,14,15)",ZRIHAIZYIMGOAB-UHFFFAOYSA-N,False
1,CC1(C)C2CC=C(CO)C1C2,"InChI=1S/C10H16O/c1-10(2)8-4-3-7(6-11)9(10)5-8/h3,8-9,11H,4-6H2,1-2H3",RXBQNMWIQKOSCS-UHFFFAOYSA-N,False
1,CCC=CCC=CCCC=O,"InChI=1S/C10H16O/c1-2-3-4-5-6-7-8-9-10-11/h3-4,6-7,10H,2,5,8-9H2,1H3",MZLGFRRNMCCNBB-UHFFFAOYSA-N,False
1,CCCCC=CC=CCC=O,"InChI=1S/C10H16O/c1-2-3-4-5-6-7-8-9-10-11/h5-8,10H,2-4,9H2,1H3",DRNXTXNIVVMGME-UHFFFAOYSA-N,False
1,CCCCCC1=CCCC1=O,"InChI=1S/C10H16O/c1-2-3-4-6-9-7-5-8-10(9)11/h7H,2-6,8H2,1H3",ILHZVKAXFCDFMT-UHFFFAOYSA-N,False
1,CCCC1C=C(C)CC(=O)C1,"InChI=1S/C10H16O/c1-3-4-9-5-8(2)6-10(11)7-9/h5,9H,3-4,6-7H2,1-2H3",JVFLSPNYBLXFGP-UHFFFAOYSA-N,False
1,C=CC1(C)CCC(C(=C)C)O1,"InChI=1S/C10H16O/c1-5-10(4)7-6-9(11-10)8(2)3/h5,9H,1-2,6-7H2,3-4H3",XIGFNCYVSHOLIF-UHFFFAOYSA-N,False
1,C#CC(C)(O)CCC=C(C)C,"InChI=1S/C10H16O/c1-5-10(4,11)8-6-7-9(2)3/h1,7,11H,6,8H2,2-4H3",YWTIDNZYLFTNQQ-UHFFFAOYSA-N,False
1,C=CC(C)(O)CC=CC(=C)C,"InChI=1S/C10H16O/c1-5-10(4,11)8-6-7-9(2)3/h5-7,11H,1-2,8H2,3-4H3",ZJIQIJIQBTVTDY-UHFFFAOYSA-N,False
1,C=CC(C)=CCC1OC1(C)C,"InChI=1S/C10H16O/c1-5-8(2)6-7-9-10(3,4)11-9/h5-6,9H,1,7H2,2-4H3",LIMXJCIGROLRED-UHFFFAOYSA-N,False
1,C=CC(C)=CCC(O)C(=C)C,"InChI=1S/C10H16O/c1-5-9(4)6-7-10(11)8(2)3/h5-6,10-11H,1-2,7H2,3-4H3",TYDDWHVJHGIJCW-UHFFFAOYSA-N,False
1,CC1C(=O)CC2(C(C)C)CC12,"InChI=1S/C10H16O/c1-6(2)10-4-8(10)7(3)9(11)5-10/h6-8H,4-5H2,1-3H3",USMNOWBWPHYOEA-UHFFFAOYSA-N,False
1,C=CC(C)(C)C(=O)C=C(C)C,"InChI=1S/C10H16O/c1-6-10(4,5)9(11)7-8(2)3/h6-7H,1H2,2-5H3",OTYVBQZXUNBRTK-UHFFFAOYSA-N,False
1,CC1=CC(O)C2CC1C2(C)C,"InChI=1S/C10H16O/c1-6-4-9(11)8-5-7(6)10(8,2)3/h4,7-9,11H,5H2,1-3H3",WONIGEXYPVIKFS-UHFFFAOYSA-N,False
1,CC1C(=O)CC2CC1C2(C)C,"InChI=1S/C10H16O/c1-6-8-4-7(5-9(6)11)10(8,2)3/h6-8H,4-5H2,1-3H3",MQPHVIPKLRXGDJ-UHFFFAOYSA-N,False
1,C=C1C(O)CC2CC1C2(C)C,"InChI=1S/C10H16O/c1-6-8-4-7(5-9(6)11)10(8,2)3/h7-9,11H,1,4-5H2,2-3H3",LCYXQUJDODZYIJ-UHFFFAOYSA-N,False
1,CC1C(=O)C2CC1C(C)(C)C2,"InChI=1S/C10H16O/c1-6-8-4-7(9(6)11)5-10(8,2)3/h6-8H,4-5H2,1-3H3",ZYDUOFAYEXDGIS-UHFFFAOYSA-N,False
1,C=C(C)C1CCC2(C)OC2C1,"InChI=1S/C10H16O/c1-7(2)8-4-5-10(3)9(6-8)11-10/h8-9H,1,4-6H2,2-3H3",CCEFMUBVSUDRLG-UHFFFAOYSA-N,False
1,CC1=CCC(C(C)C)CC1=O,"InChI=1S/C10H16O/c1-7(2)9-5-4-8(3)10(11)6-9/h4,7,9H,5-6H2,1-3H3",WPGPCDVQHXOMQP-UHFFFAOYSA-N,False
1,C=C(C)C1CC=C(C)C(O)C1,"InChI=1S/C10H16O/c1-7(2)9-5-4-8(3)10(11)6-9/h4,9-11H,1,5-6H2,2-3H3",BAVONGHXFVOKBV-UHFFFAOYSA-N,False
1,C=C(C)C1CCC(C)C(=O)C1,"InChI=1S/C10H16O/c1-7(2)9-5-4-8(3)10(11)6-9/h8-9H,1,4-6H2,2-3H3",AZOCECCLWFDTAP-UHFFFAOYSA-N,False
1,CC(C)=C1CCC(C)C(=O)C1,"InChI=1S/C10H16O/c1-7(2)9-5-4-8(3)10(11)6-9/h8H,4-6H2,1-3H3",KCMPNSMMFORCER-UHFFFAOYSA-N,False
1,CC1=CC(=O)C(C(C)C)CC1,"InChI=1S/C10H16O/c1-7(2)9-5-4-8(3)6-10(9)11/h6-7,9H,4-5H2,1-3H3",YSTPAHQEHQSRJD-UHFFFAOYSA-N,False
1,CC(C)=C1CCC(C)CC1=O,"InChI=1S/C10H16O/c1-7(2)9-5-4-8(3)6-10(9)11/h8H,4-6H2,1-3H3",NZGWDASTMWDZIW-UHFFFAOYSA-N,False
1,CC1=CC2OCC(C)C2CC1,"InChI=1S/C10H16O/c1-7-3-4-9-8(2)6-11-10(9)5-7/h5,8-10H,3-4,6H2,1-2H3",KBPPPUZMFQKLNP-UHFFFAOYSA-N,False
1,CC1=CC(C)C(C)C(C=O)C1,"InChI=1S/C10H16O/c1-7-4-8(2)9(3)10(5-7)6-11/h4,6,8-10H,5H2,1-3H3",DEMWVPUIZCCHPT-UHFFFAOYSA-N,False
1,C=C(C)C1CC=C(CO)CC1,"InChI=1S/C10H16O/c1-8(2)10-5-3-9(7-11)4-6-10/h3,10-11H,1,4-7H2,2H3",NDTYTMIUWGWIMO-UHFFFAOYSA-N,False
1,C=C(C)C1CCC(C=O)CC1,"InChI=1S/C10H16O/c1-8(2)10-5-3-9(7-11)4-6-10/h7,9-10H,1,3-6H2,2H3",AOVAKEPXEOVCEW-UHFFFAOYSA-N,False
1,CC(C)=CC1CC(C)=CCO1,"InChI=1S/C10H16O/c1-8(2)6-10-7-9(3)4-5-11-10/h4,6,10H,5,7H2,1-3H3",FRISMOQHTLZZRP-UHFFFAOYSA-N,False
1,CC(C)=CCC1CCCC1=O,"InChI=1S/C10H16O/c1-8(2)6-7-9-4-3-5-10(9)11/h6,9H,3-5,7H2,1-2H3",NKESYZVOSBUNKQ-UHFFFAOYSA-N,False
1,C=C(C)C1C=CC(C)(O)CC1,"InChI=1S/C10H16O/c1-8(2)9-4-6-10(3,11)7-5-9/h4,6,9,11H,1,5,7H2,2-3H3",MKPMHJQMNACGDI-UHFFFAOYSA-N,False
1,CC1=CCC(C(C)C=O)CC1,"InChI=1S/C10H16O/c1-8-3-5-10(6-4-8)9(2)7-11/h3,7,9-10H,4-6H2,1-2H3",UMEJBWOWZDRULR-UHFFFAOYSA-N,False
1,CC(=O)C1(C)CC=C(C)CC1,"InChI=1S/C10H16O/c1-8-4-6-10(3,7-5-8)9(2)11/h4H,5-7H2,1-3H3",BIUSXTISNNLMOR-UHFFFAOYSA-N,False
1,CC1=C(C=O)C(C)(C)CCC1,"InChI=1S/C10H16O/c1-8-5-4-6-10(2,3)9(8)7-11/h7H,4-6H2,1-3H3",MOQGCGNUWBPGTQ-UHFFFAOYSA-N,False
1,CC(C)=CCCC(C)=CC=O,"InChI=1S/C10H16O/c1-9(2)5-4-6-10(3)7-8-11/h5,7-8H,4,6H2,1-3H3",WTEVQBCEXWBHNA-UHFFFAOYSA-N,False
1,C=C(CC=O)CCC=C(C)C,"InChI=1S/C10H16O/c1-9(2)5-4-6-10(3)7-8-11/h5,8H,3-4,6-7H2,1-2H3",ODULZPPCXSTHDT-UHFFFAOYSA-N,False
1,CC1(C)C2CCC3(CO3)C1C2,"InChI=1S/C10H16O/c1-9(2)7-3-4-10(6-11-10)8(9)5-7/h7-8H,3-6H2,1-2H3",OUXAABAEPHHZPC-UHFFFAOYSA-N,False
1,CC12CCC(CC1=O)C2(C)C,"InChI=1S/C10H16O/c1-9(2)7-4-5-10(9,3)8(11)6-7/h7H,4-6H2,1-3H3",DSSYKIVIOFKYAU-UHFFFAOYSA-N,False
1,CC12C=CC(CC1)C(C)(C)O2,"InChI=1S/C10H16O/c1-9(2)8-4-6-10(3,11-9)7-5-8/h4,6,8H,5,7H2,1-3H3",LOOYOTLEOHYYOV-UHFFFAOYSA-N,False
1,O=C1CCCC1C1CCCC1,"InChI=1S/C10H16O/c11-10-7-3-6-9(10)8-4-1-2-5-8/h8-9H,1-7H2",CWZGKTMWPFTJCS-UHFFFAOYSA-N,False
1,CCC=CCCC1CCC(=O)O1,"InChI=1S/C10H16O2/c1-2-3-4-5-6-9-7-8-10(11)12-9/h3-4,9H,2,5-8H2,1H3",NKNGVPNCSFZRSM-UHFFFAOYSA-N,False
1,C=CCCCC1CCCC(=O)O1,"InChI=1S/C10H16O2/c1-2-3-4-6-9-7-5-8-10(11)12-9/h2,9H,1,3-8H2",CRLRWPURSWMXHH-UHFFFAOYSA-N,False
1,CC=CCCC1CCCC(=O)O1,"InChI=1S/C10H16O2/c1-2-3-4-6-9-7-5-8-10(11)12-9/h2-3,9H,4-8H2,1H3",NBCMACYORPIYNY-UHFFFAOYSA-N,False
1,CCCCCC1CC=CC(=O)O1,"InChI=1S/C10H16O2/c1-2-3-4-6-9-7-5-8-10(11)12-9/h5,8-9H,2-4,6-7H2,1H3",NEDIAPMWNCQWNW-UHFFFAOYSA-N,False
1,CCCCCCC#CC(=O)OC,"InChI=1S/C10H16O2/c1-3-4-5-6-7-8-9-10(11)12-2/h3-7H2,1-2H3",NTLJTUMJJWVCTL-UHFFFAOYSA-N,False
1,CCCCCC#CC(=O)OCC,"InChI=1S/C10H16O2/c1-3-5-6-7-8-9-10(11)12-4-2/h3-7H2,1-2H3",QPMDWYXUSMRVKT-UHFFFAOYSA-N,False
1,CC=CC=CCOC(=O)CCC,"InChI=1S/C10H16O2/c1-3-5-6-7-9-12-10(11)8-4-2/h3,5-7H,4,8-9H2,1-2H3",PTJGYWXDEDRLPB-UHFFFAOYSA-N,False
1,C=CC1(C)CCC(C(C)C=O)O1,"InChI=1S/C10H16O2/c1-4-10(3)6-5-9(12-10)8(2)7-11/h4,7-9H,1,5-6H2,2-3H3",YPZQHCLBLRWNMJ-UHFFFAOYSA-N,False
1,CC=CC=CCOC(=O)C(C)C,"InChI=1S/C10H16O2/c1-4-5-6-7-8-12-10(11)9(2)3/h4-7,9H,8H2,1-3H3",CVYBRMSQMLJGOI-UHFFFAOYSA-N,False
1,CC1CCC(C(C)C)C(=O)C1=O,"InChI=1S/C10H16O2/c1-6(2)8-5-4-7(3)9(11)10(8)12/h6-8H,4-5H2,1-3H3",DIDQHWMZIHCWQH-UHFFFAOYSA-N,False
1,CC1CCC2C(C1)OC(=O)C2C,"InChI=1S/C10H16O2/c1-6-3-4-8-7(2)10(11)12-9(8)5-6/h6-9H,3-5H2,1-2H3",FGDINYRLQOKVQS-UHFFFAOYSA-N,False
1,CC(C)C1=CCC(C(=O)O)CC1,"InChI=1S/C10H16O2/c1-7(2)8-3-5-9(6-4-8)10(11)12/h3,7,9H,4-6H2,1-2H3,(H,11,12)",SVVRHSSIDPLFOP-UHFFFAOYSA-N,False
1,CC(C)=CCCC(C)=CC(=O)O,"InChI=1S/C10H16O2/c1-8(2)5-4-6-9(3)7-10(11)12/h5,7H,4,6H2,1-3H3,(H,11,12)",ZHYZQXUYZJNEHD-UHFFFAOYSA-N,False
1,CC(C)=CCOC(=O)C=C(C)C,"InChI=1S/C10H16O2/c1-8(2)5-6-12-10(11)7-9(3)4/h5,7H,6H2,1-4H3",CBERZXRMIOEKPW-UHFFFAOYSA-N,False
1,CC1CCC2(CCC(=O)O2)CC1,"InChI=1S/C10H16O2/c1-8-2-5-10(6-3-8)7-4-9(11)12-10/h8H,2-7H2,1H3",COWIMPXRUUJKQF-UHFFFAOYSA-N,False
1,CC1(C2CCC3(C)OC3C2)CO1,"InChI=1S/C10H16O2/c1-9-4-3-7(5-8(9)12-9)10(2)6-11-10/h7-8H,3-6H2,1-2H3",RBHIUNHSNSQJNG-UHFFFAOYSA-N,False
1,CCCCC1CC(C(C)=O)C(=O)O1,"InChI=1S/C10H16O3/c1-3-4-5-8-6-9(7(2)11)10(12)13-8/h8-9H,3-6H2,1-2H3",NEBMUHXPHLFPGQ-UHFFFAOYSA-N,False
1,C=C(C)C(CCC(C)=O)CC(=O)O,"InChI=1S/C10H16O3/c1-7(2)9(6-10(12)13)5-4-8(3)11/h9H,1,4-6H2,2-3H3,(H,12,13)",NJOIWWRMLFSDTM-UHFFFAOYSA-N,False
1,CC(=O)OC1(C(C)=O)CCCCC1,"InChI=1S/C10H16O3/c1-8(11)10(13-9(2)12)6-4-3-5-7-10/h3-7H2,1-2H3",GIFAYASOTQVRTG-UHFFFAOYSA-N,False
1,CCCCCCC1=CC=CS1,"InChI=1S/C10H16S/c1-2-3-4-5-7-10-8-6-9-11-10/h6,8-9H,2-5,7H2,1H3",QZVHYFUVMQIGGM-UHFFFAOYSA-N,False
1,CCCCC1=CC=C(CC)S1,"InChI=1S/C10H16S/c1-3-5-6-10-8-7-9(4-2)11-10/h7-8H,3-6H2,1-2H3",ORAPMLHUSQJCQH-UHFFFAOYSA-N,False
1,CC(C)=CCCC(C)CC#N,"InChI=1S/C10H17N/c1-9(2)5-4-6-10(3)7-8-11/h5,10H,4,6-7H2,1-3H3",MTDAKBBUYMYKAR-UHFFFAOYSA-N,False
1,CC1CCC(C(C)C)C(=NO)C1=O,"InChI=1S/C10H17NO2/c1-6(2)8-5-4-7(3)10(12)9(8)11-13/h6-8,13H,4-5H2,1-3H3",HIPJNGVYTPJMGU-UHFFFAOYSA-N,False
1,C=CC(C)CCC=C(C)C,"InChI=1S/C10H18/c1-5-10(4)8-6-7-9(2)3/h5,7,10H,1,6,8H2,2-4H3",FUDNBFMOXDUIIE-UHFFFAOYSA-N,False
1,CC(C)(C)C1CCC(=O)CC1,"InChI=1S/C10H18O/c1-10(2,3)8-4-6-9(11)7-5-8/h8H,4-7H2,1-3H3",YKFKEYKJGVSEIX-UHFFFAOYSA-N,False
1,CC(C)(C)C1CCCCC1=O,"InChI=1S/C10H18O/c1-10(2,3)8-6-4-5-7-9(8)11/h8H,4-7H2,1-3H3",ZRYDPLOWJSFQAE-UHFFFAOYSA-N,False
1,C=CCCCCCCCC=O,"InChI=1S/C10H18O/c1-2-3-4-5-6-7-8-9-10-11/h2,10H,1,3-9H2",AKMSQWLDTSOVME-UHFFFAOYSA-N,False
1,CCCCCC=CCCC=O,"InChI=1S/C10H18O/c1-2-3-4-5-6-7-8-9-10-11/h6-7,10H,2-5,8-9H2,1H3",CWRKZMLUDFBPAO-UHFFFAOYSA-N,False
1,CCCCCC=CC=CCO,"InChI=1S/C10H18O/c1-2-3-4-5-6-7-8-9-10-11/h6-9,11H,2-5,10H2,1H3",NUBWFSDCZULDCI-UHFFFAOYSA-N,False
1,CCCCCCCC=CC=O,"InChI=1S/C10H18O/c1-2-3-4-5-6-7-8-9-10-11/h8-10H,2-7H2,1H3",MMFCJPPRCYDLLZ-UHFFFAOYSA-N,False
1,CCCCCC1CCCC1=O,"InChI=1S/C10H18O/c1-2-3-4-6-9-7-5-8-10(9)11/h9H,2-8H2,1H3",VNWOJVJCRAHBJJ-UHFFFAOYSA-N,False
1,C=CCCCCCCC(C)=O,"InChI=1S/C10H18O/c1-3-4-5-6-7-8-9-10(2)11/h3H,1,4-9H2,2H3",DZECLZDTSQJBSU-UHFFFAOYSA-N,False
1,CCCCCC=CCC(C)=O,"InChI=1S/C10H18O/c1-3-4-5-6-7-8-9-10(2)11/h7-8H,3-6,9H2,1-2H3",SJPUMNBZMYJESR-UHFFFAOYSA-N,False
1,CCC1CC2CC1CC2OC,"InChI=1S/C10H18O/c1-3-7-4-9-5-8(7)6-10(9)11-2/h7-10H,3-6H2,1-2H3",UNUPWPQAAUTOII-UHFFFAOYSA-N,False
1,CCC(C)C1CCCCC1=O,"InChI=1S/C10H18O/c1-3-8(2)9-6-4-5-7-10(9)11/h8-9H,3-7H2,1-2H3",RQXTZKGDMNIWJF-UHFFFAOYSA-N,False
1,CCC(=O)C(C)CC=C(C)C,"InChI=1S/C10H18O/c1-5-10(11)9(4)7-6-8(2)3/h6,9H,5,7H2,1-4H3",WKQWDIFHKYWRTA-UHFFFAOYSA-N,False
1,C=CC1(C)CCCC(C)(C)O1,"InChI=1S/C10H18O/c1-5-10(4)8-6-7-9(2,3)11-10/h5H,1,6-8H2,2-4H3",NETOHYFTCONTDT-UHFFFAOYSA-N,False
1,C=CC(C)(O)CCC=C(C)C,"InChI=1S/C10H18O/c1-5-10(4,11)8-6-7-9(2)3/h5,7,11H,1,6,8H2,2-4H3",CDOSHBSSFJOMGT-UHFFFAOYSA-N,False
1,CCC(C)(O)C=CC=C(C)C,"InChI=1S/C10H18O/c1-5-10(4,11)8-6-7-9(2)3/h6-8,11H,5H2,1-4H3",QLRNLHNEZFMRSR-UHFFFAOYSA-N,False
1,CC=C(C)C1CCC(C)(C)O1,"InChI=1S/C10H18O/c1-5-8(2)9-6-7-10(3,4)11-9/h5,9H,6-7H2,1-4H3",LPEYLSKLVYWOEQ-UHFFFAOYSA-N,False
1,C=CC(=C)CCCC(C)(C)O,"InChI=1S/C10H18O/c1-5-9(2)7-6-8-10(3,4)11/h5,11H,1-2,6-8H2,3-4H3",DUNCVNHORHNONW-UHFFFAOYSA-N,False
1,C=CC(C)(C)C(O)C=C(C)C,"InChI=1S/C10H18O/c1-6-10(4,5)9(11)7-8(2)3/h6-7,9,11H,1H2,2-5H3",WPPVSYVQAKQNJK-UHFFFAOYSA-N,False
1,CC(C)C12CCC(C)(O)C1C2,"InChI=1S/C10H18O/c1-7(2)10-5-4-9(3,11)8(10)6-10/h7-8,11H,4-6H2,1-3H3",KXSDPILWMGFJMM-UHFFFAOYSA-N,False
1,CC1CCC(C(C)C)CC1=O,"InChI=1S/C10H18O/c1-7(2)9-5-4-8(3)10(11)6-9/h7-9H,4-6H2,1-3H3",GCRTVIUGJCJVDD-UHFFFAOYSA-N,False
1,C=C(C)C1CCC(C)C(O)C1,"InChI=1S/C10H18O/c1-7(2)9-5-4-8(3)10(11)6-9/h8-11H,1,4-6H2,2-3H3",KRCZYMFUWVJCLI-UHFFFAOYSA-N,False
1,CC1=CC(O)C(C(C)C)CC1,"InChI=1S/C10H18O/c1-7(2)9-5-4-8(3)6-10(9)11/h6-7,9-11H,4-5H2,1-3H3",HPOHAUWWDDPHRS-UHFFFAOYSA-N,False
1,C=C(C)C1CCC(C)(O)C1C,"InChI=1S/C10H18O/c1-7(2)9-5-6-10(4,11)8(9)3/h8-9,11H,1,5-6H2,2-4H3",ZRVPDCMGGOSDKG-UHFFFAOYSA-N,False
1,CC1=CC(C)C(CO)C(C)C1,"InChI=1S/C10H18O/c1-7-4-8(2)10(6-11)9(3)5-7/h4,8-11H,5-6H2,1-3H3",DMXUBGVVJLVCPB-UHFFFAOYSA-N,False
1,CC(=O)C1CCCC(C)(C)C1,"InChI=1S/C10H18O/c1-8(11)9-5-4-6-10(2,3)7-9/h9H,4-7H2,1-3H3",DXIWBWIDAYBUDF-UHFFFAOYSA-N,False
1,CC1=CCC(O)(C(C)C)CC1,"InChI=1S/C10H18O/c1-8(2)10(11)6-4-9(3)5-7-10/h4,8,11H,5-7H2,1-3H3",WRYLYDPHFGVWKC-UHFFFAOYSA-N,False
1,CC(C)C12CCC(C)(CC1)O2,"InChI=1S/C10H18O/c1-8(2)10-6-4-9(3,11-10)5-7-10/h8H,4-7H2,1-3H3",RFFOTVCVTJUTAD-UHFFFAOYSA-N,False
1,CC(C)=CCC(=O)CC(C)C,"InChI=1S/C10H18O/c1-8(2)5-6-10(11)7-9(3)4/h5,9H,6-7H2,1-4H3",FLWSXFDNJHUPRX-UHFFFAOYSA-N,False
1,C=C(C)C(CO)CC=C(C)C,"InChI=1S/C10H18O/c1-8(2)5-6-10(7-11)9(3)4/h5,10-11H,3,6-7H2,1-2,4H3",CZVXBFUKBZRMKR-UHFFFAOYSA-N,False
1,CC(C)CC=C(C=O)C(C)C,"InChI=1S/C10H18O/c1-8(2)5-6-10(7-11)9(3)4/h6-9H,5H2,1-4H3",IOLQAHFPDADCHJ-UHFFFAOYSA-N,False
1,CC(C)=CC1CC(C)CCO1,"InChI=1S/C10H18O/c1-8(2)6-10-7-9(3)4-5-11-10/h6,9-10H,4-5,7H2,1-3H3",CZCBTSFUTPZVKJ-UHFFFAOYSA-N,False
1,CC(C)=C1CCC(C)(O)CC1,"InChI=1S/C10H18O/c1-8(2)9-4-6-10(3,11)7-5-9/h11H,4-7H2,1-3H3",NNRLDGQZIVUQTE-UHFFFAOYSA-N,False
1,CC(C)C1=CCC(C)(O)CC1,"InChI=1S/C10H18O/c1-8(2)9-4-6-10(3,11)7-5-9/h4,8,11H,5-7H2,1-3H3",XJWZDXFFNOMMTD-UHFFFAOYSA-N,False
1,C=C(C)C1CCC(C)(O)CC1,"InChI=1S/C10H18O/c1-8(2)9-4-6-10(3,11)7-5-9/h9,11H,1,4-7H2,2-3H3",RUJPNZNXGCHGID-UHFFFAOYSA-N,False
1,C=C(C=O)C(C)CC(C)(C)C,"InChI=1S/C10H18O/c1-8(9(2)7-11)6-10(3,4)5/h7-8H,2,6H2,1,3-5H3",WKYDOWGZVLXESO-UHFFFAOYSA-N,False
1,CC1=CCC(C(C)CO)CC1,"InChI=1S/C10H18O/c1-8-3-5-10(6-4-8)9(2)7-11/h3,9-11H,4-7H2,1-2H3",ZTYHGIAOVUPAAH-UHFFFAOYSA-N,False
1,CC1=CCC(CCO)C1(C)C,"InChI=1S/C10H18O/c1-8-4-5-9(6-7-11)10(8,2)3/h4,9,11H,5-7H2,1-3H3",NPGPPCSBEMHHCR-UHFFFAOYSA-N,False
1,CC(C)=CCCC(C)CC=O,"InChI=1S/C10H18O/c1-9(2)5-4-6-10(3)7-8-11/h5,8,10H,4,6-7H2,1-3H3",NEHNMFOYXAPHSD-UHFFFAOYSA-N,False
1,CC12CCC(C1)C(C)(C)C2O,"InChI=1S/C10H18O/c1-9(2)7-4-5-10(3,6-7)8(9)11/h7-8,11H,4-6H2,1-3H3",IAIHUHQCLTYTSF-UHFFFAOYSA-N,False
1,CC1(C)C2CCC1(C)C(O)C2,"InChI=1S/C10H18O/c1-9(2)7-4-5-10(9,3)8(11)6-7/h7-8,11H,4-6H2,1-3H3",DTGKSKDOIYIVQL-UHFFFAOYSA-N,False
1,CC1(C)C2CCC(C2)C1(C)O,"InChI=1S/C10H18O/c1-9(2)7-4-5-8(6-7)10(9,3)11/h7-8,11H,4-6H2,1-3H3",PXRCIOIWVGAZEP-UHFFFAOYSA-N,False
1,CC12CCC(CC1)C(C)(C)O2,"InChI=1S/C10H18O/c1-9(2)8-4-6-10(3,11-9)7-5-8/h8H,4-7H2,1-3H3",WEEGYLXZBRQIMU-UHFFFAOYSA-N,False
1,OC1CCC2CCCCC2C1,"InChI=1S/C10H18O/c11-10-6-5-8-3-1-2-4-9(8)7-10/h8-11H,1-7H2",UPMAOXLCTXPPAG-UHFFFAOYSA-N,False
1,C=CCCCCCCCC(=O)O,"InChI=1S/C10H18O2/c1-2-3-4-5-6-7-8-9-10(11)12/h2H,1,3-9H2,(H,11,12)",KHAVLLBUVKBTBG-UHFFFAOYSA-N,False
1,CCCCC=CCCCC(=O)O,"InChI=1S/C10H18O2/c1-2-3-4-5-6-7-8-9-10(11)12/h5-6H,2-4,7-9H2,1H3,(H,11,12)",UJUXUEKQHBXUEM-UHFFFAOYSA-N,False
1,CCCCCC=CCCC(=O)O,"InChI=1S/C10H18O2/c1-2-3-4-5-6-7-8-9-10(11)12/h6-7H,2-5,8-9H2,1H3,(H,11,12)",XKZKQTCECFWKBN-UHFFFAOYSA-N,False
1,CCCCCCCC=CC(=O)O,"InChI=1S/C10H18O2/c1-2-3-4-5-6-7-8-9-10(11)12/h8-9H,2-7H2,1H3,(H,11,12)",WXBXVVIUZANZAU-UHFFFAOYSA-N,False
1,CCCCCCC1CCC(=O)O1,"InChI=1S/C10H18O2/c1-2-3-4-5-6-9-7-8-10(11)12-9/h9H,2-8H2,1H3",IFYYFLINQYPWGJ-UHFFFAOYSA-N,False
1,CCCCCCC1CCOC1=O,"InChI=1S/C10H18O2/c1-2-3-4-5-6-9-7-8-12-10(9)11/h9H,2-8H2,1H3",IBVDLVUXSDSVQF-UHFFFAOYSA-N,False
1,CCCCCCC(=O)CCC=O,"InChI=1S/C10H18O2/c1-2-3-4-5-7-10(12)8-6-9-11/h9H,2-8H2,1H3",UKCSOARNKKNOCN-UHFFFAOYSA-N,False
1,CCCCCC1CCCC(=O)O1,"InChI=1S/C10H18O2/c1-2-3-4-6-9-7-5-8-10(11)12-9/h9H,2-8H2,1H3",GHBSPIPJMLAMEP-UHFFFAOYSA-N,False
1,CCCCC1CCCCC(=O)O1,"InChI=1S/C10H18O2/c1-2-3-6-9-7-4-5-8-10(11)12-9/h9H,2-8H2,1H3",YKVIWISPFDZYOW-UHFFFAOYSA-N,False
1,CCCC(=O)OC1CCCCC1,"InChI=1S/C10H18O2/c1-2-6-10(11)12-9-7-4-3-5-8-9/h9H,2-8H2,1H3",VZHUBBUZNIULNM-UHFFFAOYSA-N,False
1,CCCCCC=CCC(=O)OC,"InChI=1S/C10H18O2/c1-3-4-5-6-7-8-9-10(11)12-2/h7-8H,3-6,9H2,1-2H3",MTDCXFZGUVZRSQ-UHFFFAOYSA-N,False
1,CCCCCCC=CC(=O)OC,"InChI=1S/C10H18O2/c1-3-4-5-6-7-8-9-10(11)12-2/h8-9H,3-7H2,1-2H3",ZWNPUELCBZVMDA-UHFFFAOYSA-N,False
1,CCCCCC=CCOC(C)=O,"InChI=1S/C10H18O2/c1-3-4-5-6-7-8-9-12-10(2)11/h7-8H,3-6,9H2,1-2H3",MBRLTLPMVMFRTJ-UHFFFAOYSA-N,False
1,CCCCCC1OC(=O)CC1C,"InChI=1S/C10H18O2/c1-3-4-5-6-9-8(2)7-10(11)12-9/h8-9H,3-7H2,1-2H3",LOQFOBUZYRBURV-UHFFFAOYSA-N,False
1,C=CCOC(=O)CCCCCC,"InChI=1S/C10H18O2/c1-3-5-6-7-8-10(11)12-9-4-2/h4H,2-3,5-9H2,1H3",SJWKGDGUQTWDRV-UHFFFAOYSA-N,False
1,CCCCC=CCC(=O)OCC,"InChI=1S/C10H18O2/c1-3-5-6-7-8-9-10(11)12-4-2/h7-8H,3-6,9H2,1-2H3",BCMYNNIPTQUKAC-UHFFFAOYSA-N,False
1,CCCCCC=CC(=O)OCC,"InChI=1S/C10H18O2/c1-3-5-6-7-8-9-10(11)12-4-2/h8-9H,3-7H2,1-2H3",AISZSTYLOVXFII-UHFFFAOYSA-N,False
1,CCCCCC(=O)C(C)C(C)=O,"InChI=1S/C10H18O2/c1-4-5-6-7-10(12)8(2)9(3)11/h8H,4-7H2,1-3H3",BGVBGAIWXAXBLP-UHFFFAOYSA-N,False
1,C=CC(CCCCC)OC(C)=O,"InChI=1S/C10H18O2/c1-4-6-7-8-10(5-2)12-9(3)11/h5,10H,2,4,6-8H2,1,3H3",DOJDQRFOTHOBEK-UHFFFAOYSA-N,False
1,C=CC1(C)CCC(O)C(C)(C)O1,"InChI=1S/C10H18O2/c1-5-10(4)7-6-8(11)9(2,3)12-10/h5,8,11H,1,6-7H2,2-4H3",BCTBAGTXFYWYMW-UHFFFAOYSA-N,False
1,C=CC1(C)CCC(C(C)(C)O)O1,"InChI=1S/C10H18O2/c1-5-10(4)7-6-8(12-10)9(2,3)11/h5,8,11H,1,6-7H2,2-4H3",BRHDDEIRQPDPMG-UHFFFAOYSA-N,False
1,CCC(C)COC(=O)C=C(C)C,"InChI=1S/C10H18O2/c1-5-9(4)7-12-10(11)6-8(2)3/h6,9H,5,7H2,1-4H3",CEVOEEDUEYZGMY-UHFFFAOYSA-N,False
1,C=C(C)CC(C)OC(=O)C(C)C,"InChI=1S/C10H18O2/c1-7(2)6-9(5)12-10(11)8(3)4/h8-9H,1,6H2,2-5H3",JJWWUTCHOAKZPR-UHFFFAOYSA-N,False
1,CC1CCC(C(C)C)OC(=O)C1,"InChI=1S/C10H18O2/c1-7(2)9-5-4-8(3)6-10(11)12-9/h7-9H,4-6H2,1-3H3",GGAXPLCKKANQED-UHFFFAOYSA-N,False
1,CC(C)C(=O)OC1CCCCC1,"InChI=1S/C10H18O2/c1-8(2)10(11)12-9-6-4-3-5-7-9/h8-9H,3-7H2,1-2H3",IYYXBWAISHVFEX-UHFFFAOYSA-N,False
1,CC(C)=CCCC(C)CC(=O)O,"InChI=1S/C10H18O2/c1-8(2)5-4-6-9(3)7-10(11)12/h5,9H,4,6-7H2,1-3H3,(H,11,12)",GJWSUKYXUMVMGX-UHFFFAOYSA-N,False
1,C=C(C)CCOC(=O)C(C)(C)C,"InChI=1S/C10H18O2/c1-8(2)6-7-12-9(11)10(3,4)5/h1,6-7H2,2-5H3",FJEBKWNPJIZWKJ-UHFFFAOYSA-N,False
1,CC(=O)OCCC1CCCCC1,"InChI=1S/C10H18O2/c1-9(11)12-8-7-10-5-3-2-4-6-10/h10H,2-8H2,1H3",NOTFZGFABLVTIG-UHFFFAOYSA-N,False
1,CC1CCOC2(CCCCC2)O1,"InChI=1S/C10H18O2/c1-9-5-8-11-10(12-9)6-3-2-4-7-10/h9H,2-8H2,1H3",AUXQNFDMCKINEC-UHFFFAOYSA-N,False
1,O=COCCCC1CCCCC1,"InChI=1S/C10H18O2/c11-9-12-8-4-7-10-5-2-1-3-6-10/h9-10H,1-8H2",JRZIOSDLPFQFBS-UHFFFAOYSA-N,False
1,COC(=O)OC1CCCCCCC1,"InChI=1S/C10H18O3/c1-12-10(11)13-9-7-5-3-2-4-6-8-9/h9H,2-8H2,1H3",MCNKZOMTVSVVSJ-UHFFFAOYSA-N,False
1,CCCCCCCC(=O)CC(=O)O,"InChI=1S/C10H18O3/c1-2-3-4-5-6-7-9(11)8-10(12)13/h2-8H2,1H3,(H,12,13)",YXTHWTPUTHTODU-UHFFFAOYSA-N,False
1,CCCCCCC1COC(=O)CO1,"InChI=1S/C10H18O3/c1-2-3-4-5-6-9-7-13-10(11)8-12-9/h9H,2-8H2,1H3",KBOAQIXMCPQXIP-UHFFFAOYSA-N,False
1,CCCCCC(=O)CCCC(=O)O,"InChI=1S/C10H18O3/c1-2-3-4-6-9(11)7-5-8-10(12)13/h2-8H2,1H3,(H,12,13)",SDKDCMWTAOZNGB-UHFFFAOYSA-N,False
1,CCCCCC(=O)C(C)(O)C(C)=O,"InChI=1S/C10H18O3/c1-4-5-6-7-9(12)10(3,13)8(2)11/h13H,4-7H2,1-3H3",LWAGDIOTWITDPB-UHFFFAOYSA-N,False
1,C=CCOC(=O)COCCC(C)C,"InChI=1S/C10H18O3/c1-4-6-13-10(11)8-12-7-5-9(2)3/h4,9H,1,5-8H2,2-3H3",XCWPXUNHSPOFGV-UHFFFAOYSA-N,False
1,CCCCC(C(C)=O)C(=O)OCC,"InChI=1S/C10H18O3/c1-4-6-7-9(8(3)11)10(12)13-5-2/h9H,4-7H2,1-3H3",ZTOQBHVLCJERBS-UHFFFAOYSA-N,False
1,CC(=O)CCC(=O)OCCC(C)C,"InChI=1S/C10H18O3/c1-8(2)6-7-13-10(12)5-4-9(3)11/h8H,4-7H2,1-3H3",NYIALINCMIXBSP-UHFFFAOYSA-N,False
1,CCCC(CCOC(C)=O)SC(C)=O,"InChI=1S/C10H18O3S/c1-4-5-10(14-9(3)12)6-7-13-8(2)11/h10H,4-7H2,1-3H3",GSJSVAFGVJLTNQ-UHFFFAOYSA-N,False
1,CCOC(=O)CCCCCOC(C)=O,"InChI=1S/C10H18O4/c1-3-13-10(12)7-5-4-6-8-14-9(2)11/h3-8H2,1-2H3",ODGMPRNNVXITJQ-UHFFFAOYSA-N,False
1,CCOC(=O)CCC1(C)OCC(C)O1,"InChI=1S/C10H18O4/c1-4-12-9(11)5-6-10(3)13-7-8(2)14-10/h8H,4-7H2,1-3H3",IAZAUEBWBHMDGV-UHFFFAOYSA-N,False
1,CC1CCC(C(C)(C)S)C(=O)C1,"InChI=1S/C10H18OS/c1-7-4-5-8(9(11)6-7)10(2,3)12/h7-8,12H,4-6H2,1-3H3",RVOKNSFEAOYULQ-UHFFFAOYSA-N,False
1,CC(C)=CCSC(=O)CC(C)C,"InChI=1S/C10H18OS/c1-8(2)5-6-12-10(11)7-9(3)4/h5,9H,6-7H2,1-4H3",XRSCNXJBNPBYOO-UHFFFAOYSA-N,False
1,CC1CCC2CC1SC2(C)C,"InChI=1S/C10H18S/c1-7-4-5-8-6-9(7)11-10(8,2)3/h7-9H,4-6H2,1-3H3",FAXNZPOZWCWYBD-UHFFFAOYSA-N,False
1,CC1=CCC(C(C)(C)S)CC1,"InChI=1S/C10H18S/c1-8-4-6-9(7-5-8)10(2,3)11/h4,9,11H,5-7H2,1-3H3",ZQPCOAKGRYBBMR-UHFFFAOYSA-N,False
1,CC1(S)CCC2CC1C2(C)C,"InChI=1S/C10H18S/c1-9(2)7-4-5-10(3,11)8(9)6-7/h7-8,11H,4-6H2,1-3H3",ZPUCQOXKFCVYGL-UHFFFAOYSA-N,False
1,CCCCCCCCCC#N,"InChI=1S/C10H19N/c1-2-3-4-5-6-7-8-9-10-11/h2-9H2,1H3",HBZDPWBWBJMYRY-UHFFFAOYSA-N,False
1,CC(C)CCCC(C)CC#N,"InChI=1S/C10H19N/c1-9(2)5-4-6-10(3)7-8-11/h9-10H,4-7H2,1-3H3",SAPMLSXAXRULJB-UHFFFAOYSA-N,False
0,CSC1=NC(NC(C)C)=NC(NC(C)C)=N1,"InChI=1S/C10H19N5S/c1-6(2)11-8-13-9(12-7(3)4)15-10(14-8)16-5/h6-7H,1-5H3,(H2,11,12,13,14,15)",AAEVYOVXGOFMJO-UHFFFAOYSA-N,False
1,CC(C)=CCCC(C)CC=NO,"InChI=1S/C10H19NO/c1-9(2)5-4-6-10(3)7-8-11-12/h5,8,10,12H,4,6-7H2,1-3H3",JUCCIEVMICHZPK-UHFFFAOYSA-N,False
1,CC(CC#N)CCCC(C)(C)O,"InChI=1S/C10H19NO/c1-9(6-8-11)5-4-7-10(2,3)12/h9,12H,4-7H2,1-3H3",UQHYGZPJERPFLI-UHFFFAOYSA-N,False
1,C=CC(C)CCCC(C)C,"InChI=1S/C10H20/c1-5-10(4)8-6-7-9(2)3/h5,9-10H,1,6-8H2,2-4H3",KSXTZYRIJKDCEA-UHFFFAOYSA-N,False
0,CCN(CC)C(=S)SSC(=S)N(CC)CC,"InChI=1S/C10H20N2S4/c1-5-11(6-2)9(13)15-16-10(14)12(7-3)8-4/h5-8H2,1-4H3",AUZONCFQVSMFAP-UHFFFAOYSA-N,False
1,CC(C)CCCCCCC=O,"InChI=1S/C10H20O/c1-10(2)8-6-4-3-5-7-9-11/h9-10H,3-8H2,1-2H3",WDMOXLRWVGEXJV-UHFFFAOYSA-N,False
1,CC(C)(C)C1CCC(O)CC1,"InChI=1S/C10H20O/c1-10(2,3)8-4-6-9(11)7-5-8/h8-9,11H,4-7H2,1-3H3",CCOQPGVQAWPUPE-UHFFFAOYSA-N,False
1,CC(C)(C)C1CCCCC1O,"InChI=1S/C10H20O/c1-10(2,3)8-6-4-5-7-9(8)11/h8-9,11H,4-7H2,1-3H3",DLTWBMHADAJAAZ-UHFFFAOYSA-N,False
1,CCCCCCCCCC=O,"InChI=1S/C10H20O/c1-2-3-4-5-6-7-8-9-10-11/h10H,2-9H2,1H3",KSMVZQYAVGTKIV-UHFFFAOYSA-N,False
1,C=CCCCCCCCCO,"InChI=1S/C10H20O/c1-2-3-4-5-6-7-8-9-10-11/h2,11H,1,3-10H2",QGFSQVPRCWJZQK-UHFFFAOYSA-N,False
1,CCCCCCCC=CCO,"InChI=1S/C10H20O/c1-2-3-4-5-6-7-8-9-10-11/h8-9,11H,2-7,10H2,1H3",QOPYYRPCXHTOQZ-UHFFFAOYSA-N,False
1,CCCCCC1CCCC1O,"InChI=1S/C10H20O/c1-2-3-4-6-9-7-5-8-10(9)11/h9-11H,2-8H2,1H3",MWYGSCHWFNRSET-UHFFFAOYSA-N,False
1,CCCCCCCCC(C)=O,"InChI=1S/C10H20O/c1-3-4-5-6-7-8-9-10(2)11/h3-9H2,1-2H3",ZAJNGDIORYACQU-UHFFFAOYSA-N,False
1,CCCCCCCC(=O)CC,"InChI=1S/C10H20O/c1-3-5-6-7-8-9-10(11)4-2/h3-9H2,1-2H3",XJLDYKIEURAVBW-UHFFFAOYSA-N,False
1,C=CC(O)CCCCCCC,"InChI=1S/C10H20O/c1-3-5-6-7-8-9-10(11)4-2/h4,10-11H,2-3,5-9H2,1H3",NSFWLHKFTGZFBP-UHFFFAOYSA-N,False
1,CCCCC(CC)CCC=O,"InChI=1S/C10H20O/c1-3-5-7-10(4-2)8-6-9-11/h9-10H,3-8H2,1-2H3",OWCKBMRUMZFWED-UHFFFAOYSA-N,False
1,CCC(C)CCCC(C)C=O,"InChI=1S/C10H20O/c1-4-9(2)6-5-7-10(3)8-11/h8-10H,4-7H2,1-3H3",CBOBADCVMLMQRW-UHFFFAOYSA-N,False
1,C=CC(C)(O)CCCC(C)C,"InChI=1S/C10H20O/c1-5-10(4,11)8-6-7-9(2)3/h5,9,11H,1,6-8H2,2-4H3",IUDWWFNDSJRYRV-UHFFFAOYSA-N,False
1,CCC(C)(O)CCC=C(C)C,"InChI=1S/C10H20O/c1-5-10(4,11)8-6-7-9(2)3/h7,11H,5-6,8H2,1-4H3",JRTBBCBDKSRRCY-UHFFFAOYSA-N,False
1,C=CC(C)CCCC(C)(C)O,"InChI=1S/C10H20O/c1-5-9(2)7-6-8-10(3,4)11/h5,9,11H,1,6-8H2,2-4H3",XSNQECSCDATQEL-UHFFFAOYSA-N,False
1,CC(O)C1CCCC(C)(C)C1,"InChI=1S/C10H20O/c1-8(11)9-5-4-6-10(2,3)7-9/h8-9,11H,4-7H2,1-3H3",BVUYQSFBRKUJNK-UHFFFAOYSA-N,False
1,CC(C)C1CCC(CO)CC1,"InChI=1S/C10H20O/c1-8(2)10-5-3-9(7-11)4-6-10/h8-11H,3-7H2,1-2H3",KHWTYGFHPHRQMP-UHFFFAOYSA-N,False
1,CC(C)CC1CC(C)CCO1,"InChI=1S/C10H20O/c1-8(2)6-10-7-9(3)4-5-11-10/h8-10H,4-7H2,1-3H3",LETLQGKRPMMKKC-UHFFFAOYSA-N,False
1,CC(=O)C(C)CCCC(C)C,"InChI=1S/C10H20O/c1-8(2)6-5-7-9(3)10(4)11/h8-9H,5-7H2,1-4H3",OYPPRIFJCRJKLW-UHFFFAOYSA-N,False
1,CC(C=O)C(C)CC(C)(C)C,"InChI=1S/C10H20O/c1-8(9(2)7-11)6-10(3,4)5/h7-9H,6H2,1-5H3",COJYJCJUBHUSDJ-UHFFFAOYSA-N,False
1,CC1CCC(C(C)(C)O)CC1,"InChI=1S/C10H20O/c1-8-4-6-9(7-5-8)10(2,3)11/h8-9,11H,4-7H2,1-3H3",UODXCYZDMHPIJE-UHFFFAOYSA-N,False
1,CC(C)CCCC(C)CC=O,"InChI=1S/C10H20O/c1-9(2)5-4-6-10(3)7-8-11/h8-10H,4-7H2,1-3H3",UCSIFMPORANABL-UHFFFAOYSA-N,False
1,CCCCCCCC1OCCO1,"InChI=1S/C10H20O2/c1-2-3-4-5-6-7-10-11-8-9-12-10/h10H,2-9H2,1H3",LWJBQKKNODYJEI-UHFFFAOYSA-N,False
1,CCCCCCCCCC(=O)O,"InChI=1S/C10H20O2/c1-2-3-4-5-6-7-8-9-10(11)12/h2-9H2,1H3,(H,11,12)",GHVNFZFCNZKVNT-UHFFFAOYSA-N,False
1,CCCCCCCCOCC=O,"InChI=1S/C10H20O2/c1-2-3-4-5-6-7-9-12-10-8-11/h8H,2-7,9-10H2,1H3",IJPYVMFNQLITDN-UHFFFAOYSA-N,False
1,CCOC1(OCC)CCCCC1,"InChI=1S/C10H20O2/c1-3-11-10(12-4-2)8-6-5-7-9-10/h3-9H2,1-2H3",MWUDABUKTZAZCX-UHFFFAOYSA-N,False
1,CCCCCC1CCOC(C)O1,"InChI=1S/C10H20O2/c1-3-4-5-6-10-7-8-11-9(2)12-10/h9-10H,3-8H2,1-2H3",NZTUUEJEMACERX-UHFFFAOYSA-N,False
1,CCCCCCC(CO)C(C)=O,"InChI=1S/C10H20O2/c1-3-4-5-6-7-10(8-11)9(2)12/h10-11H,3-8H2,1-2H3",DIZUHEORFPDTIQ-UHFFFAOYSA-N,False
1,CCCCCCC1OCC(C)O1,"InChI=1S/C10H20O2/c1-3-4-5-6-7-10-11-8-9(2)12-10/h9-10H,3-8H2,1-2H3",GFNFPBSXMBRHRU-UHFFFAOYSA-N,False
1,CCCCCCCCC(=O)OC,"InChI=1S/C10H20O2/c1-3-4-5-6-7-8-9-10(11)12-2/h3-9H2,1-2H3",IJXHLVMUNBOGRR-UHFFFAOYSA-N,False
1,CCCCCCCCOC(C)=O,"InChI=1S/C10H20O2/c1-3-4-5-6-7-8-9-12-10(2)11/h3-9H2,1-2H3",YLYBTZIQSIBWLI-UHFFFAOYSA-N,False
1,CCCCCC(C)CCC(=O)O,"InChI=1S/C10H20O2/c1-3-4-5-6-9(2)7-8-10(11)12/h9H,3-8H2,1-2H3,(H,11,12)",WQTZCQIRCYSUBQ-UHFFFAOYSA-N,False
1,CCCCCCC(=O)OCCC,"InChI=1S/C10H20O2/c1-3-5-6-7-8-10(11)12-9-4-2/h3-9H2,1-2H3",UWZVPQKWYFZLLW-UHFFFAOYSA-N,False
1,CCCCCCCC(=O)OCC,"InChI=1S/C10H20O2/c1-3-5-6-7-8-9-10(11)12-4-2/h3-9H2,1-2H3",YYZUSRORWSJGET-UHFFFAOYSA-N,False
1,CCCCCCCOC(=O)CC,"InChI=1S/C10H20O2/c1-3-5-6-7-8-9-12-10(11)4-2/h3-9H2,1-2H3",BGYICJVBGZQOCY-UHFFFAOYSA-N,False
1,CCCCCCOC(=O)CCC,"InChI=1S/C10H20O2/c1-3-5-6-7-9-12-10(11)8-4-2/h3-9H2,1-2H3",XAPCMTMQBXLDBB-UHFFFAOYSA-N,False
1,CCCCC(CC)C1OCCO1,"InChI=1S/C10H20O2/c1-3-5-6-9(4-2)10-11-7-8-12-10/h9-10H,3-8H2,1-2H3",LQSZQAHPRJMRET-UHFFFAOYSA-N,False
1,CCCCC(CC)CCC(=O)O,"InChI=1S/C10H20O2/c1-3-5-6-9(4-2)7-8-10(11)12/h9H,3-8H2,1-2H3,(H,11,12)",PWKJMPFEQOHBAC-UHFFFAOYSA-N,False
1,CCCCCC(=O)OCCCC,"InChI=1S/C10H20O2/c1-3-5-7-8-10(11)12-9-6-4-2/h3-9H2,1-2H3",RPRPDTXKGSIXMD-UHFFFAOYSA-N,False
1,CCCCCOC(=O)CCCC,"InChI=1S/C10H20O2/c1-3-5-7-9-12-10(11)8-6-4-2/h3-9H2,1-2H3",FGPPDYNPZTUNIU-UHFFFAOYSA-N,False
1,CCCCC(=O)OCCC(C)C,"InChI=1S/C10H20O2/c1-4-5-6-10(11)12-8-7-9(2)3/h9H,4-8H2,1-3H3",UBLAMKHIFZBBSS-UHFFFAOYSA-N,False
1,CCCCCC(=O)OCC(C)C,"InChI=1S/C10H20O2/c1-4-5-6-7-10(11)12-8-9(2)3/h9H,4-8H2,1-3H3",UXUPPWPIGVTVQI-UHFFFAOYSA-N,False
1,CCCCCC1OC(C)C(C)O1,"InChI=1S/C10H20O2/c1-4-5-6-7-10-11-8(2)9(3)12-10/h8-10H,4-7H2,1-3H3",CMOJDAJROWMHLQ-UHFFFAOYSA-N,False
1,CCCCCOC(=O)CC(C)C,"InChI=1S/C10H20O2/c1-4-5-6-7-12-10(11)8-9(2)3/h9H,4-8H2,1-3H3",QURFFFCYNQXLCU-UHFFFAOYSA-N,False
1,CCCCCCOC(=O)C(C)C,"InChI=1S/C10H20O2/c1-4-5-6-7-8-12-10(11)9(2)3/h9H,4-8H2,1-3H3",CYHBDKTZDLSRMY-UHFFFAOYSA-N,False
1,CCCCC(CC)COC(C)=O,"InChI=1S/C10H20O2/c1-4-6-7-10(5-2)8-12-9(3)11/h10H,4-8H2,1-3H3",WOYWLLHHWAMFCB-UHFFFAOYSA-N,False
1,CCCCCC(CC)OC(C)=O,"InChI=1S/C10H20O2/c1-4-6-7-8-10(5-2)12-9(3)11/h10H,4-8H2,1-3H3",STZUZYMKSMSTOU-UHFFFAOYSA-N,False
1,CCCCCOC(=O)C(C)CC,"InChI=1S/C10H20O2/c1-4-6-7-8-12-10(11)9(3)5-2/h9H,4-8H2,1-3H3",RHNBXPIJLXBHMF-UHFFFAOYSA-N,False
1,CCCCOC(=O)C(C)CCC,"InChI=1S/C10H20O2/c1-4-6-8-12-10(11)9(3)7-5-2/h9H,4-8H2,1-3H3",FMVUGLMJUHFPSJ-UHFFFAOYSA-N,False
1,CCCCC(C)OC(=O)CCC,"InChI=1S/C10H20O2/c1-4-6-8-9(3)12-10(11)7-5-2/h9H,4-8H2,1-3H3",LRUMZDICEGQZIB-UHFFFAOYSA-N,False
1,CCCCC(CC)C(=O)OCC,"InChI=1S/C10H20O2/c1-4-7-8-9(5-2)10(11)12-6-3/h9H,4-8H2,1-3H3",YXAGIRHBJJLWHW-UHFFFAOYSA-N,False
1,CCCC=CC(OCC)OCC,"InChI=1S/C10H20O2/c1-4-7-8-9-10(11-5-2)12-6-3/h8-10H,4-7H2,1-3H3",WMQKYHTZGYIHHD-UHFFFAOYSA-N,False
1,CCCC(C)OC(=O)CC(C)C,"InChI=1S/C10H20O2/c1-5-6-9(4)12-10(11)7-8(2)3/h8-9H,5-7H2,1-4H3",DUJBVANUBSYWGF-UHFFFAOYSA-N,False
1,CCC(C)COC(=O)C(C)CC,"InChI=1S/C10H20O2/c1-5-8(3)7-12-10(11)9(4)6-2/h8-9H,5-7H2,1-4H3",PVYFCGRBIREQLL-UHFFFAOYSA-N,False
1,CCC(C)C(=O)OCCC(C)C,"InChI=1S/C10H20O2/c1-5-9(4)10(11)12-7-6-8(2)3/h8-9H,5-7H2,1-4H3",VGIRHYHLQKDEPP-UHFFFAOYSA-N,False
1,CCC(C)COC(=O)CC(C)C,"InChI=1S/C10H20O2/c1-5-9(4)7-12-10(11)6-8(2)3/h8-9H,5-7H2,1-4H3",CYGPPWVXOWCHJB-UHFFFAOYSA-N,False
1,CC1CCC(C(C)(C)O)C(O)C1,"InChI=1S/C10H20O2/c1-7-4-5-8(9(11)6-7)10(2,3)12/h7-9,11-12H,4-6H2,1-3H3",LMXFTMYMHGYJEI-UHFFFAOYSA-N,False
1,C=C(C)C(O)CCC(C)CCO,"InChI=1S/C10H20O2/c1-8(2)10(12)5-4-9(3)6-7-11/h9-12H,1,4-7H2,2-3H3",HWNJNAUJFVQJRV-UHFFFAOYSA-N,False
1,CC(C)CCOC(=O)CC(C)C,"InChI=1S/C10H20O2/c1-8(2)5-6-12-10(11)7-9(3)4/h8-9H,5-7H2,1-4H3",XINCECQTMHSORG-UHFFFAOYSA-N,False
1,CC(C)CC1CC(C)(O)CCO1,"InChI=1S/C10H20O2/c1-8(2)6-9-7-10(3,11)4-5-12-9/h8-9,11H,4-7H2,1-3H3",YVSNOTITPICPTB-UHFFFAOYSA-N,False
1,CC(=O)OCCCCCC(C)C,"InChI=1S/C10H20O2/c1-9(2)7-5-4-6-8-12-10(3)11/h9H,4-8H2,1-3H3",DICUPLXUNISGAQ-UHFFFAOYSA-N,False
1,CC(CCOC=O)CC(C)(C)C,"InChI=1S/C10H20O2/c1-9(5-6-12-8-11)7-10(2,3)4/h8-9H,5-7H2,1-4H3",MMANPPDMMOUQIX-UHFFFAOYSA-N,False
1,CC(CC=O)CCCC(C)(C)O,"InChI=1S/C10H20O2/c1-9(6-8-11)5-4-7-10(2,3)12/h8-9,12H,4-7H2,1-3H3",WPFVBOQKRVRMJB-UHFFFAOYSA-N,False
1,COC(C)(C)CCCC(C)C=O,"InChI=1S/C10H20O2/c1-9(8-11)6-5-7-10(2,3)12-4/h8-9H,5-7H2,1-4H3",QMXBURPYNWBMJR-UHFFFAOYSA-N,False
1,CCCCCCOC(=O)CC(C)S,"InChI=1S/C10H20O2S/c1-3-4-5-6-7-12-10(11)8-9(2)13/h9,13H,3-8H2,1-2H3",HDYQKQAKXIPCAP-UHFFFAOYSA-N,False
1,CCCC(=O)OCCC(S)CCC,"InChI=1S/C10H20O2S/c1-3-5-9(13)7-8-12-10(11)6-4-2/h9,13H,3-8H2,1-2H3",TZNJKOLXWHXDAF-UHFFFAOYSA-N,False
1,CCCCCCC1OCC(CO)O1,"InChI=1S/C10H20O3/c1-2-3-4-5-6-10-12-8-9(7-11)13-10/h9-11H,2-8H2,1H3",TYRXGKKCQUIWGI-UHFFFAOYSA-N,False
1,CCCCCCCOCC(=O)CO,"InChI=1S/C10H20O3/c1-2-3-4-5-6-7-13-9-10(12)8-11/h11H,2-9H2,1H3",RTVRNOZYRASYKB-UHFFFAOYSA-N,False
1,CCCCCC(O)CC(=O)OCC,"InChI=1S/C10H20O3/c1-3-5-6-7-9(11)8-10(12)13-4-2/h9,11H,3-8H2,1-2H3",VGWUJHSTGYCXQQ-UHFFFAOYSA-N,False
1,CCCC(O)CCCC(=O)OCC,"InChI=1S/C10H20O3/c1-3-6-9(11)7-5-8-10(12)13-4-2/h9,11H,3-8H2,1-2H3",GIFGDAGRKYHDLN-UHFFFAOYSA-N,False
1,CC(C)CC1SSC(CC(C)C)S1,"InChI=1S/C10H20S3/c1-7(2)5-9-11-10(13-12-9)6-8(3)4/h7-10H,5-6H2,1-4H3",KDWIVNVANGCLCA-UHFFFAOYSA-N,False
1,CC(C)CC=NCCC(C)C,"InChI=1S/C10H21N/c1-9(2)5-7-11-8-6-10(3)4/h7,9-10H,5-6,8H2,1-4H3",WYNULUURQZBBSK-UHFFFAOYSA-N,False
1,CNC(=O)C(C)(C(C)C)C(C)C,"InChI=1S/C10H21NO/c1-7(2)10(5,8(3)4)9(12)11-6/h7-8H,1-6H3,(H,11,12)",RWAXQWRDVUOOGG-UHFFFAOYSA-N,False
1,CCCCCCCCCCO,"InChI=1S/C10H22O/c1-2-3-4-5-6-7-8-9-10-11/h11H,2-10H2,1H3",MWKFXSUHUHTGQN-UHFFFAOYSA-N,False
1,CCCCCCCC(O)CC,"InChI=1S/C10H22O/c1-3-5-6-7-8-9-10(11)4-2/h10-11H,3-9H2,1-2H3",ICEQLCZWZXUUIJ-UHFFFAOYSA-N,False
1,CCCCC(O)C(C)CCC,"InChI=1S/C10H22O/c1-4-6-8-10(11)9(3)7-5-2/h9-11H,4-8H2,1-3H3",MBZNNOPVFZCHID-UHFFFAOYSA-N,False
1,CCC(C)(O)CCCC(C)C,"InChI=1S/C10H22O/c1-5-10(4,11)8-6-7-9(2)3/h9,11H,5-8H2,1-4H3",DLHQZZUEERVIGQ-UHFFFAOYSA-N,False
1,CCC(C)CCCC(C)(C)O,"InChI=1S/C10H22O/c1-5-9(2)7-6-8-10(3,4)11/h9,11H,5-8H2,1-4H3",WRFXXJKURVTLSY-UHFFFAOYSA-N,False
1,CCC(C)CCC(C)(O)CC,"InChI=1S/C10H22O/c1-5-9(3)7-8-10(4,11)6-2/h9,11H,5-8H2,1-4H3",NPHCXUPGMINOPP-UHFFFAOYSA-N,False
1,CC(C)C(C)CCC(C)(C)O,"InChI=1S/C10H22O/c1-8(2)9(3)6-7-10(4,5)11/h8-9,11H,6-7H2,1-5H3",LQQYOLMGDBGEBC-UHFFFAOYSA-N,False
1,CC(C)CCCC(C)CCO,"InChI=1S/C10H22O/c1-9(2)5-4-6-10(3)7-8-11/h9-11H,4-8H2,1-3H3",PRNCMAKCNVRZFX-UHFFFAOYSA-N,False
1,CCCCCCCC(OC)OC,"InChI=1S/C10H22O2/c1-4-5-6-7-8-9-10(11-2)12-3/h10H,4-9H2,1-3H3",BZOOCKAFKVYAOZ-UHFFFAOYSA-N,False
1,CCCCCCOC(C)OCC,"InChI=1S/C10H22O2/c1-4-6-7-8-9-12-10(3)11-5-2/h10H,4-9H2,1-3H3",YJYLJPSYBMNHTG-UHFFFAOYSA-N,False
1,CCCCOC(C)OCCCC,"InChI=1S/C10H22O2/c1-4-6-8-11-10(3)12-9-7-5-2/h10H,4-9H2,1-3H3",SWTCCCJQNPGXLQ-UHFFFAOYSA-N,False
1,CCCCCC(OCC)OCC,"InChI=1S/C10H22O2/c1-4-7-8-9-10(11-5-2)12-6-3/h10H,4-9H2,1-3H3",WNHOMUCDFNTSEV-UHFFFAOYSA-N,False
1,CC(CCO)CCCC(C)(C)O,"InChI=1S/C10H22O2/c1-9(6-8-11)5-4-7-10(2,3)12/h9,11-12H,4-8H2,1-3H3",FPCCDPXRNNVUOM-UHFFFAOYSA-N,False
1,CCCCCCOCC(OC)OC,"InChI=1S/C10H22O3/c1-4-5-6-7-8-13-9-10(11-2)12-3/h10H,4-9H2,1-3H3",LIVMHHPZBYEKCU-UHFFFAOYSA-N,False
1,CC(C)CCSSCCC(C)C,"InChI=1S/C10H22S2/c1-9(2)5-7-11-12-8-6-10(3)4/h9-10H,5-8H2,1-4H3",MPYGLNNTOXLWOB-UHFFFAOYSA-N,False
0,COC(=O)C1=C(Cl)C(Cl)=C(C(=O)OC)C(Cl)=C1Cl,InChI=1S/C10H6Cl4O4/c1-17-9(15)3-5(11)7(13)4(10(16)18-2)8(14)6(3)12/h1-2H3,NPOJQCVWMSKXDN-UHFFFAOYSA-N,False
0,ClC1=C(Cl)C2(Cl)C3C(Cl)C(Cl)CC3C1(Cl)C2(Cl)Cl,"InChI=1S/C10H6Cl8/c11-3-1-2-4(5(3)12)9(16)7(14)6(13)8(2,15)10(9,17)18/h2-5H,1H2",BIWJNBZANLAXMG-UHFFFAOYSA-N,False
0,CC1=CC2=C(C=C1)N=C1SC(=O)SC1=N2,"InChI=1S/C10H6N2OS2/c1-5-2-3-6-7(4-5)12-9-8(11-6)14-10(13)15-9/h2-4H,1H3",FBQQHUGEACOBDN-UHFFFAOYSA-N,False
0,O=C1C=CC2=CC=CC=C2C1=O,InChI=1S/C10H6O2/c11-9-6-5-7-3-1-2-4-8(7)10(9)12/h1-6H,KETQAJRQOHHATG-UHFFFAOYSA-N,False
0,C1=CC=C2NC(C3=CSC=N3)=NC2=C1,"InChI=1S/C10H7N3S/c1-2-4-8-7(3-1)12-10(13-8)9-5-14-6-11-9/h1-6H,(H,12,13)",WJCNZQLZVWNLKY-UHFFFAOYSA-N,False
0,O=[N+]([O-])C1=CC=CC2=CC=CC=C21,InChI=1S/C10H7NO2/c12-11(13)10-7-3-5-8-4-1-2-6-9(8)10/h1-7H,RJKGJBPXVHTNJL-UHFFFAOYSA-N,False
1,C1=CC=C2C=CC=CC2=C1,InChI=1S/C10H8/c1-2-6-10-8-4-3-7-9(10)5-1/h1-8H,UFWIBTONFRDIAS-UHFFFAOYSA-N,False
0,NC1=C(Cl)C(=O)N(C2=CC=CC=C2)N=C1,"InChI=1S/C10H8ClN3O/c11-9-8(12)6-13-14(10(9)15)7-4-2-1-3-5-7/h1-6H,12H2",WYKYKTKDBLFHCY-UHFFFAOYSA-N,False
1,CC(=O)C1=CC2=CC=CC=C2O1,"InChI=1S/C10H8O2/c1-7(11)10-6-8-4-2-3-5-9(8)12-10/h2-6H,1H3",YUTFQTAITWWGFH-UHFFFAOYSA-N,False
1,CC1=CC2=C(C=CC(=O)O2)C=C1,"InChI=1S/C10H8O2/c1-7-2-3-8-4-5-10(11)12-9(8)6-7/h2-6H,1H3",DLHXRDUXNVEIEY-UHFFFAOYSA-N,False
1,CC1=CC2=C(C=C1)OC(=O)C=C2,"InChI=1S/C10H8O2/c1-7-2-4-9-8(6-7)3-5-10(11)12-9/h2-6H,1H3",FXFYOPQLGGEACP-UHFFFAOYSA-N,False
1,O=C1OC2=CC=CC=C2C2CC12,"InChI=1S/C10H8O2/c11-10-8-5-7(8)6-3-1-2-4-9(6)12-10/h1-4,7-8H,5H2",BSNSPNHWEMGXBT-UHFFFAOYSA-N,False
1,COC1=CC2=C(C=CC(=O)O2)C=C1,"InChI=1S/C10H8O3/c1-12-8-4-2-7-3-5-10(11)13-9(7)6-8/h2-6H,1H3",LIIALPBMIOVAHH-UHFFFAOYSA-N,False
1,SC1=CC2=CC=CC=C2C=C1,"InChI=1S/C10H8S/c11-10-6-5-8-3-1-2-4-9(8)7-10/h1-7,11H",RFCQDOVPMUSZMN-UHFFFAOYSA-N,False
1,CC(=O)OC(C1=CC=CC=C1)C(Cl)(Cl)Cl,"InChI=1S/C10H9Cl3O2/c1-7(14)15-9(10(11,12)13)8-5-3-2-4-6-8/h2-6,9H,1H3",JKRWZLOCPLZZEI-UHFFFAOYSA-N,False
0,N#CN=C1SCCN1CC1=CN=C(Cl)C=C1,"InChI=1S/C10H9ClN4S/c11-9-2-1-8(5-13-9)6-15-3-4-16-10(15)14-7-12/h1-2,5H,3-4,6H2",HOKKPVIRMVDYPB-UHFFFAOYSA-N,False
1,CC1=CC2=C(C=C1)N=CC=C2,"InChI=1S/C10H9N/c1-8-4-5-10-9(7-8)3-2-6-11-10/h2-7H,1H3",LUYISICIYVKBTA-UHFFFAOYSA-N,False
1,CC1=CC=NC2=CC=CC=C12,"InChI=1S/C10H9N/c1-8-6-7-11-10-5-3-2-4-9(8)10/h2-7H,1H3",MUDSDYNRBDKLGK-UHFFFAOYSA-N,False
1,COC(=O)N1C=CC2=CC=CC=C21,"InChI=1S/C10H9NO2/c1-13-10(12)11-7-6-8-4-2-3-5-9(8)11/h2-7H,1H3",FHOPBCYBMWVMGJ-UHFFFAOYSA-N,False
0,CNC(=O)OC1=C2C=CSC2=CC=C1,"InChI=1S/C10H9NO2S/c1-11-10(12)13-8-3-2-4-9-7(8)5-6-14-9/h2-6H,1H3,(H,11,12)",BOTUVXISJHKZKJ-UHFFFAOYSA-N,False
1,CC1=CC=CC2=CC=CC=C12,"InChI=1S/C11H10/c1-9-5-4-7-10-6-2-3-8-11(9)10/h2-8H,1H3",QPUYECUOLPXSFR-UHFFFAOYSA-N,False
1,CC1=CC2=CC=CC=C2C=C1,"InChI=1S/C11H10/c1-9-6-7-10-4-2-3-5-11(10)8-9/h2-8H,1H3",QIMMUPPBPVKWKM-UHFFFAOYSA-N,False
0,NC(=S)NC1=CC=CC2=CC=CC=C21,"InChI=1S/C11H10N2S/c12-11(14)13-10-7-3-5-8-4-1-2-6-9(8)10/h1-7H,(H3,12,13,14)",PIVQQUNOTICCSA-UHFFFAOYSA-N,False
1,COC1=CC2=CC=CC=C2C=C1,"InChI=1S/C11H10O/c1-12-11-7-6-9-4-2-3-5-10(9)8-11/h2-8H,1H3",LUZDYPLAQQGJEA-UHFFFAOYSA-N,False
1,CCC=C1OC(=O)C2=CC=CC=C12,"InChI=1S/C11H10O2/c1-2-5-10-8-6-3-4-7-9(8)11(12)13-10/h3-7H,2H2,1H3",NGSZDVVHIGAMOJ-UHFFFAOYSA-N,False
1,CC1=CC(SC(=O)C2=CC=CO2)=C(C)O1,"InChI=1S/C11H10O3S/c1-7-6-10(8(2)14-7)15-11(12)9-4-3-5-13-9/h3-6H,1-2H3",IHJDHYVSIRCWIT-UHFFFAOYSA-N,False
1,C=CCCC(=O)C1=CC=CC=C1,"InChI=1S/C11H12O/c1-2-3-9-11(12)10-7-5-4-6-8-10/h2,4-8H,1,3,9H2",KYGSYTRHCDNSGS-UHFFFAOYSA-N,False
1,C=CCC(C=O)C1=CC=CC=C1,"InChI=1S/C11H12O/c1-2-6-11(9-12)10-7-4-3-5-8-10/h2-5,7-9,11H,1,6H2",PBWQZEMADHTUIF-UHFFFAOYSA-N,False
1,CCC=C(C=O)C1=CC=CC=C1,"InChI=1S/C11H12O/c1-2-6-11(9-12)10-7-4-3-5-8-10/h3-9H,2H2,1H3",YPAJRUMMODCONM-UHFFFAOYSA-N,False
1,CC(=O)C(C)=CC1=CC=CC=C1,"InChI=1S/C11H12O/c1-9(10(2)12)8-11-6-4-3-5-7-11/h3-8H,1-2H3",BQJFBHBDOAIIGS-UHFFFAOYSA-N,False
1,CC(=O)OCC=CC1=CC=CC=C1,"InChI=1S/C11H12O2/c1-10(12)13-9-5-8-11-6-3-2-4-7-11/h2-8H,9H2,1H3",WJSDHUCWMSHDCR-UHFFFAOYSA-N,False
1,CCOC(=O)C=CC1=CC=CC=C1,"InChI=1S/C11H12O2/c1-2-13-11(12)9-8-10-6-4-3-5-7-10/h3-9H,2H2,1H3",KBEBGUQPQBELIU-UHFFFAOYSA-N,False
1,C1=CC=C(C=CC2OCCO2)C=C1,"InChI=1S/C11H12O2/c1-2-4-10(5-3-1)6-7-11-12-8-9-13-11/h1-7,11H,8-9H2",JQLASNFFJHGQTK-UHFFFAOYSA-N,False
1,C1=CC=C2C(=C1)CC1COCOC21,"InChI=1S/C11H12O2/c1-2-4-10-8(3-1)5-9-6-12-7-13-11(9)10/h1-4,9,11H,5-7H2",CZSXBBWOROMVEW-UHFFFAOYSA-N,False
1,CC=CC(=O)OCC1=CC=CC=C1,"InChI=1S/C11H12O2/c1-2-6-11(12)13-9-10-7-4-3-5-8-10/h2-8H,9H2,1H3",NCPTYZLUYHXITE-UHFFFAOYSA-N,False
1,C=CCOC(=O)CC1=CC=CC=C1,"InChI=1S/C11H12O2/c1-2-8-13-11(12)9-10-6-4-3-5-7-10/h2-7H,1,8-9H2",ZCDYAMJXVAUTIM-UHFFFAOYSA-N,False
1,COC1=CC=C(C=C(C)C=O)C=C1,"InChI=1S/C11H12O2/c1-9(8-12)7-10-3-5-11(13-2)6-4-10/h3-8H,1-2H3",BNBBFUJNMYQYLA-UHFFFAOYSA-N,False
1,CCOC(=O)C1OC1C1=CC=CC=C1,"InChI=1S/C11H12O3/c1-2-13-11(12)10-9(14-10)8-6-4-3-5-7-8/h3-7,9-10H,2H2,1H3",GOMAKLPNAAZVCJ-UHFFFAOYSA-N,False
1,CCOC(=O)CC(=O)C1=CC=CC=C1,"InChI=1S/C11H12O3/c1-2-14-11(13)8-10(12)9-6-4-3-5-7-9/h3-7H,2,8H2,1H3",GKKZMYDNDDMXSE-UHFFFAOYSA-N,False
1,C=CCOC(=O)COC1=CC=CC=C1,"InChI=1S/C11H12O3/c1-2-8-13-11(12)9-14-10-6-4-3-5-7-10/h2-7H,1,8-9H2",VUFZVGQUAVDKMC-UHFFFAOYSA-N,False
1,C=CCC1=CC2=C(C=C1OC)OCO2,"InChI=1S/C11H12O3/c1-3-4-8-5-10-11(14-7-13-10)6-9(8)12-2/h3,5-6H,1,4,7H2,2H3",FYRHTIWFKXZWAD-UHFFFAOYSA-N,False
1,C=CCC1=CC2=C(OCO2)C(OC)=C1,"InChI=1S/C11H12O3/c1-3-4-8-5-9(12-2)11-10(6-8)13-7-14-11/h3,5-6H,1,4,7H2,2H3",BNWJOHGLIBDBOB-UHFFFAOYSA-N,False
1,C=CCC1=CC(OC)=C(OC=O)C=C1,"InChI=1S/C11H12O3/c1-3-4-9-5-6-10(14-8-12)11(7-9)13-2/h3,5-8H,1,4H2,2H3",JUTKIGGQRLHTJN-UHFFFAOYSA-N,False
1,CC(=O)CCC1=CC2=C(C=C1)OCO2,"InChI=1S/C11H12O3/c1-8(12)2-3-9-4-5-10-11(6-9)14-7-13-10/h4-6H,2-3,7H2,1H3",TZJLGGWGVLADDN-UHFFFAOYSA-N,False
1,CC(C=O)CC1=CC2=C(C=C1)OCO2,"InChI=1S/C11H12O3/c1-8(6-12)4-9-2-3-10-11(5-9)14-7-13-10/h2-3,5-6,8H,4,7H2,1H3",BOPPSUHPZARXTH-UHFFFAOYSA-N,False
1,CC(=O)CC(=O)OCC1=CC=CC=C1,"InChI=1S/C11H12O3/c1-9(12)7-11(13)14-8-10-5-3-2-4-6-10/h2-6H,7-8H2,1H3",WOFAGNLBCJWEOE-UHFFFAOYSA-N,False
1,CCOC1=C(OC(C)=O)C=CC(C=O)=C1,"InChI=1S/C11H12O4/c1-3-14-11-6-9(7-12)4-5-10(11)15-8(2)13/h4-7H,3H2,1-2H3",XRZFVPCFHPIMAD-UHFFFAOYSA-N,False
0,CC1=NOC(NS(=O)(=O)C2=CC=C(N)C=C2)=C1C,"InChI=1S/C11H13N3O3S/c1-7-8(2)13-17-11(7)14-18(15,16)10-5-3-9(12)4-6-10/h3-6,14H,12H2,1-2H3",NHUHCSRWZMLRLA-UHFFFAOYSA-N,False
0,CNC(=O)OC1=CC=CC2=C1OC(C)(C)O2,"InChI=1S/C11H13NO4/c1-11(2)15-8-6-4-5-7(9(8)16-11)14-10(13)12-3/h4-6H,1-3H3,(H,12,13)",XEGGRYVFLWGFHI-UHFFFAOYSA-N,False
0,NC(=O)OCC(COC(N)=O)C1=CC=CC=C1,"InChI=1S/C11H14N2O4/c12-10(14)16-6-9(7-17-11(13)15)8-4-2-1-3-5-8/h1-5,9H,6-7H2,(H2,12,14)(H2,13,15)",WKGXYQFOCVYPAC-UHFFFAOYSA-N,False
1,CC(=O)CCCC1=CC=CC=C1,"InChI=1S/C11H14O/c1-10(12)6-5-9-11-7-3-2-4-8-11/h2-4,7-8H,5-6,9H2,1H3",DGMYRPFYNFQCHM-UHFFFAOYSA-N,False
1,CC(C=O)CCC1=CC=CC=C1,"InChI=1S/C11H14O/c1-10(9-12)7-8-11-5-3-2-4-6-11/h2-6,9-10H,7-8H2,1H3",RLFLIPVJQTWXKR-UHFFFAOYSA-N,False
1,CC(C)(C=O)CC1=CC=CC=C1,"InChI=1S/C11H14O/c1-11(2,9-12)8-10-6-4-3-5-7-10/h3-7,9H,8H2,1-2H3",KYUNECWPKRYPJM-UHFFFAOYSA-N,False
1,COC1=CC=C(CC2CC2)C=C1,"InChI=1S/C11H14O/c1-12-11-6-4-10(5-7-11)8-9-2-3-9/h4-7,9H,2-3,8H2,1H3",SHLSJFDJYSSUIP-UHFFFAOYSA-N,False
1,CCCCC(=O)C1=CC=CC=C1,"InChI=1S/C11H14O/c1-2-3-9-11(12)10-7-5-4-6-8-10/h4-8H,2-3,9H2,1H3",XKGLSKVNOSHTAD-UHFFFAOYSA-N,False
1,C=CCOCCC1=CC=CC=C1,"InChI=1S/C11H14O/c1-2-9-12-10-8-11-6-4-3-5-7-11/h2-7H,1,8-10H2",QNBZQCMSRGAZCR-UHFFFAOYSA-N,False
1,CC(=O)C1=CC=C(C(C)C)C=C1,"InChI=1S/C11H14O/c1-8(2)10-4-6-11(7-5-10)9(3)12/h4-8H,1-3H3",PDLCCNYKIIUWHA-UHFFFAOYSA-N,False
1,CC1=CC2=C(CCC(=O)C2)CC1,"InChI=1S/C11H14O/c1-8-2-3-9-4-5-11(12)7-10(9)6-8/h6H,2-5,7H2,1H3",LZDGVOOCZJCIPY-UHFFFAOYSA-N,False
1,CC(C)C1=CC=C(CC=O)C=C1,"InChI=1S/C11H14O/c1-9(2)11-5-3-10(4-6-11)7-8-12/h3-6,8-9H,7H2,1-2H3",FSKGFRBHGXIDSA-UHFFFAOYSA-N,False
1,CC(C)C1=CC=CC(CC=O)=C1,"InChI=1S/C11H14O/c1-9(2)11-5-3-4-10(8-11)6-7-12/h3-5,7-9H,6H2,1-2H3",PLBFBQRBPDVZMR-UHFFFAOYSA-N,False
1,CC1=CC=C(CC(C)C=O)C=C1,"InChI=1S/C11H14O/c1-9-3-5-11(6-4-9)7-10(2)8-12/h3-6,8,10H,7H2,1-2H3",SGVBCLGVIOFAFT-UHFFFAOYSA-N,False
1,CC(=O)CCC1=CC=C(C)C=C1,"InChI=1S/C11H14O/c1-9-3-6-11(7-4-9)8-5-10(2)12/h3-4,6-7H,5,8H2,1-2H3",BUIRDOGDCJQFDA-UHFFFAOYSA-N,False
1,CC(=O)OCCCC1=CC=CC=C1,"InChI=1S/C11H14O2/c1-10(12)13-9-5-8-11-6-3-2-4-7-11/h2-4,6-7H,5,8-9H2,1H3",JRJGKUTZNBZHNK-UHFFFAOYSA-N,False
1,CC(C)(CC1=CC=CC=C1)OC=O,"InChI=1S/C11H14O2/c1-11(2,13-9-12)8-10-6-4-3-5-7-10/h3-7,9H,8H2,1-2H3",CFSCYYFRHIBXMS-UHFFFAOYSA-N,False
1,COC(C=CC1=CC=CC=C1)OC,"InChI=1S/C11H14O2/c1-12-11(13-2)9-8-10-6-4-3-5-7-10/h3-9,11H,1-2H3",MBAOABFNWSOOLU-UHFFFAOYSA-N,False
1,COC(=O)CCCC1=CC=CC=C1,"InChI=1S/C11H14O2/c1-13-11(12)9-5-8-10-6-3-2-4-7-10/h2-4,6-7H,5,8-9H2,1H3",YRYZGVBKMWFWGT-UHFFFAOYSA-N,False
1,CCC(=O)OCCC1=CC=CC=C1,"InChI=1S/C11H14O2/c1-2-11(12)13-9-8-10-6-4-3-5-7-10/h3-7H,2,8-9H2,1H3",HVGZQCSMLUDISR-UHFFFAOYSA-N,False
1,CCOC(=O)CCC1=CC=CC=C1,"InChI=1S/C11H14O2/c1-2-13-11(12)9-8-10-6-4-3-5-7-10/h3-7H,2,8-9H2,1H3",JAGZUIGGHGTFHO-UHFFFAOYSA-N,False
1,CCCCOC(=O)C1=CC=CC=C1,"InChI=1S/C11H14O2/c1-2-3-9-13-11(12)10-7-5-4-6-8-10/h4-8H,2-3,9H2,1H3",XSIFPSYPOVKYCO-UHFFFAOYSA-N,False
1,CCCC(=O)OCC1=CC=CC=C1,"InChI=1S/C11H14O2/c1-2-6-11(12)13-9-10-7-4-3-5-8-10/h3-5,7-8H,2,6,9H2,1H3",VONGZNXBKCOUHB-UHFFFAOYSA-N,False
1,CCCOC(=O)CC1=CC=CC=C1,"InChI=1S/C11H14O2/c1-2-8-13-11(12)9-10-6-4-3-5-7-10/h3-7H,2,8-9H2,1H3",GXXFZZLGPFNITM-UHFFFAOYSA-N,False
1,CCC(=O)OC(C)C1=CC=CC=C1,"InChI=1S/C11H14O2/c1-3-11(12)13-9(2)10-7-5-4-6-8-10/h4-9H,3H2,1-2H3",WCIQNYOXLZQQMU-UHFFFAOYSA-N,False
1,CCCC(=O)OC1=CC=C(C)C=C1,"InChI=1S/C11H14O2/c1-3-4-11(12)13-10-7-5-9(2)6-8-10/h5-8H,3-4H2,1-2H3",RRXBRABFDRJAPX-UHFFFAOYSA-N,False
1,CC=CC1=CC(O)=C(OCC)C=C1,"InChI=1S/C11H14O2/c1-3-5-9-6-7-11(13-4-2)10(12)8-9/h3,5-8,12H,4H2,1-2H3",RADIRXJQODWKGQ-UHFFFAOYSA-N,False
1,C=CCC1=CC(OC)=C(OC)C=C1,"InChI=1S/C11H14O2/c1-4-5-9-6-7-10(12-2)11(8-9)13-3/h4,6-8H,1,5H2,2-3H3",ZYEMGPIYFIJGTP-UHFFFAOYSA-N,False
1,CC=CC1=CC(OC)=C(OC)C=C1,"InChI=1S/C11H14O2/c1-4-5-9-6-7-10(12-2)11(8-9)13-3/h4-8H,1-3H3",NNWHUJCUHAELCL-UHFFFAOYSA-N,False
1,CC1=CC=C(OC(=O)C(C)C)C=C1,"InChI=1S/C11H14O2/c1-8(2)11(12)13-10-6-4-9(3)5-7-10/h4-8H,1-3H3",UPPSFGGDKACIKP-UHFFFAOYSA-N,False
1,CC1=CC=CC=C1OC(=O)C(C)C,"InChI=1S/C11H14O2/c1-8(2)11(12)13-10-7-5-4-6-9(10)3/h4-8H,1-3H3",FDJBDZVTTXWIQM-UHFFFAOYSA-N,False
1,CC1=CC=C(C2OCC(C)O2)C=C1,"InChI=1S/C11H14O2/c1-8-3-5-10(6-4-8)11-12-7-9(2)13-11/h3-6,9,11H,7H2,1-2H3",VPBUQMKUEPQXKR-UHFFFAOYSA-N,False
1,CC(C1=CC=CC=C1)C1OCCO1,"InChI=1S/C11H14O2/c1-9(11-12-7-8-13-11)10-5-3-2-4-6-10/h2-6,9,11H,7-8H2,1H3",SATZAQAJSHXNSJ-UHFFFAOYSA-N,False
1,COC1=CC=C(CCC(C)=O)C=C1,"InChI=1S/C11H14O2/c1-9(12)3-4-10-5-7-11(13-2)8-6-10/h5-8H,3-4H2,1-2H3",PCBSXBYCASFXTM-UHFFFAOYSA-N,False
1,CC(C)C(=O)OCC1=CC=CC=C1,"InChI=1S/C11H14O2/c1-9(2)11(12)13-8-10-6-4-3-5-7-10/h3-7,9H,8H2,1-2H3",UIKJRDSCEYGECG-UHFFFAOYSA-N,False
1,CC(C)OC(=O)CC1=CC=CC=C1,"InChI=1S/C11H14O2/c1-9(2)13-11(12)8-10-6-4-3-5-7-10/h3-7,9H,8H2,1-2H3",SSMBXPJYHMZLOJ-UHFFFAOYSA-N,False
1,CC(C)COC(=O)C1=CC=CC=C1,"InChI=1S/C11H14O2/c1-9(2)8-13-11(12)10-6-4-3-5-7-10/h3-7,9H,8H2,1-2H3",KYZHGEFMXZOSJN-UHFFFAOYSA-N,False
1,COC1=CC=C(CC(C)C=O)C=C1,"InChI=1S/C11H14O2/c1-9(8-12)7-10-3-5-11(13-2)6-4-10/h3-6,8-9H,7H2,1-2H3",VLFBSPUPYFTTNF-UHFFFAOYSA-N,False
1,CC(=O)OCC(C)C1=CC=CC=C1,"InChI=1S/C11H14O2/c1-9(8-13-10(2)12)11-6-4-3-5-7-11/h3-7,9H,8H2,1-2H3",RVPTTWAAIKMYAH-UHFFFAOYSA-N,False
1,CCC(=O)OCCOC1=CC=CC=C1,"InChI=1S/C11H14O3/c1-2-11(12)14-9-8-13-10-6-4-3-5-7-10/h3-7H,2,8-9H2,1H3",FKTSMIXZGPUSJB-UHFFFAOYSA-N,False
1,CCOC(=O)C(O)CC1=CC=CC=C1,"InChI=1S/C11H14O3/c1-2-14-11(13)10(12)8-9-6-4-3-5-7-9/h3-7,10,12H,2,8H2,1H3",HBOGUIFRIAXYNB-UHFFFAOYSA-N,False
1,CCOC(=O)CCC1=CC=CC=C1O,"InChI=1S/C11H14O3/c1-2-14-11(13)8-7-9-5-3-4-6-10(9)12/h3-6,12H,2,7-8H2,1H3",HXMJMZSXBPHDKV-UHFFFAOYSA-N,False
1,CCCCOC(=O)C1=CC=C(O)C=C1,"InChI=1S/C11H14O3/c1-2-3-8-14-11(13)9-4-6-10(12)7-5-9/h4-7,12H,2-3,8H2,1H3",QFOHBWFCKVYLES-UHFFFAOYSA-N,False
1,CCCCOC(=O)C1=CC=CC=C1O,"InChI=1S/C11H14O3/c1-2-3-8-14-11(13)9-6-4-5-7-10(9)12/h4-7,12H,2-3,8H2,1H3",YFDUWSBGVPBWKF-UHFFFAOYSA-N,False
1,CCC(=O)OCC1=CC=C(OC)C=C1,"InChI=1S/C11H14O3/c1-3-11(12)14-8-9-4-6-10(13-2)7-5-9/h4-7H,3,8H2,1-2H3",YWIJRJQYADFRTL-UHFFFAOYSA-N,False
1,CCOC(=O)COC1=CC=C(C)C=C1,"InChI=1S/C11H14O3/c1-3-13-11(12)8-14-10-6-4-9(2)5-7-10/h4-7H,3,8H2,1-2H3",UMNOIMVMNARUSB-UHFFFAOYSA-N,False
1,CCCC(=O)OC1=CC=CC=C1OC,"InChI=1S/C11H14O3/c1-3-6-11(12)14-10-8-5-4-7-9(10)13-2/h4-5,7-8H,3,6H2,1-2H3",ZPWOACJMDUYOJH-UHFFFAOYSA-N,False
1,C=CCC1=CC(OC)=C(O)C(OC)=C1,"InChI=1S/C11H14O3/c1-4-5-8-6-9(13-2)11(12)10(7-8)14-3/h4,6-7,12H,1,5H2,2-3H3",FWMPKHMKIJDEMJ-UHFFFAOYSA-N,False
1,CC=CC1=CC(OC)=C(O)C(OC)=C1,"InChI=1S/C11H14O3/c1-4-5-8-6-9(13-2)11(12)10(7-8)14-3/h4-7,12H,1-3H3",YFHOHYAUMDHSBX-UHFFFAOYSA-N,False
1,COC1=C(O)C=CC(CCC(C)=O)=C1,"InChI=1S/C11H14O3/c1-8(12)3-4-9-5-6-10(13)11(7-9)14-2/h5-7,13H,3-4H2,1-2H3",OJYLAHXKWMRDGS-UHFFFAOYSA-N,False
1,COC1=CC=CC=C1OC(=O)C(C)C,"InChI=1S/C11H14O3/c1-8(2)11(12)14-10-7-5-4-6-9(10)13-3/h4-8H,1-3H3",YXJFCJJDNPANPU-UHFFFAOYSA-N,False
1,CC(C)COC(=O)C1=CC=CC=C1O,"InChI=1S/C11H14O3/c1-8(2)7-14-11(13)9-5-3-4-6-10(9)12/h3-6,8,12H,7H2,1-2H3",PTXDBYSCVQQBNF-UHFFFAOYSA-N,False
1,CC(=O)OCCOC1=CC=C(C)C=C1,"InChI=1S/C11H14O3/c1-9-3-5-11(6-4-9)14-8-7-13-10(2)12/h3-6H,7-8H2,1-2H3",ZJMLZGKLUMJGSL-UHFFFAOYSA-N,False
1,OC1COC(CC2=CC=CC=C2)OC1,"InChI=1S/C11H14O3/c12-10-7-13-11(14-8-10)6-9-4-2-1-3-5-9/h1-5,10-12H,6-8H2",SCBQUBIXYNMXER-UHFFFAOYSA-N,False
1,O=C(CCO)OCCC1=CC=CC=C1,"InChI=1S/C11H14O3/c12-8-6-11(13)14-9-7-10-4-2-1-3-5-10/h1-5,12H,6-9H2",ASEYDOIBHUMWAV-UHFFFAOYSA-N,False
1,COC1=C(O)C=CC(C2OCC(C)O2)=C1,"InChI=1S/C11H14O4/c1-7-6-14-11(15-7)8-3-4-9(12)10(5-8)13-2/h3-5,7,11-12H,6H2,1-2H3",RFGCVZIIIHRESZ-UHFFFAOYSA-N,False
1,COC1=C(OC)C=C(COC(C)=O)C=C1,"InChI=1S/C11H14O4/c1-8(12)15-7-9-4-5-10(13-2)11(6-9)14-3/h4-6H,7H2,1-3H3",KQWHHDCWLCCRLQ-UHFFFAOYSA-N,False
0,CCCCOC(=O)C1=CC=C(N)C=C1,"InChI=1S/C11H15NO2/c1-2-3-8-14-11(13)9-4-6-10(12)7-5-9/h4-7H,2-3,8,12H2,1H3",IUWVALYLNVXWKX-UHFFFAOYSA-N,False
1,CCCCOC(=O)C1=CC=CC=C1N,"InChI=1S/C11H15NO2/c1-2-3-8-14-11(13)9-6-4-5-7-10(9)12/h4-7H,2-3,8,12H2,1H3",HUIYGGQINIVDNW-UHFFFAOYSA-N,False
1,CCNC1=CC=CC=C1C(=O)OCC,"InChI=1S/C11H15NO2/c1-3-12-10-8-6-5-7-9(10)11(13)14-4-2/h5-8,12H,3-4H2,1-2H3",VKRBJLSSQUIOHL-UHFFFAOYSA-N,False
1,CC(C)COC(=O)C1=CC=CC=C1N,"InChI=1S/C11H15NO2/c1-8(2)7-14-11(13)9-5-3-4-6-10(9)12/h3-6,8H,7,12H2,1-2H3",ILCLJQFCMRCPNM-UHFFFAOYSA-N,False
0,CNC(=O)OC1=CC=CC(C(C)C)=C1,"InChI=1S/C11H15NO2/c1-8(2)9-5-4-6-10(7-9)14-11(13)12-3/h4-8H,1-3H3,(H,12,13)",GYKXQTKSWLAUIT-UHFFFAOYSA-N,False
1,C=CC=CC=CC=CCCC,"InChI=1S/C11H16/c1-3-5-7-9-11-10-8-6-4-2/h3,5,7-11H,1,4,6H2,2H3",IQQBFWHNQBNSSQ-UHFFFAOYSA-N,False
1,C1=CN=C(CC2CCCCC2)C=N1,"InChI=1S/C11H16N2/c1-2-4-10(5-3-1)8-11-9-12-6-7-13-11/h6-7,9-10H,1-5,8H2",DGJZDAIWCSVZBI-UHFFFAOYSA-N,False
1,CC(C)OCCC1=CC=CC=C1,"InChI=1S/C11H16O/c1-10(2)12-9-8-11-6-4-3-5-7-11/h3-7,10H,8-9H2,1-2H3",FMPXLXBVYDFXIC-UHFFFAOYSA-N,False
1,COCC(C)CC1=CC=CC=C1,"InChI=1S/C11H16O/c1-10(9-12-2)8-11-6-4-3-5-7-11/h3-7,10H,8-9H2,1-2H3",YRELUSXNOZNOQI-UHFFFAOYSA-N,False
1,CC1(C)C2CC=C(CC=O)C1C2,"InChI=1S/C11H16O/c1-11(2)9-4-3-8(5-6-12)10(11)7-9/h3,6,9-10H,4-5,7H2,1-2H3",BLKPFVWYBFDTPX-UHFFFAOYSA-N,False
1,CC(C)(O)CCC1=CC=CC=C1,"InChI=1S/C11H16O/c1-11(2,12)9-8-10-6-4-3-5-7-10/h3-7,12H,8-9H2,1-2H3",YXVSKJDFNJFXAJ-UHFFFAOYSA-N,False
1,CCCC1C2C=CC(C2)C1C=O,"InChI=1S/C11H16O/c1-2-3-10-8-4-5-9(6-8)11(10)7-12/h4-5,7-11H,2-3,6H2,1H3",RPJGEHBYOXRURE-UHFFFAOYSA-N,False
1,CCCCOCC1=CC=CC=C1,"InChI=1S/C11H16O/c1-2-3-9-12-10-11-7-5-4-6-8-11/h4-8H,2-3,9-10H2,1H3",MAYUYFCAPVDYBQ-UHFFFAOYSA-N,False
1,CCCC(O)CC1=CC=CC=C1,"InChI=1S/C11H16O/c1-2-6-11(12)9-10-7-4-3-5-8-10/h3-5,7-8,11-12H,2,6,9H2,1H3",FCURFTSXOIATDW-UHFFFAOYSA-N,False
1,CCC=CC=C1CCC(=O)C1C,"InChI=1S/C11H16O/c1-3-4-5-6-10-7-8-11(12)9(10)2/h4-6,9H,3,7-8H2,1-2H3",ZYZSUOKRTOUDRC-UHFFFAOYSA-N,False
1,CCC=CCC1=C(C)CCC1=O,"InChI=1S/C11H16O/c1-3-4-5-6-10-9(2)7-8-11(10)12/h4-5H,3,6-8H2,1-2H3",XMLSXPIVAXONDL-UHFFFAOYSA-N,False
1,CCCCOC1=CC=C(C)C=C1,"InChI=1S/C11H16O/c1-3-4-9-12-11-7-5-10(2)6-8-11/h5-8H,3-4,9H2,1-2H3",AGARRLZBNOJWLG-UHFFFAOYSA-N,False
1,COC1=C(C)C=CC(C(C)C)=C1,"InChI=1S/C11H16O/c1-8(2)10-6-5-9(3)11(7-10)12-4/h5-8H,1-4H3",YVLHTQPPMZOCOW-UHFFFAOYSA-N,False
1,COC1=C(C(C)C)C=CC(C)=C1,"InChI=1S/C11H16O/c1-8(2)10-6-5-9(3)7-11(10)12-4/h5-8H,1-4H3",LSQXNMXDFRRDSJ-UHFFFAOYSA-N,False
1,CC1=CC(C(C)(C)C)=C(O)C=C1,"InChI=1S/C11H16O/c1-8-5-6-10(12)9(7-8)11(2,3)4/h5-7,12H,1-4H3",IKEHOXWJQXIQAG-UHFFFAOYSA-N,False
1,CC1=CC(O)=C(C(C)(C)C)C=C1,"InChI=1S/C11H16O/c1-8-5-6-9(10(12)7-8)11(2,3)4/h5-7,12H,1-4H3",XOUQAVYLRNOXDO-UHFFFAOYSA-N,False
1,CC1=C(O)C(C(C)(C)C)=CC=C1,"InChI=1S/C11H16O/c1-8-6-5-7-9(10(8)12)11(2,3)4/h5-7,12H,1-4H3",BKZXZGWHTRCFPX-UHFFFAOYSA-N,False
1,CC(O)C(C)CC1=CC=CC=C1,"InChI=1S/C11H16O/c1-9(10(2)12)8-11-6-4-3-5-7-11/h3-7,9-10,12H,8H2,1-2H3",VSIXJPFQJMODCS-UHFFFAOYSA-N,False
1,CC1=CC=C(CC(C)(C)O)C=C1,"InChI=1S/C11H16O/c1-9-4-6-10(7-5-9)8-11(2,3)12/h4-7,12H,8H2,1-3H3",LABNAHQUILHURR-UHFFFAOYSA-N,False
1,OCCCCCC1=CC=CC=C1,"InChI=1S/C11H16O/c12-10-6-2-5-9-11-7-3-1-4-8-11/h1,3-4,7-8,12H,2,5-6,9-10H2",DPZMVZIQRMVBBW-UHFFFAOYSA-N,False
1,O=CC1CCC2C3CCC(C3)C12,"InChI=1S/C11H16O/c12-6-9-3-4-10-7-1-2-8(5-7)11(9)10/h6-11H,1-5H2",USPJNXWHVJTDJW-UHFFFAOYSA-N,False
1,CC1(C)CCCC2(C)OC(=O)C=C12,"InChI=1S/C11H16O2/c1-10(2)5-4-6-11(3)8(10)7-9(12)13-11/h7H,4-6H2,1-3H3",IMKHDCBNRDRUEB-UHFFFAOYSA-N,False
1,CC1(C)C2CC=C(COC=O)C1C2,"InChI=1S/C11H16O2/c1-11(2)9-4-3-8(6-13-7-12)10(11)5-9/h3,7,9-10H,4-6H2,1-2H3",QHPJGDWWLWJMPM-UHFFFAOYSA-N,False
1,CCOC(OCC)C1=CC=CC=C1,"InChI=1S/C11H16O2/c1-3-12-11(13-4-2)10-8-6-5-7-9-10/h5-9,11H,3-4H2,1-2H3",MAQMEXSLUSZDQM-UHFFFAOYSA-N,False
1,CCCC=CC1=C(C)C(C)=C(O)O1,"InChI=1S/C11H16O2/c1-4-5-6-7-10-8(2)9(3)11(12)13-10/h6-7,12H,4-5H2,1-3H3",AZUYLOUZDLZABF-UHFFFAOYSA-N,False
1,COC(OC)C(C)C1=CC=CC=C1,"InChI=1S/C11H16O2/c1-9(11(12-2)13-3)10-7-5-4-6-8-10/h4-9,11H,1-3H3",UFOUDYPOSJJEDJ-UHFFFAOYSA-N,False
1,CC1=CC(SC(=O)CC(C)C)=C(C)O1,"InChI=1S/C11H16O2S/c1-7(2)5-11(12)14-10-6-8(3)13-9(10)4/h6-7H,5H2,1-4H3",XFNLWIPNTYNNJX-UHFFFAOYSA-N,False
1,CCCCCCOC(=O)C1=CC=CO1,"InChI=1S/C11H16O3/c1-2-3-4-5-8-14-11(12)10-7-6-9-13-10/h6-7,9H,2-5,8H2,1H3",KMLFVAGUWNPADU-UHFFFAOYSA-N,False
1,CCCCCC(=O)OCC1=CC=CO1,"InChI=1S/C11H16O3/c1-2-3-4-7-11(12)14-9-10-6-5-8-13-10/h5-6,8H,2-4,7,9H2,1H3",IBIDUABZZSJJNF-UHFFFAOYSA-N,False
1,CCCC1=CC(OC)=C(O)C(OC)=C1,"InChI=1S/C11H16O3/c1-4-5-8-6-9(13-2)11(12)10(7-8)14-3/h6-7,12H,4-5H2,1-3H3",YHEWWEXPVKCVFY-UHFFFAOYSA-N,False
1,CC(C)COC(=O)CCC1=CC=CO1,"InChI=1S/C11H16O3/c1-9(2)8-14-11(12)6-5-10-4-3-7-13-10/h3-4,7,9H,5-6,8H2,1-2H3",SVDPTFHRRNUNRS-UHFFFAOYSA-N,False
1,CCCCCCC1=CC=CC=N1,"InChI=1S/C11H17N/c1-2-3-4-5-8-11-9-6-7-10-12-11/h6-7,9-10H,2-5,8H2,1H3",NZLJDTKLZIMONR-UHFFFAOYSA-N,False
1,CCC(C)=CCCC(C)=CC#N,"InChI=1S/C11H17N/c1-4-10(2)6-5-7-11(3)8-9-12/h6,8H,4-5,7H2,1-3H3",DHJVLXVXNFUSMU-UHFFFAOYSA-N,False
1,C=CC=CC=CCCCCC,"InChI=1S/C11H18/c1-3-5-7-9-11-10-8-6-4-2/h3,5,7,9,11H,1,4,6,8,10H2,2H3",JQQDKNVOSLONRS-UHFFFAOYSA-N,False
0,CCC1(CCC(C)C)C(=O)NC(=O)NC1=O,"InChI=1S/C11H18N2O3/c1-4-11(6-5-7(2)3)8(14)12-10(16)13-9(11)15/h7H,4-6H2,1-3H3,(H2,12,13,14,15,16)",VIROVYVQCGLCII-UHFFFAOYSA-N,False
0,CCCC(C)C1(CC)C(=O)NC(=O)NC1=O,"InChI=1S/C11H18N2O3/c1-4-6-7(3)11(5-2)8(14)12-10(16)13-9(11)15/h7H,4-6H2,1-3H3,(H2,12,13,14,15,16)",WEXRUCMBJFQVBZ-UHFFFAOYSA-N,False
1,CC1C=COC2(CCCCC2)C1,"InChI=1S/C11H18O/c1-10-5-8-12-11(9-10)6-3-2-4-7-11/h5,8,10H,2-4,6-7,9H2,1H3",WJHAXQNOQJKTQV-UHFFFAOYSA-N,False
1,CC1(C)C2CC=C(CCO)C1C2,"InChI=1S/C11H18O/c1-11(2)9-4-3-8(5-6-12)10(11)7-9/h3,9-10,12H,4-7H2,1-2H3",ROKSAUSPJGWCSM-UHFFFAOYSA-N,False
1,CC1(C)C(=CCO)C2CCC1C2,"InChI=1S/C11H18O/c1-11(2)9-4-3-8(7-9)10(11)5-6-12/h5,8-9,12H,3-4,6-7H2,1-2H3",JGDHOHFQJJATNG-UHFFFAOYSA-N,False
1,CCCCCC=CC=CCC=O,"InChI=1S/C11H18O/c1-2-3-4-5-6-7-8-9-10-11-12/h6-9,11H,2-5,10H2,1H3",SOHDSQABHDUSEP-UHFFFAOYSA-N,False
1,CCCCCCCC1=CC=CO1,"InChI=1S/C11H18O/c1-2-3-4-5-6-8-11-9-7-10-12-11/h7,9-10H,2-6,8H2,1H3",BHTUFJXTYNLISA-UHFFFAOYSA-N,False
1,CCCCC=CC1CCCC1=O,"InChI=1S/C11H18O/c1-2-3-4-5-7-10-8-6-9-11(10)12/h5,7,10H,2-4,6,8-9H2,1H3",IYRLWKZXOOOMSM-UHFFFAOYSA-N,False
1,CCCCCCC1=CCCC1=O,"InChI=1S/C11H18O/c1-2-3-4-5-7-10-8-6-9-11(10)12/h8H,2-7,9H2,1H3",VGECIEOJXLMWGO-UHFFFAOYSA-N,False
1,CCCCCC1=C(C)CCC1=O,"InChI=1S/C11H18O/c1-3-4-5-6-10-9(2)7-8-11(10)12/h3-8H2,1-2H3",YCIXWYOBMVNGTB-UHFFFAOYSA-N,False
1,CCCCC=CC=CCC(C)=O,"InChI=1S/C11H18O/c1-3-4-5-6-7-8-9-10-11(2)12/h6-9H,3-5,10H2,1-2H3",SSGJQAUOCXCJGH-UHFFFAOYSA-N,False
1,CC(=O)C1C2CCC(C2)C1(C)C,"InChI=1S/C11H18O/c1-7(12)10-8-4-5-9(6-8)11(10,2)3/h8-10H,4-6H2,1-3H3",NGTMQRCBACIUES-UHFFFAOYSA-N,False
1,CC(=O)C1CC(C)=CC(C)C1C,"InChI=1S/C11H18O/c1-7-5-8(2)9(3)11(6-7)10(4)12/h5,8-9,11H,6H2,1-4H3",KJJMTKOKFXURKM-UHFFFAOYSA-N,False
1,CC(C)=CCCC1(C)CC1C=O,"InChI=1S/C11H18O/c1-9(2)5-4-6-11(3)7-10(11)8-12/h5,8,10H,4,6-7H2,1-3H3",HVRSGXFUZOKZNT-UHFFFAOYSA-N,False
1,C=C(C=O)C(C)CCC=C(C)C,"InChI=1S/C11H18O/c1-9(2)6-5-7-10(3)11(4)8-12/h6,8,10H,4-5,7H2,1-3H3",FAGYGFPZNTYLAO-UHFFFAOYSA-N,False
1,CC(=O)C=C(C)CCC=C(C)C,"InChI=1S/C11H18O/c1-9(2)6-5-7-10(3)8-11(4)12/h6,8H,5,7H2,1-4H3",QAFYGHBGWCPRCI-UHFFFAOYSA-N,False
1,CC1=CCC(C(C)CC=O)CC1,"InChI=1S/C11H18O/c1-9-3-5-11(6-4-9)10(2)7-8-12/h3,8,10-11H,4-7H2,1-2H3",VJYFMQREUJXCQV-UHFFFAOYSA-N,False
1,CC1=C(CC=O)C(C)(C)CCC1,"InChI=1S/C11H18O/c1-9-5-4-7-11(2,3)10(9)6-8-12/h8H,4-7H2,1-3H3",VHTFHZGAMYUZEP-UHFFFAOYSA-N,False
1,COC(=O)C1CC2CC1C(C)(C)C2,"InChI=1S/C11H18O2/c1-11(2)6-7-4-8(9(11)5-7)10(12)13-3/h7-9H,4-6H2,1-3H3",ZVLGEOXMDTXXEI-UHFFFAOYSA-N,False
1,CCC1OCC2(CC=CCC2)CO1,"InChI=1S/C11H18O2/c1-2-10-12-8-11(9-13-10)6-4-3-5-7-11/h3-4,10H,2,5-9H2,1H3",HGDOZLGKGGHYFC-UHFFFAOYSA-N,False
1,C=CCOC(=O)CC1CCCCC1,"InChI=1S/C11H18O2/c1-2-8-13-11(12)9-10-6-4-3-5-7-10/h2,10H,1,3-9H2",UECFOOSFSUDPOR-UHFFFAOYSA-N,False
1,CCC1CCC2(CCC(=O)O2)CC1,"InChI=1S/C11H18O2/c1-2-9-3-6-11(7-4-9)8-5-10(12)13-11/h9H,2-8H2,1H3",GITDWIBIPJFPDK-UHFFFAOYSA-N,False
1,CCCCC=CC=CCC(=O)OC,"InChI=1S/C11H18O2/c1-3-4-5-6-7-8-9-10-11(12)13-2/h6-9H,3-5,10H2,1-2H3",UTDCZHMNIAQBBU-UHFFFAOYSA-N,False
1,CCCCCCC#CC(=O)OCC,"InChI=1S/C11H18O2/c1-3-5-6-7-8-9-10-11(12)13-4-2/h3-8H2,1-2H3",BFZNMUGAZYAMTG-UHFFFAOYSA-N,False
1,C=CC(C)(CCC=C(C)C)OC=O,"InChI=1S/C11H18O2/c1-5-11(4,13-9-12)8-6-7-10(2)3/h5,7,9H,1,6,8H2,2-4H3",JZOCDHMHLGUPFI-UHFFFAOYSA-N,False
1,C=C(C)C1CCC(C)CC1OC=O,"InChI=1S/C11H18O2/c1-8(2)10-5-4-9(3)6-11(10)13-7-12/h7,9-11H,1,4-6H2,2-3H3",PPCFFEDGKDEJFV-UHFFFAOYSA-N,False
1,CC1OCC2(CO1)CC1CCC2C1,"InChI=1S/C11H18O2/c1-8-12-6-11(7-13-8)5-9-2-3-10(11)4-9/h8-10H,2-7H2,1H3",HSNHBDAGWWAPOE-UHFFFAOYSA-N,False
1,CC(=O)OCC1CC(C)=CC(C)C1,"InChI=1S/C11H18O2/c1-8-4-9(2)6-11(5-8)7-13-10(3)12/h4,8,11H,5-7H2,1-3H3",UBKMAHYFGPIVKA-UHFFFAOYSA-N,False
1,COC(=O)C1C(C)C=CCC1(C)C,"InChI=1S/C11H18O2/c1-8-6-5-7-11(2,3)9(8)10(12)13-4/h5-6,8-9H,7H2,1-4H3",OENXQYZXKNBMLM-UHFFFAOYSA-N,False
1,COC(=O)C1C(C)=CCCC1(C)C,"InChI=1S/C11H18O2/c1-8-6-5-7-11(2,3)9(8)10(12)13-4/h6,9H,5,7H2,1-4H3",NVAGRWXDIIKUBU-UHFFFAOYSA-N,False
1,C=C1CCCC(C)(C)C1C(=O)OC,"InChI=1S/C11H18O2/c1-8-6-5-7-11(2,3)9(8)10(12)13-4/h9H,1,5-7H2,2-4H3",SMJXJPQSPQXVMU-UHFFFAOYSA-N,False
1,CC(C)OC(=O)CC1=CCCCC1,"InChI=1S/C11H18O2/c1-9(2)13-11(12)8-10-6-4-3-5-7-10/h6,9H,3-5,7-8H2,1-2H3",LXDRIYLDFQGETL-UHFFFAOYSA-N,False
1,CC1=CCC(C(C)(C)OC=O)CC1,"InChI=1S/C11H18O2/c1-9-4-6-10(7-5-9)11(2,3)13-8-12/h4,8,10H,5-7H2,1-3H3",IPYLQIQMGUZFCK-UHFFFAOYSA-N,False
1,O=COC1CCC2CCCCC2C1,"InChI=1S/C11H18O2/c12-8-13-11-6-5-9-3-1-2-4-10(9)7-11/h8-11H,1-7H2",NMFWOBQDDWFAAB-UHFFFAOYSA-N,False
1,C=CCOC(=O)COC1CCCCC1,"InChI=1S/C11H18O3/c1-2-8-13-11(12)9-14-10-6-4-3-5-7-10/h2,10H,1,3-9H2",MBUYSYKXSMTIPP-UHFFFAOYSA-N,False
1,COC1CC2CCC1(C)C2(C)C,"InChI=1S/C11H20O/c1-10(2)8-5-6-11(10,3)9(7-8)12-4/h8-9H,5-7H2,1-4H3",ZRHVOKYSOWTPIG-UHFFFAOYSA-N,False
1,CC(C)(C)C1CCC(C=O)CC1,"InChI=1S/C11H20O/c1-11(2,3)10-6-4-9(8-12)5-7-10/h8-10H,4-7H2,1-3H3",MXGRYXNVQNESIN-UHFFFAOYSA-N,False
1,C=CCCCCCCCCC=O,"InChI=1S/C11H20O/c1-2-3-4-5-6-7-8-9-10-11-12/h2,11H,1,3-10H2",OFHHDSQXFXLTKC-UHFFFAOYSA-N,False
1,CC=CCCCCCCCC=O,"InChI=1S/C11H20O/c1-2-3-4-5-6-7-8-9-10-11-12/h2-3,11H,4-10H2,1H3",ZFMUIJVOIVHGCF-UHFFFAOYSA-N,False
1,CCC=CCCCCCCC=O,"InChI=1S/C11H20O/c1-2-3-4-5-6-7-8-9-10-11-12/h3-4,11H,2,5-10H2,1H3",DWQXOILNGUCNSH-UHFFFAOYSA-N,False
1,CCCCCC=CCC=CCO,"InChI=1S/C11H20O/c1-2-3-4-5-6-7-8-9-10-11-12/h6-7,9-10,12H,2-5,8,11H2,1H3",DIAHHRRJYUXCRL-UHFFFAOYSA-N,False
1,CCCCCCCCC=CC=O,"InChI=1S/C11H20O/c1-2-3-4-5-6-7-8-9-10-11-12/h9-11H,2-8H2,1H3",PANBRUWVURLWGY-UHFFFAOYSA-N,False
1,CCCCCCC1CCCC1=O,"InChI=1S/C11H20O/c1-2-3-4-5-7-10-8-6-9-11(10)12/h10H,2-9H2,1H3",JTHVYOIHZNYRCC-UHFFFAOYSA-N,False
1,C1CCCC2(CCC1)CCCO2,InChI=1S/C11H20O/c1-2-4-7-11(8-5-3-1)9-6-10-12-11/h1-10H2,LDUJSEBWLVYVGC-UHFFFAOYSA-N,False
1,CCCCCC1C(=O)CCC1C,"InChI=1S/C11H20O/c1-3-4-5-6-10-9(2)7-8-11(10)12/h9-10H,3-8H2,1-2H3",ZISGOYMWXFOWAM-UHFFFAOYSA-N,False
1,C=CCC(O)C=CCCCCC,"InChI=1S/C11H20O/c1-3-5-6-7-8-10-11(12)9-4-2/h4,8,10-12H,2-3,5-7,9H2,1H3",XPHXCGYGEZUXRT-UHFFFAOYSA-N,False
1,CCC(C)(C)C1CCC(=O)CC1,"InChI=1S/C11H20O/c1-4-11(2,3)9-5-7-10(12)8-6-9/h9H,4-8H2,1-3H3",DCSKAMGZSIRJAQ-UHFFFAOYSA-N,False
1,CCCCC1C=C(C)CC(C)O1,"InChI=1S/C11H20O/c1-4-5-6-11-8-9(2)7-10(3)12-11/h8,10-11H,4-7H2,1-3H3",OSMLMQQJZVENMX-UHFFFAOYSA-N,False
1,C=CC(=C)CCCC(C)(C)OC,"InChI=1S/C11H20O/c1-6-10(2)8-7-9-11(3,4)12-5/h6H,1-2,7-9H2,3-5H3",ZOSWMSOQJPTZHW-UHFFFAOYSA-N,False
1,C=CC(C)(CC=C(C)C)C(C)O,"InChI=1S/C11H20O/c1-6-11(5,10(4)12)8-7-9(2)3/h6-7,10,12H,1,8H2,2-5H3",VLWIAHOZUQCLJS-UHFFFAOYSA-N,False
1,CC(O)C1C2CCC(C2)C1(C)C,"InChI=1S/C11H20O/c1-7(12)10-8-4-5-9(6-8)11(10,2)3/h7-10,12H,4-6H2,1-3H3",DLLWYTGUPJUVGW-UHFFFAOYSA-N,False
1,CC1(O)CC2CCC1(C)C2(C)C,"InChI=1S/C11H20O/c1-9(2)8-5-6-10(9,3)11(4,12)7-8/h8,12H,5-7H2,1-4H3",LFYXNXGVLGKVCJ-UHFFFAOYSA-N,False
1,CC1=CCC(C(C)CCO)CC1,"InChI=1S/C11H20O/c1-9-3-5-11(6-4-9)10(2)7-8-12/h3,10-12H,4-8H2,1-2H3",JTVKFAPEIBMMHX-UHFFFAOYSA-N,False
1,COC(C)(C)C1CC=C(C)CC1,"InChI=1S/C11H20O/c1-9-5-7-10(8-6-9)11(2,3)12-4/h5,10H,6-8H2,1-4H3",YWJHQHJWHJRTAB-UHFFFAOYSA-N,False
1,CC(=O)OCCCC1CCCCC1,"InChI=1S/C11H20O2/c1-10(12)13-9-5-8-11-6-3-2-4-7-11/h11H,2-9H2,1H3",BEIGMLFXAHJFME-UHFFFAOYSA-N,False
1,CC(C)=CCCC(C)CCOC=O,"InChI=1S/C11H20O2/c1-10(2)5-4-6-11(3)7-8-13-9-12/h5,9,11H,4,6-8H2,1-3H3",DZNVIZQPWLDQHI-UHFFFAOYSA-N,False
1,C=C(C)CCCC(C)CCOC=O,"InChI=1S/C11H20O2/c1-10(2)5-4-6-11(3)7-8-13-9-12/h9,11H,1,4-8H2,2-3H3",VMBKZHMLQXCNCP-UHFFFAOYSA-N,False
1,CC(C)CCC1(C)OCC=CCO1,"InChI=1S/C11H20O2/c1-10(2)6-7-11(3)12-8-4-5-9-13-11/h4-5,10H,6-9H2,1-3H3",FFANAZFONFVGKZ-UHFFFAOYSA-N,False
1,CC1(C)COC2(CCCCC2)OC1,"InChI=1S/C11H20O2/c1-10(2)8-12-11(13-9-10)6-4-3-5-7-11/h3-9H2,1-2H3",QIFSGRPJUXQGMD-UHFFFAOYSA-N,False
1,CCOC(=O)CCC1CCCCC1,"InChI=1S/C11H20O2/c1-2-13-11(12)9-8-10-6-4-3-5-7-10/h10H,2-9H2,1H3",NRVPMFHPHGBQLP-UHFFFAOYSA-N,False
1,CCCCCCCC1CCC(=O)O1,"InChI=1S/C11H20O2/c1-2-3-4-5-6-7-10-8-9-11(12)13-10/h10H,2-9H2,1H3",PHXATPHONSXBIL-UHFFFAOYSA-N,False
1,C=CCCCCCCCCC(=O)O,"InChI=1S/C11H20O2/c1-2-3-4-5-6-7-8-9-10-11(12)13/h2H,1,3-10H2,(H,12,13)",FRPZMMHWLSIFAZ-UHFFFAOYSA-N,False
1,CCCCCCC1CCCC(=O)O1,"InChI=1S/C11H20O2/c1-2-3-4-5-7-10-8-6-9-11(12)13-10/h10H,2-9H2,1H3",YZRXRLLRSPQHDK-UHFFFAOYSA-N,False
1,CCCCC1COC2(CCCC2)O1,"InChI=1S/C11H20O2/c1-2-3-6-10-9-12-11(13-10)7-4-5-8-11/h10H,2-9H2,1H3",RZZUCKICOCVJJN-UHFFFAOYSA-N,False
1,CCOC(=O)C(C)C1CCCCC1,"InChI=1S/C11H20O2/c1-3-13-11(12)9(2)10-7-5-4-6-8-10/h9-10H,3-8H2,1-2H3",PZUDDXJZNSJESK-UHFFFAOYSA-N,False
1,CCCCCCC1OC(=O)CC1C,"InChI=1S/C11H20O2/c1-3-4-5-6-7-10-9(2)8-11(12)13-10/h9-10H,3-8H2,1-2H3",XNRLAEXLQFIKEY-UHFFFAOYSA-N,False
1,CCCCCCCC=CC(=O)OC,"InChI=1S/C11H20O2/c1-3-4-5-6-7-8-9-10-11(12)13-2/h9-10H,3-8H2,1-2H3",VVBWOSGRZNCEBX-UHFFFAOYSA-N,False
1,CCCCCCCCC(=O)C(C)=O,"InChI=1S/C11H20O2/c1-3-4-5-6-7-8-9-11(13)10(2)12/h3-9H2,1-2H3",RMMFUALOIIVORL-UHFFFAOYSA-N,False
1,CCCCCCC1(C)CCC(=O)O1,"InChI=1S/C11H20O2/c1-3-4-5-6-8-11(2)9-7-10(12)13-11/h3-9H2,1-2H3",ALWUKGXLBSQSMA-UHFFFAOYSA-N,False
1,C=CCOC(=O)CCCCCCC,"InChI=1S/C11H20O2/c1-3-5-6-7-8-9-11(12)13-10-4-2/h4H,2-3,5-10H2,1H3",PZGMUSDNQDCNAG-UHFFFAOYSA-N,False
1,CCCCC1(CC)CCC(=O)OC1,"InChI=1S/C11H20O2/c1-3-5-7-11(4-2)8-6-10(12)13-9-11/h3-9H2,1-2H3",BACWTVIXOCGZHC-UHFFFAOYSA-N,False
1,CCCCCC(=O)OCC=C(C)C,"InChI=1S/C11H20O2/c1-4-5-6-7-11(12)13-9-8-10(2)3/h8H,4-7,9H2,1-3H3",MUVXQQVJNUBWPF-UHFFFAOYSA-N,False
1,CCC=CCCOC(=O)CC(C)C,"InChI=1S/C11H20O2/c1-4-5-6-7-8-13-11(12)9-10(2)3/h5-6,10H,4,7-9H2,1-3H3",AIQLNKITFBJPFO-UHFFFAOYSA-N,False
1,CCCCCCC#CC(OC)OC,"InChI=1S/C11H20O2/c1-4-5-6-7-8-9-10-11(12-2)13-3/h11H,4-8H2,1-3H3",RPJGIPAAHSGBEZ-UHFFFAOYSA-N,False
1,CC=C(C)C(=O)OCCCCCC,"InChI=1S/C11H20O2/c1-4-6-7-8-9-13-11(12)10(3)5-2/h5H,4,6-9H2,1-3H3",JTCIUOKKVACNCK-UHFFFAOYSA-N,False
1,CCC=CCCOC(=O)C(C)CC,"InChI=1S/C11H20O2/c1-4-6-7-8-9-13-11(12)10(3)5-2/h6-7,10H,4-5,8-9H2,1-3H3",JKKGTSUICJWEKB-UHFFFAOYSA-N,False
1,C=CC(CCCCC)OC(=O)CC,"InChI=1S/C11H20O2/c1-4-7-8-9-10(5-2)13-11(12)6-3/h5,10H,2,4,6-9H2,1,3H3",JXIWFCAUMLSOOO-UHFFFAOYSA-N,False
1,CC(=O)OCC1CCC(C)CC1C,"InChI=1S/C11H20O2/c1-8-4-5-11(9(2)6-8)7-13-10(3)12/h8-9,11H,4-7H2,1-3H3",KLSKYUJILONZTN-UHFFFAOYSA-N,False
1,CC(=O)OC1CC(C)CC(C)(C)C1,"InChI=1S/C11H20O2/c1-8-5-10(13-9(2)12)7-11(3,4)6-8/h8,10H,5-7H2,1-4H3",OIVWFAFCHQDCCG-UHFFFAOYSA-N,False
1,CC(OC=O)C1CCCC(C)(C)C1,"InChI=1S/C11H20O2/c1-9(13-8-12)10-5-4-6-11(2,3)7-10/h8-10H,4-7H2,1-3H3",NFASPEPDTMCBEN-UHFFFAOYSA-N,False
1,COC(=O)CC(C)CCC=C(C)C,"InChI=1S/C11H20O2/c1-9(2)6-5-7-10(3)8-11(12)13-4/h6,10H,5,7-8H2,1-4H3",ZFLPOPCZMXGUOJ-UHFFFAOYSA-N,False
1,CC(C)=CCCC1(C)OCC(C)O1,"InChI=1S/C11H20O2/c1-9(2)6-5-7-11(4)12-8-10(3)13-11/h6,10H,5,7-8H2,1-4H3",WBZMYLUNPPFHTA-UHFFFAOYSA-N,False
1,CC(C)CC(=O)OC1CCCCC1,"InChI=1S/C11H20O2/c1-9(2)8-11(12)13-10-6-4-3-5-7-10/h9-10H,3-8H2,1-2H3",SQPOKBBCNZIWFI-UHFFFAOYSA-N,False
1,CCCCCCC(=O)CCOC(C)=O,"InChI=1S/C11H20O3/c1-3-4-5-6-7-11(13)8-9-14-10(2)12/h3-9H2,1-2H3",SIDKXKCKKVBGMY-UHFFFAOYSA-N,False
1,CCCCCC(CC(=O)OC)OC(C)=O,"InChI=1S/C11H20O4/c1-4-5-6-7-10(15-9(2)12)8-11(13)14-3/h10H,4-8H2,1-3H3",HGSORJXMRKICEG-UHFFFAOYSA-N,False
1,CCCC(=O)OCC(C)OC(=O)CCC,"InChI=1S/C11H20O4/c1-4-6-10(12)14-8-9(3)15-11(13)7-5-2/h9H,4-8H2,1-3H3",RWNOITVZTGQIRG-UHFFFAOYSA-N,False
1,CCCCOC(=O)C(C)OC(=O)CCC,"InChI=1S/C11H20O4/c1-4-6-8-14-11(13)9(3)15-10(12)7-5-2/h9H,4-8H2,1-3H3",NORZZKKLCYMBBF-UHFFFAOYSA-N,False
1,CCCCCCCCC(C)C#N,"InChI=1S/C11H21N/c1-3-4-5-6-7-8-9-11(2)10-12/h11H,3-9H2,1-2H3",XPCSGXMQGQGBKU-UHFFFAOYSA-N,False
0,CCCCN(CCC(=O)OCC)C(C)=O,"InChI=1S/C11H21NO3/c1-4-6-8-12(10(3)13)9-7-11(14)15-5-2/h4-9H2,1-3H3",VZRKEAFHFMSHCD-UHFFFAOYSA-N,False
0,CN(C)C(=O)NC1CCCCCCC1,"InChI=1S/C11H22N2O/c1-13(2)11(14)12-10-8-6-4-3-5-7-9-10/h10H,3-9H2,1-2H3,(H,12,14)",DQZCVNGCTZLGAQ-UHFFFAOYSA-N,False
1,CC(C)(O)CCC1CCCCC1,"InChI=1S/C11H22O/c1-11(2,12)9-8-10-6-4-3-5-7-10/h10,12H,3-9H2,1-2H3",KZZASWGRLOTITL-UHFFFAOYSA-N,False
1,CCCCCCCCCCC=O,"InChI=1S/C11H22O/c1-2-3-4-5-6-7-8-9-10-11-12/h11H,2-10H2,1H3",KMPQYAYAQWNLME-UHFFFAOYSA-N,False
1,C=CCCCCCCCCCO,"InChI=1S/C11H22O/c1-2-3-4-5-6-7-8-9-10-11-12/h2,12H,1,3-11H2",GIEMHYCMBGELGY-UHFFFAOYSA-N,False
1,CCCCCCCCC=CCO,"InChI=1S/C11H22O/c1-2-3-4-5-6-7-8-9-10-11-12/h9-10,12H,2-8,11H2,1H3",SKBIQKQBLQHOSU-UHFFFAOYSA-N,False
1,CCCCCCCC1CCCO1,"InChI=1S/C11H22O/c1-2-3-4-5-6-8-11-9-7-10-12-11/h11H,2-10H2,1H3",VBQKNJGYWOBPMY-UHFFFAOYSA-N,False
1,CCCCCCCCCC(C)=O,"InChI=1S/C11H22O/c1-3-4-5-6-7-8-9-10-11(2)12/h3-10H2,1-2H3",KYWIYKKSMDLRDC-UHFFFAOYSA-N,False
1,CCCCCCCCC=COC,"InChI=1S/C11H22O/c1-3-4-5-6-7-8-9-10-11-12-2/h10-11H,3-9H2,1-2H3",OVQHJRCXRNGXRJ-UHFFFAOYSA-N,False
1,CCCCCCCCC(C)C=O,"InChI=1S/C11H22O/c1-3-4-5-6-7-8-9-11(2)10-12/h10-11H,3-9H2,1-2H3",LBICMZLDYMBIGA-UHFFFAOYSA-N,False
1,CCC(=CCC(C)CCO)CC,"InChI=1S/C11H22O/c1-4-11(5-2)7-6-10(3)8-9-12/h7,10,12H,4-6,8-9H2,1-3H3",XSFCJNDQFKISFC-UHFFFAOYSA-N,False
1,CCOC1CC(C)CC(C)(C)C1,"InChI=1S/C11H22O/c1-5-12-10-6-9(2)7-11(3,4)8-10/h9-10H,5-8H2,1-4H3",JVBNHJDWWBSWLE-UHFFFAOYSA-N,False
1,CC(C)C1CCC(C(C)O)CC1,"InChI=1S/C11H22O/c1-8(2)10-4-6-11(7-5-10)9(3)12/h8-12H,4-7H2,1-3H3",NEHPIUGJDUWSRR-UHFFFAOYSA-N,False
1,COC1CC(C)CCC1C(C)C,"InChI=1S/C11H22O/c1-8(2)10-6-5-9(3)7-11(10)12-4/h8-11H,5-7H2,1-4H3",JDGJLPHFRJNJMN-UHFFFAOYSA-N,False
1,CC1CCC(O)C(C(C)(C)C)C1,"InChI=1S/C11H22O/c1-8-5-6-10(12)9(7-8)11(2,3)4/h8-10,12H,5-7H2,1-4H3",OOPHUQPRWUXYDI-UHFFFAOYSA-N,False
1,CC(C)=CCCC(C)CC(C)O,"InChI=1S/C11H22O/c1-9(2)6-5-7-10(3)8-11(4)12/h6,10-12H,5,7-8H2,1-4H3",CUIWFRIESJGBPX-UHFFFAOYSA-N,False
1,CC(C)CC1CCCC(C)(O)C1,"InChI=1S/C11H22O/c1-9(2)7-10-5-4-6-11(3,12)8-10/h9-10,12H,4-8H2,1-3H3",PMKDAPPYGOWKLX-UHFFFAOYSA-N,False
1,CC(=O)OCCCCCCC(C)C,"InChI=1S/C11H22O2/c1-10(2)8-6-4-5-7-9-13-11(3)12/h10H,4-9H2,1-3H3",LJSJTXAZFHYHMM-UHFFFAOYSA-N,False
1,COC(C)(C)CCCC(C)CC=O,"InChI=1S/C11H22O2/c1-10(7-9-12)6-5-8-11(2,3)13-4/h9-10H,5-8H2,1-4H3",IDWULKZGRNHZNR-UHFFFAOYSA-N,False
1,CCCCCCCCCCC(=O)O,"InChI=1S/C11H22O2/c1-2-3-4-5-6-7-8-9-10-11(12)13/h2-10H2,1H3,(H,12,13)",ZDPHROOEEOARMN-UHFFFAOYSA-N,False
1,CCCCCCCCCCOC=O,"InChI=1S/C11H22O2/c1-2-3-4-5-6-7-8-9-10-13-11-12/h11H,2-10H2,1H3",BCLJZFLDSCTULJ-UHFFFAOYSA-N,False
1,CCCCCCC1OCCC(C)O1,"InChI=1S/C11H22O2/c1-3-4-5-6-7-11-12-9-8-10(2)13-11/h10-11H,3-9H2,1-2H3",WHAXQUXICKDLJD-UHFFFAOYSA-N,False
1,CCCCCCCC1OCC(C)O1,"InChI=1S/C11H22O2/c1-3-4-5-6-7-8-11-12-9-10(2)13-11/h10-11H,3-9H2,1-2H3",PTJICCHLTNPHDB-UHFFFAOYSA-N,False
1,CCCCCCCCCC(=O)OC,"InChI=1S/C11H22O2/c1-3-4-5-6-7-8-9-10-11(12)13-2/h3-10H2,1-2H3",YRHYCMZPEVDGFQ-UHFFFAOYSA-N,False
1,CCCCCCCCCOC(C)=O,"InChI=1S/C11H22O2/c1-3-4-5-6-7-8-9-10-13-11(2)12/h3-10H2,1-2H3",GJQIMXVRFNLMTB-UHFFFAOYSA-N,False
1,CCCCCCCOC(=O)CCC,"InChI=1S/C11H22O2/c1-3-5-6-7-8-10-13-11(12)9-4-2/h3-10H2,1-2H3",JPQHLIYIQARLQM-UHFFFAOYSA-N,False
1,CCCCCCCCC(=O)OCC,"InChI=1S/C11H22O2/c1-3-5-6-7-8-9-10-11(12)13-4-2/h3-10H2,1-2H3",BYEVBITUADOIGY-UHFFFAOYSA-N,False
1,CCCCCCCCOC(=O)CC,"InChI=1S/C11H22O2/c1-3-5-6-7-8-9-10-13-11(12)4-2/h3-10H2,1-2H3",CEQGYPPMTKWBIU-UHFFFAOYSA-N,False
1,CCCCCCCC(=O)OCCC,"InChI=1S/C11H22O2/c1-3-5-6-7-8-9-11(12)13-10-4-2/h3-10H2,1-2H3",IDHBLVYDNJDWNO-UHFFFAOYSA-N,False
1,CCCCCCOC(=O)CCCC,"InChI=1S/C11H22O2/c1-3-5-7-8-10-13-11(12)9-6-4-2/h3-10H2,1-2H3",YERFHJZYNMRVLO-UHFFFAOYSA-N,False
1,CCCCCCC(=O)OCCCC,"InChI=1S/C11H22O2/c1-3-5-7-8-9-11(12)13-10-6-4-2/h3-10H2,1-2H3",YPQSPODHFDGVAC-UHFFFAOYSA-N,False
1,CCCCCOC(=O)CCCCC,"InChI=1S/C11H22O2/c1-3-5-7-9-11(12)13-10-8-6-4-2/h3-10H2,1-2H3",WRFZKAGPPQGDDQ-UHFFFAOYSA-N,False
1,CCCCCC(=O)OCCC(C)C,"InChI=1S/C11H22O2/c1-4-5-6-7-11(12)13-9-8-10(2)3/h10H,4-9H2,1-3H3",XVSZRAWFCDHCBP-UHFFFAOYSA-N,False
1,CCCCCCC(=O)OCC(C)C,"InChI=1S/C11H22O2/c1-4-5-6-7-8-11(12)13-9-10(2)3/h10H,4-9H2,1-3H3",HXJOYVPESRRCDB-UHFFFAOYSA-N,False
1,CCCCCCC1OC(C)C(C)O1,"InChI=1S/C11H22O2/c1-4-5-6-7-8-11-12-9(2)10(3)13-11/h9-11H,4-8H2,1-3H3",MTNLKAOONWIMIT-UHFFFAOYSA-N,False
1,CCCCCCOC(=O)CC(C)C,"InChI=1S/C11H22O2/c1-4-5-6-7-8-13-11(12)9-10(2)3/h10H,4-9H2,1-3H3",RSDDTPVXLMVLQE-UHFFFAOYSA-N,False
1,CCCCCCCC(=O)OC(C)C,"InChI=1S/C11H22O2/c1-4-5-6-7-8-9-11(12)13-10(2)3/h10H,4-9H2,1-3H3",WCGIIHOFOFCKSM-UHFFFAOYSA-N,False
1,CCCCCCCOC(=O)C(C)C,"InChI=1S/C11H22O2/c1-4-5-6-7-8-9-13-11(12)10(2)3/h10H,4-9H2,1-3H3",RFDUMBPGZUIKOG-UHFFFAOYSA-N,False
1,CCCCCC(=O)OCC(C)CC,"InChI=1S/C11H22O2/c1-4-6-7-8-11(12)13-9-10(3)5-2/h10H,4-9H2,1-3H3",ZWMQVDONBUJJLL-UHFFFAOYSA-N,False
1,CCCCCCC(CC)OC(C)=O,"InChI=1S/C11H22O2/c1-4-6-7-8-9-11(5-2)13-10(3)12/h11H,4-9H2,1-3H3",GPBFEZPGSQXMPX-UHFFFAOYSA-N,False
1,CCCCCCOC(=O)C(C)CC,"InChI=1S/C11H22O2/c1-4-6-7-8-9-13-11(12)10(3)5-2/h10H,4-9H2,1-3H3",YUECNVSODFDKOQ-UHFFFAOYSA-N,False
1,CCCCCC(C)OC(=O)CCC,"InChI=1S/C11H22O2/c1-4-6-7-9-10(3)13-11(12)8-5-2/h10H,4-9H2,1-3H3",GTKUPJHQSAPWLL-UHFFFAOYSA-N,False
1,CCCCC(CC)COC(=O)CC,"InChI=1S/C11H22O2/c1-4-7-8-10(5-2)9-13-11(12)6-3/h10H,4-9H2,1-3H3",GUHQWKGQAYBNEW-UHFFFAOYSA-N,False
1,CCC(C)(CCCC(C)C=O)OC,"InChI=1S/C11H22O2/c1-5-11(3,13-4)8-6-7-10(2)9-12/h9-10H,5-8H2,1-4H3",XMLIBBMPASIZBW-UHFFFAOYSA-N,False
1,CCCCC1OC(C)CC(C)(C)O1,"InChI=1S/C11H22O2/c1-5-6-7-10-12-9(2)8-11(3,4)13-10/h9-10H,5-8H2,1-4H3",QUBNQDBPPTZYJL-UHFFFAOYSA-N,False
1,CCCCCCOC(=O)C(C)(C)C,"InChI=1S/C11H22O2/c1-5-6-7-8-9-13-10(12)11(2,3)4/h5-9H2,1-4H3",RQSINLZXJXXKOH-UHFFFAOYSA-N,False
1,CCCC(C)OC(=O)C(C)CCC,"InChI=1S/C11H22O2/c1-5-7-9(3)11(12)13-10(4)8-6-2/h9-10H,5-8H2,1-4H3",CFWDCGXDJBSHMZ-UHFFFAOYSA-N,False
1,CCOC(=O)CC(C)CC(C)(C)C,"InChI=1S/C11H22O2/c1-6-13-10(12)7-9(2)8-11(3,4)5/h9H,6-8H2,1-5H3",NMZMQQBBZRGLPJ-UHFFFAOYSA-N,False
1,CC(=O)OC(CC(C)C)CC(C)C,"InChI=1S/C11H22O2/c1-8(2)6-11(7-9(3)4)13-10(5)12/h8-9,11H,6-7H2,1-5H3",XLJDNKNPKUBQMX-UHFFFAOYSA-N,False
1,CC(C)C1OC(C)(C)OCC1(C)C,"InChI=1S/C11H22O2/c1-8(2)9-10(3,4)7-12-11(5,6)13-9/h8-9H,7H2,1-6H3",WVYKHQRCBWWGFK-UHFFFAOYSA-N,False
1,COC(OC)C(C)(C)CC=C(C)C,"InChI=1S/C11H22O2/c1-9(2)7-8-11(3,4)10(12-5)13-6/h7,10H,8H2,1-6H3",RDHNTAXPFZIMDN-UHFFFAOYSA-N,False
1,CC(=O)OCCC(C)CC(C)(C)C,"InChI=1S/C11H22O2/c1-9(8-11(3,4)5)6-7-13-10(2)12/h9H,6-8H2,1-5H3",DGKXDLCVQSQVBC-UHFFFAOYSA-N,False
1,CCCCCC(=O)C(S)CCCC,"InChI=1S/C11H22OS/c1-3-5-7-8-10(12)11(13)9-6-4-2/h11,13H,3-9H2,1-2H3",QETSTZQFHRSMEQ-UHFFFAOYSA-N,False
1,CCCCCCCCCCC,"InChI=1S/C11H24/c1-3-5-7-9-11-10-8-6-4-2/h3-11H2,1-2H3",RSJKGSCJYJTIGS-UHFFFAOYSA-N,False
1,CCCCCCCCCCCO,"InChI=1S/C11H24O/c1-2-3-4-5-6-7-8-9-10-11-12/h12H,2-11H2,1H3",KJIOQYGWTQBHNH-UHFFFAOYSA-N,False
1,CCCCCCCCCC(C)O,"InChI=1S/C11H24O/c1-3-4-5-6-7-8-9-10-11(2)12/h11-12H,3-10H2,1-2H3",XMUJIPOFTAHSOK-UHFFFAOYSA-N,False
1,CCCCCCCCCCOC,"InChI=1S/C11H24O/c1-3-4-5-6-7-8-9-10-11-12-2/h3-11H2,1-2H3",JPEWDCTZJFUITH-UHFFFAOYSA-N,False
1,CCCCCC(C)(O)CC(C)C,"InChI=1S/C11H24O/c1-5-6-7-8-11(4,12)9-10(2)3/h10,12H,5-9H2,1-4H3",ZCYIZHWZWCLYQE-UHFFFAOYSA-N,False
1,CC(C)CC(C)CCCC(C)O,"InChI=1S/C11H24O/c1-9(2)8-10(3)6-5-7-11(4)12/h9-12H,5-8H2,1-4H3",HDQVGGOVPFQTRB-UHFFFAOYSA-N,False
1,CCCCCCCCC(OC)OC,"InChI=1S/C11H24O2/c1-4-5-6-7-8-9-10-11(12-2)13-3/h11H,4-10H2,1-3H3",LYLVOCPDQAOQKL-UHFFFAOYSA-N,False
1,COC(C)(C)CCCC(C)C(C)O,"InChI=1S/C11H24O2/c1-9(10(2)12)7-6-8-11(3,4)13-5/h9-10,12H,6-8H2,1-5H3",ZJVRYPHKSDHLTC-UHFFFAOYSA-N,False
1,CCOC(C)OCC(C)OC(C)OCC,"InChI=1S/C11H24O4/c1-6-12-10(4)14-8-9(3)15-11(5)13-7-2/h9-11H,6-8H2,1-5H3",TZVJNJVDGXFMCF-UHFFFAOYSA-N,False
1,CCCCCC(O)C(S)CCCC,"InChI=1S/C11H24OS/c1-3-5-7-8-10(12)11(13)9-6-4-2/h10-13H,3-9H2,1-2H3",CROIMCIDKDULKK-UHFFFAOYSA-N,False
0,CCOP(C)(=O)SCCN(C(C)C)C(C)C,"InChI=1S/C11H26NO2PS/c1-7-14-15(6,13)16-9-8-12(10(2)3)11(4)5/h10-11H,7-9H2,1-6H3",JJIUCEJQJXNMHV-UHFFFAOYSA-N,False
0,O=C(NC1=CC(Cl)=CC=C1)OCC#CCCl,"InChI=1S/C11H9Cl2NO2/c12-6-1-2-7-16-11(15)14-10-5-3-4-9(13)8-10/h3-5,8H,6-7H2,(H,14,15)",MCOQHIWZJUDQIC-UHFFFAOYSA-N,False
0,BrC1=C(Br)C(Br)=C(OC2=C(Br)C(Br)=C(Br)C(Br)=C2Br)C(Br)=C1Br,InChI=1S/C12Br10O/c13-1-3(15)7(19)11(8(20)4(1)16)23-12-9(21)5(17)2(14)6(18)10(12)22,WHHGLZMJPXIBIX-UHFFFAOYSA-N,False
1,C1=CC=C(C2=CC=CC=C2)C=C1,InChI=1S/C12H10/c1-3-7-11(8-4-1)12-9-5-2-6-10-12/h1-10H,ZUOUZKKEUPVFJK-UHFFFAOYSA-N,False
1,C1=CC=C(OC2=CC=CC=C2)C=C1,InChI=1S/C12H10O/c1-3-7-11(8-4-1)13-12-9-5-2-6-10-12/h1-10H,USIUVYZYUHIAEV-UHFFFAOYSA-N,False
1,CC(=O)C1=CC2=CC=CC=C2C=C1,"InChI=1S/C12H10O/c1-9(13)11-7-6-10-4-2-3-5-12(10)8-11/h2-8H,1H3",XSAYZAUNJMRRIR-UHFFFAOYSA-N,False
1,CC(=O)C1=CC=CC2=CC=CC=C21,"InChI=1S/C12H10O/c1-9(13)11-8-4-6-10-5-2-3-7-12(10)11/h2-8H,1H3",QQLIGMASAVJVON-UHFFFAOYSA-N,False
0,O=C(O)CC1=CC=CC2=CC=CC=C21,"InChI=1S/C12H10O2/c13-12(14)8-10-6-3-5-9-4-1-2-7-11(9)10/h1-7H,8H2,(H,13,14)",PRPINYUDVPFIRX-UHFFFAOYSA-N,False
1,C1=CC=C(SSC2=CC=CC=C2)C=C1,InChI=1S/C12H10S2/c1-3-7-11(8-4-1)13-14-12-9-5-2-6-10-12/h1-10H,GUUVPOWQJOLRAS-UHFFFAOYSA-N,False
0,C#CC(C)(C)NC(=O)C1=CC(Cl)=CC(Cl)=C1,"InChI=1S/C12H11Cl2NO/c1-4-12(2,3)15-11(16)8-5-9(13)7-10(14)6-8/h1,5-7H,2-3H3,(H,15,16)",PHNUZKMIPFFYSO-UHFFFAOYSA-N,False
0,NS(=O)(=O)C1=C(Cl)C=C(NCC2=CC=CO2)C(C(=O)O)=C1,"InChI=1S/C12H11ClN2O5S/c13-9-5-10(15-6-7-2-1-3-20-7)8(12(16)17)4-11(9)21(14,18)19/h1-5,15H,6H2,(H,16,17)(H2,14,18,19)",ZZUFCTLCJUWOSV-UHFFFAOYSA-N,False
0,NC1=NC2=C(N=C(C3=CC=CC=C3)C(N)=N2)C(N)=N1,"InChI=1S/C12H11N7/c13-9-7(6-4-2-1-3-5-6)16-8-10(14)18-12(15)19-11(8)17-9/h1-5H,(H6,13,14,15,17,18,19)",FNYLWPVRPXGIIP-UHFFFAOYSA-N,False
0,CNC(=O)OC1=CC=CC2=CC=CC=C21,"InChI=1S/C12H11NO2/c1-13-12(14)15-11-8-4-6-9-5-2-3-7-10(9)11/h2-8H,1H3,(H,13,14)",CVXBEEMKQHEXEN-UHFFFAOYSA-N,False
0,COC1=NC(C)=NC(NC(=O)NS(=O)(=O)C2=CC=CC=C2Cl)=N1,"InChI=1S/C12H12ClN5O4S/c1-7-14-10(17-12(15-7)22-2)16-11(19)18-23(20,21)9-6-4-3-5-8(9)13/h3-6H,1-2H3,(H2,14,15,16,17,18,19)",VJYIFXVZLXQVHO-UHFFFAOYSA-N,False
0,NC1=CC=C(S(=O)(=O)C2=CC=C(N)C=C2)C=C1,"InChI=1S/C12H12N2O2S/c13-9-1-5-11(6-2-9)17(15,16)12-7-3-10(14)4-8-12/h1-8H,13-14H2",MQJKPEGWNLWLTK-UHFFFAOYSA-N,False
0,CCC1(C2=CC=CC=C2)C(=O)NC(=O)NC1=O,"InChI=1S/C12H12N2O3/c1-2-12(8-6-4-3-5-7-8)9(15)13-11(17)14-10(12)16/h3-7H,2H2,1H3,(H2,13,14,15,16,17)",DDBREPKUVSBGFI-UHFFFAOYSA-N,False
1,CCOC1=CC2=CC=CC=C2C=C1,"InChI=1S/C12H12O/c1-2-13-12-8-7-10-5-3-4-6-11(10)9-12/h3-9H,2H2,1H3",GUMOJENFFHZAFP-UHFFFAOYSA-N,False
1,C=CCOC(=O)C=CC1=CC=CC=C1,"InChI=1S/C12H12O2/c1-2-10-14-12(13)9-8-11-6-4-3-5-7-11/h2-9H,1,10H2",KCMITHMNVLRGJU-UHFFFAOYSA-N,False
1,CCCC=C1OC(=O)C2=CC=CC=C12,"InChI=1S/C12H12O2/c1-2-3-8-11-9-6-4-5-7-10(9)12(13)14-11/h4-8H,2-3H2,1H3",WMBOCUXXNSOQHM-UHFFFAOYSA-N,False
1,CCOC1=CC2=C(C=C1)C(C)=CC(=O)O2,"InChI=1S/C12H12O3/c1-3-14-9-4-5-10-8(2)6-12(13)15-11(10)7-9/h4-7H,3H2,1-2H3",NKRISXMDKXBVRJ-UHFFFAOYSA-N,False
1,CC(=CC#N)CCC1=CC=CC=C1,"InChI=1S/C12H13N/c1-11(9-10-13)7-8-12-5-3-2-4-6-12/h2-6,9H,7-8H2,1H3",QELCXXZZKSRBET-UHFFFAOYSA-N,False
1,C=CC(C)(C#N)CC1=CC=CC=C1,"InChI=1S/C12H13N/c1-3-12(2,10-13)9-11-7-5-4-6-8-11/h3-8H,1,9H2,2H3",UKLOORXNVRHFRM-UHFFFAOYSA-N,False
1,CC(C)C1=CC2=C(C=C1)N=CC=C2,"InChI=1S/C12H13N/c1-9(2)10-5-6-12-11(8-10)4-3-7-13-12/h3-9H,1-2H3",NKCQEIXYLHACJC-UHFFFAOYSA-N,False
1,CC(C)C1=CC=NC2=CC=CC=C21,"InChI=1S/C12H13N/c1-9(2)10-7-8-13-12-6-4-3-5-11(10)12/h3-9H,1-2H3",HFYWOOUKPVJGBA-UHFFFAOYSA-N,False
0,COC(=O)C1=C(S(=O)(=O)NC(=O)NC2=NC(OC)=NC(C)=N2)C=CS1,"InChI=1S/C12H13N5O6S2/c1-6-13-10(16-12(14-6)23-3)15-11(19)17-25(20,21)7-4-5-24-8(7)9(18)22-2/h4-5H,1-3H3,(H2,13,14,15,16,17,19)",AHTPATJNIAFOLR-UHFFFAOYSA-N,False
0,CN1C(=O)CC(C)(C2=CC=CC=C2)C1=O,"InChI=1S/C12H13NO2/c1-12(9-6-4-3-5-7-9)8-10(14)13(2)11(12)15/h3-7H,8H2,1-2H3",AJXPJJZHWIXJCJ-UHFFFAOYSA-N,False
0,O=C(O)CCCC1=CNC2=CC=CC=C12,"InChI=1S/C12H13NO2/c14-12(15)7-3-4-9-8-13-11-6-2-1-5-10(9)11/h1-2,5-6,8,13H,3-4,7H2,(H,14,15)",JTEDVYBZBROSJT-UHFFFAOYSA-N,False
0,C[N+]1=CC=C(C2=CC=[N+](C)C=C2)C=C1,"InChI=1S/C12H14N2/c1-13-7-3-11(4-8-13)12-5-9-14(2)10-6-12/h3-10H,1-2H3/q+2",INFDPOAKFNIJBF-UHFFFAOYSA-N,False
1,CCCC1=NN(C2=CC=CC=C2)C=C1,"InChI=1S/C12H14N2/c1-2-6-11-9-10-14(13-11)12-7-4-3-5-8-12/h3-5,7-10H,2,6H2,1H3",ZHVUSSKUCZSPFQ-UHFFFAOYSA-N,False
0,CCC1(C2=CC=CC=C2)C(=O)NCNC1=O,"InChI=1S/C12H14N2O2/c1-2-12(9-6-4-3-5-7-9)10(15)13-8-14-11(12)16/h3-7H,2,8H2,1H3,(H,13,15)(H,14,16)",DQMZLTXERSFNPB-UHFFFAOYSA-N,False
0,CC1=CC(C)=NC(NS(=O)(=O)C2=CC=C(N)C=C2)=N1,"InChI=1S/C12H14N4O2S/c1-8-7-9(2)15-12(14-8)16-19(17,18)11-5-3-10(13)4-6-11/h3-7H,13H2,1-2H3,(H,14,15,16)",ASWVTGNCAZCNNR-UHFFFAOYSA-N,False
1,CC(C)C1=CC=C(C=CC=O)C=C1,"InChI=1S/C12H14O/c1-10(2)12-7-5-11(6-8-12)4-3-9-13/h3-10H,1-2H3",MHGRIUPTPRZPJP-UHFFFAOYSA-N,False
1,CC(C)C=C(C=O)C1=CC=CC=C1,"InChI=1S/C12H14O/c1-10(2)8-12(9-13)11-6-4-3-5-7-11/h3-10H,1-2H3",ULRYRAHIBWLZKC-UHFFFAOYSA-N,False
1,CC1=CCOC(C2=CC=CC=C2)C1,"InChI=1S/C12H14O/c1-10-7-8-13-12(9-10)11-5-3-2-4-6-11/h2-7,12H,8-9H2,1H3",SWOPLXXJAVYFPY-UHFFFAOYSA-N,False
1,CC1C(=O)C2=CC=CC=C2C1(C)C,"InChI=1S/C12H14O/c1-8-11(13)9-6-4-5-7-10(9)12(8,2)3/h4-8H,1-3H3",KZSUMHASCAWKLE-UHFFFAOYSA-N,False
1,CC(=O)C1=CC2=C(C=C1)CCCC2,"InChI=1S/C12H14O/c1-9(13)11-7-6-10-4-2-3-5-12(10)8-11/h6-8H,2-5H2,1H3",VEPUKHYQNXSSKV-UHFFFAOYSA-N,False
1,CC(C)OC(=O)C=CC1=CC=CC=C1,"InChI=1S/C12H14O2/c1-10(2)14-12(13)9-8-11-6-4-3-5-7-11/h3-10H,1-2H3",RGACABDFLVLVCT-UHFFFAOYSA-N,False
1,CC(C)=CCOC(=O)C1=CC=CC=C1,"InChI=1S/C12H14O2/c1-10(2)8-9-14-12(13)11-6-4-3-5-7-11/h3-8H,9H2,1-2H3",INVWRXWYYVMFQC-UHFFFAOYSA-N,False
1,C=C(CCOC(C)=O)C1=CC=CC=C1,"InChI=1S/C12H14O2/c1-10(8-9-14-11(2)13)12-6-4-3-5-7-12/h3-7H,1,8-9H2,2H3",RIKRCGVPSVKZJW-UHFFFAOYSA-N,False
1,CC1COC(C=CC2=CC=CC=C2)O1,"InChI=1S/C12H14O2/c1-10-9-13-12(14-10)8-7-11-5-3-2-4-6-11/h2-8,10,12H,9H2,1H3",MQLAQZSLFAOEAK-UHFFFAOYSA-N,False
1,CCCOC(=O)C=CC1=CC=CC=C1,"InChI=1S/C12H14O2/c1-2-10-14-12(13)9-8-11-6-4-3-5-7-11/h3-9H,2,10H2,1H3",OLLPXZHNCXACMM-UHFFFAOYSA-N,False
1,CCC(=O)OCC=CC1=CC=CC=C1,"InChI=1S/C12H14O2/c1-2-12(13)14-10-6-9-11-7-4-3-5-8-11/h3-9H,2,10H2,1H3",KGDJMNKPBUNHGY-UHFFFAOYSA-N,False
1,CCCCC1OC(=O)C2=CC=CC=C21,"InChI=1S/C12H14O2/c1-2-3-8-11-9-6-4-5-7-10(9)12(13)14-11/h4-7,11H,2-3,8H2,1H3",HJXMNVQARNZTEE-UHFFFAOYSA-N,False
1,CC=C(C)C(=O)OCC1=CC=CC=C1,"InChI=1S/C12H14O2/c1-3-10(2)12(13)14-9-11-7-5-4-6-8-11/h3-8H,9H2,1-2H3",QRGSTISKDZCDHV-UHFFFAOYSA-N,False
1,CCC(=O)C=CC1=CC=C(OC)C=C1,"InChI=1S/C12H14O2/c1-3-11(13)7-4-10-5-8-12(14-2)9-6-10/h4-9H,3H2,1-2H3",SLDQOBRACOQXGE-UHFFFAOYSA-N,False
1,CC1=CC(SSC2=C(C)OC(C)=C2)=C(C)O1,"InChI=1S/C12H14O2S2/c1-7-5-11(9(3)13-7)15-16-12-6-8(2)14-10(12)4/h5-6H,1-4H3",JDWCALSZHJBMIQ-UHFFFAOYSA-N,False
1,CCOC(=O)C1OC1(C)C1=CC=CC=C1,"InChI=1S/C12H14O3/c1-3-14-11(13)10-12(2,15-10)9-7-5-4-6-8-9/h4-8,10H,3H2,1-2H3",LQKRYVGRPXFFAV-UHFFFAOYSA-N,False
1,CCOC(=O)C1OC1C1=CC=C(C)C=C1,"InChI=1S/C12H14O3/c1-3-14-12(13)11-10(15-11)9-6-4-8(2)5-7-9/h4-7,10-11H,3H2,1-2H3",UMSHXRVBYUKRDF-UHFFFAOYSA-N,False
1,C=CCC1=CC(OC)=C(OC(C)=O)C=C1,"InChI=1S/C12H14O3/c1-4-5-10-6-7-11(15-9(2)13)12(8-10)14-3/h4,6-8H,1,5H2,2-3H3",SCCDQYPEOIRVGX-UHFFFAOYSA-N,False
1,CC=CC1=CC(OC)=C(OC(C)=O)C=C1,"InChI=1S/C12H14O3/c1-4-5-10-6-7-11(15-9(2)13)12(8-10)14-3/h4-8H,1-3H3",IUSBVFZKQJGVEP-UHFFFAOYSA-N,False
1,CC(=O)CCC1=CC=C(OC(C)=O)C=C1,"InChI=1S/C12H14O3/c1-9(13)3-4-11-5-7-12(8-6-11)15-10(2)14/h5-8H,3-4H2,1-2H3",UMIKWXDGXDJQJK-UHFFFAOYSA-N,False
1,CC(C)=CCOC(=O)C1=CC=CC=C1O,"InChI=1S/C12H14O3/c1-9(2)7-8-15-12(14)10-5-3-4-6-11(10)13/h3-7,13H,8H2,1-2H3",MCAYDAOGSVHGEE-UHFFFAOYSA-N,False
1,CCOC(=O)CC(=O)OCC1=CC=CC=C1,"InChI=1S/C12H14O4/c1-2-15-11(13)8-12(14)16-9-10-6-4-3-5-7-10/h3-7H,2,8-9H2,1H3",CGNOCUSLPSCMLL-UHFFFAOYSA-N,False
0,CCOC(=O)C1=CC=CC=C1C(=O)OCC,"InChI=1S/C12H14O4/c1-3-15-11(13)9-7-5-6-8-10(9)12(14)16-4-2/h5-8H,3-4H2,1-2H3",FLKPEMZONWLCSK-UHFFFAOYSA-N,False
1,C=CCC1=CC(OC)=C2OCOC2=C1OC,"InChI=1S/C12H14O4/c1-4-5-8-6-9(13-2)11-12(10(8)14-3)16-7-15-11/h4,6H,1,5,7H2,2-3H3",QQRSPHJOOXUALR-UHFFFAOYSA-N,False
1,C=CCC1=CC2=C(OCO2)C(OC)=C1OC,"InChI=1S/C12H14O4/c1-4-5-8-6-9-11(16-7-15-9)12(14-3)10(8)13-2/h4,6H,1,5,7H2,2-3H3",LIKYNOPXHGPMIH-UHFFFAOYSA-N,False
1,CC(C)C(=O)OCC1=CC2=C(C=C1)OCO2,"InChI=1S/C12H14O4/c1-8(2)12(13)14-6-9-3-4-10-11(5-9)16-7-15-10/h3-5,8H,6-7H2,1-2H3",RQULTIASPCVEFO-UHFFFAOYSA-N,False
1,COC1=C(OC(=O)C(C)C)C=CC(C=O)=C1,"InChI=1S/C12H14O4/c1-8(2)12(14)16-10-5-4-9(7-13)6-11(10)15-3/h4-8H,1-3H3",BGKAKRUFBSTALK-UHFFFAOYSA-N,False
1,CC(=O)OCC(OC(C)=O)C1=CC=CC=C1,"InChI=1S/C12H14O4/c1-9(13)15-8-12(16-10(2)14)11-6-4-3-5-7-11/h3-7,12H,8H2,1-2H3",WCYRXMRSUIXKRC-UHFFFAOYSA-N,False
1,CCCCC(C#N)C1=CC=CC=C1,"InChI=1S/C12H15N/c1-2-3-7-12(10-13)11-8-5-4-6-9-11/h4-6,8-9,12H,2-3,7H2,1H3",OTERUZJEJFMEEB-UHFFFAOYSA-N,False
1,CC1=C([N+](=O)[O-])C(C)=C([N+](=O)[O-])C(C(C)(C)C)=C1[N+](=O)[O-],"InChI=1S/C12H15N3O6/c1-6-9(13(16)17)7(2)11(15(20)21)8(12(3,4)5)10(6)14(18)19/h1-5H3",XMWRWTSZNLOZFN-UHFFFAOYSA-N,False
0,CNC(=O)OC1=CC=CC2=C1OC(C)(C)C2,"InChI=1S/C12H15NO3/c1-12(2)7-8-5-4-6-9(10(8)16-12)15-11(14)13-3/h4-6H,7H2,1-3H3,(H,13,14)",DUEPRVBVGDRKAG-UHFFFAOYSA-N,False
0,CC1=CC(C)=CC(OCC2CNC(=O)O2)=C1,"InChI=1S/C12H15NO3/c1-8-3-9(2)5-10(4-8)15-7-11-6-13-12(14)16-11/h3-5,11H,6-7H2,1-2H3,(H,13,14)",IMWZZHHPURKASS-UHFFFAOYSA-N,False
1,COC1=C([N+](=O)[O-])C(C)=C([N+](=O)[O-])C=C1C(C)(C)C,"InChI=1S/C12H16N2O5/c1-7-9(13(15)16)6-8(12(2,3)4)11(19-5)10(7)14(17)18/h6H,1-5H3",SUAUILGSCPYJCS-UHFFFAOYSA-N,False
1,CC(=O)CC(C)(C)C1=CC=CC=C1,"InChI=1S/C12H16O/c1-10(13)9-12(2,3)11-7-5-4-6-8-11/h4-8H,9H2,1-3H3",PFDVPCSDZXZDMF-UHFFFAOYSA-N,False
1,CC(C)C1=CC=C(CCC=O)C=C1,"InChI=1S/C12H16O/c1-10(2)12-7-5-11(6-8-12)4-3-9-13/h5-10H,3-4H2,1-2H3",RLEFOSDUWZYGOS-UHFFFAOYSA-N,False
1,CC(C)CC(=O)CC1=CC=CC=C1,"InChI=1S/C12H16O/c1-10(2)8-12(13)9-11-6-4-3-5-7-11/h3-7,10H,8-9H2,1-2H3",DTYGTEGDVPAKDA-UHFFFAOYSA-N,False
1,CC1CCOC(C2=CC=CC=C2)C1,"InChI=1S/C12H16O/c1-10-7-8-13-12(9-10)11-5-3-2-4-6-11/h2-6,10,12H,7-9H2,1H3",GDAVABNCFOTAOD-UHFFFAOYSA-N,False
1,CC1CC(C)(C2=CC=CC=C2)CO1,"InChI=1S/C12H16O/c1-10-8-12(2,9-13-10)11-6-4-3-5-7-11/h3-7,10H,8-9H2,1-2H3",GPMLJOOQCIHFET-UHFFFAOYSA-N,False
1,CC(CC=O)CCC1=CC=CC=C1,"InChI=1S/C12H16O/c1-11(9-10-13)7-8-12-5-3-2-4-6-12/h2-6,10-11H,7-9H2,1H3",DFJMIMVMOIFPQG-UHFFFAOYSA-N,False
1,CC(C)C1=CC=C(C(C)C=O)C=C1,"InChI=1S/C12H16O/c1-9(2)11-4-6-12(7-5-11)10(3)8-13/h4-10H,1-3H3",IZQUWQPXCQLTJY-UHFFFAOYSA-N,False
1,CC1=CC2=C(C=C1)CC(C)(CO)C2,"InChI=1S/C12H16O/c1-9-3-4-10-6-12(2,8-13)7-11(10)5-9/h3-5,13H,6-8H2,1-2H3",UWSPWQQZFOSTHS-UHFFFAOYSA-N,False
1,CC(=O)OC(C)(C)CC1=CC=CC=C1,"InChI=1S/C12H16O2/c1-10(13)14-12(2,3)9-11-7-5-4-6-8-11/h4-8H,9H2,1-3H3",FLUWAIIVLCVEKF-UHFFFAOYSA-N,False
1,CC(=O)OC(C)CCC1=CC=CC=C1,"InChI=1S/C12H16O2/c1-10(14-11(2)13)8-9-12-6-4-3-5-7-12/h3-7,10H,8-9H2,1-2H3",IVEWTAOGAGBQGG-UHFFFAOYSA-N,False
1,CC(C)C(=O)OCCC1=CC=CC=C1,"InChI=1S/C12H16O2/c1-10(2)12(13)14-9-8-11-6-4-3-5-7-11/h3-7,10H,8-9H2,1-2H3",JDQVBGQWADMTAM-UHFFFAOYSA-N,False
1,CC(C)CC(=O)OCC1=CC=CC=C1,"InChI=1S/C12H16O2/c1-10(2)8-12(13)14-9-11-6-4-3-5-7-11/h3-7,10H,8-9H2,1-2H3",HVJKZICIMIWFCP-UHFFFAOYSA-N,False
1,CC(C)CCOC(=O)C1=CC=CC=C1,"InChI=1S/C12H16O2/c1-10(2)8-9-14-12(13)11-6-4-3-5-7-11/h3-7,10H,8-9H2,1-2H3",MLLAPOCBLWUFAP-UHFFFAOYSA-N,False
1,CC(C)COC(=O)CC1=CC=CC=C1,"InChI=1S/C12H16O2/c1-10(2)9-14-12(13)8-11-6-4-3-5-7-11/h3-7,10H,8-9H2,1-2H3",RJASFPFZACBKBE-UHFFFAOYSA-N,False
1,CC(C)(C)C(=O)OCC1=CC=CC=C1,"InChI=1S/C12H16O2/c1-12(2,3)11(13)14-9-10-7-5-4-6-8-10/h4-8H,9H2,1-3H3",QCFKLVCBTZKWGY-UHFFFAOYSA-N,False
1,CC(C)(C=O)COCC1=CC=CC=C1,"InChI=1S/C12H16O2/c1-12(2,9-13)10-14-8-11-6-4-3-5-7-11/h3-7,9H,8,10H2,1-2H3",QBKRNECSGGPIJH-UHFFFAOYSA-N,False
1,CCC(=O)OCCCC1=CC=CC=C1,"InChI=1S/C12H16O2/c1-2-12(13)14-10-6-9-11-7-4-3-5-8-11/h3-5,7-8H,2,6,9-10H2,1H3",GTNCESCYZPMXCJ-UHFFFAOYSA-N,False
1,CCOC(=O)CCCC1=CC=CC=C1,"InChI=1S/C12H16O2/c1-2-14-12(13)10-6-9-11-7-4-3-5-8-11/h3-5,7-8H,2,6,9-10H2,1H3",GGFNXKFGVQQNRV-UHFFFAOYSA-N,False
1,CCCCCOC(=O)C1=CC=CC=C1,"InChI=1S/C12H16O2/c1-2-3-7-10-14-12(13)11-8-5-4-6-9-11/h4-6,8-9H,2-3,7,10H2,1H3",QKNZNUNCDJZTCH-UHFFFAOYSA-N,False
1,CCCCC1OC(=O)C2=C1CCC=C2,"InChI=1S/C12H16O2/c1-2-3-8-11-9-6-4-5-7-10(9)12(13)14-11/h5,7,11H,2-4,6,8H2,1H3",ZPIKVDODKLJKIN-UHFFFAOYSA-N,False
1,CCCCC(=O)OCC1=CC=CC=C1,"InChI=1S/C12H16O2/c1-2-3-9-12(13)14-10-11-7-5-4-6-8-11/h4-8H,2-3,9-10H2,1H3",YZJCDVRXBOPXSQ-UHFFFAOYSA-N,False
1,CCCCOC(=O)CC1=CC=CC=C1,"InChI=1S/C12H16O2/c1-2-3-9-14-12(13)10-11-7-5-4-6-8-11/h4-8H,2-3,9-10H2,1H3",LDOXTQYWWYXYSQ-UHFFFAOYSA-N,False
1,CCCC(=O)OCCC1=CC=CC=C1,"InChI=1S/C12H16O2/c1-2-6-12(13)14-10-9-11-7-4-3-5-8-11/h3-5,7-8H,2,6,9-10H2,1H3",WFNDDSQUKATKNX-UHFFFAOYSA-N,False
1,CC=C1CC2CC1C1CCC(=O)OC21,"InChI=1S/C12H16O2/c1-2-7-5-8-6-10(7)9-3-4-11(13)14-12(8)9/h2,8-10,12H,3-6H2,1H3",LLVFKEOMLYDSGT-UHFFFAOYSA-N,False
1,CCCC(=O)OC(C)C1=CC=CC=C1,"InChI=1S/C12H16O2/c1-3-7-12(13)14-10(2)11-8-5-4-6-9-11/h4-6,8-10H,3,7H2,1-2H3",GGKADXREVJTZMF-UHFFFAOYSA-N,False
1,CC(=O)OC1CC2CC1C1C=CCC21,"InChI=1S/C12H16O2/c1-7(13)14-12-6-8-5-11(12)10-4-2-3-9(8)10/h2,4,8-12H,3,5-6H2,1H3",BJLRAKFWOUAROE-UHFFFAOYSA-N,False
1,CC(=O)OC1CC2CC1C1CC=CC21,"InChI=1S/C12H16O2/c1-7(13)14-12-6-8-5-11(12)10-4-2-3-9(8)10/h2-3,8-12H,4-6H2,1H3",RGVQNSFGUOIKFF-UHFFFAOYSA-N,False
1,CC(C)C(=O)OC(C)C1=CC=CC=C1,"InChI=1S/C12H16O2/c1-9(2)12(13)14-10(3)11-7-5-4-6-8-11/h4-10H,1-3H3",JZCCYSDOUYQZMW-UHFFFAOYSA-N,False
1,CC(=O)OCC1=CC=C(C(C)C)C=C1,"InChI=1S/C12H16O2/c1-9(2)12-6-4-11(5-7-12)8-14-10(3)13/h4-7,9H,8H2,1-3H3",QBCRVYRADYXNOW-UHFFFAOYSA-N,False
1,CC1=CC=C(OC(=O)CC(C)C)C=C1,"InChI=1S/C12H16O2/c1-9(2)8-12(13)14-11-6-4-10(3)5-7-11/h4-7,9H,8H2,1-3H3",MVDPTWHTUYDLTL-UHFFFAOYSA-N,False
1,CC1OC(CC2=CC=CC=C2)OC1C,"InChI=1S/C12H16O2/c1-9-10(2)14-12(13-9)8-11-6-4-3-5-7-11/h3-7,9-10,12H,8H2,1-2H3",VMVFTCHLZRRVDJ-UHFFFAOYSA-N,False
1,CC1COC(C(C)C2=CC=CC=C2)O1,"InChI=1S/C12H16O2/c1-9-8-13-12(14-9)10(2)11-6-4-3-5-7-11/h3-7,9-10,12H,8H2,1-2H3",KHLVXMUGPANNQD-UHFFFAOYSA-N,False
1,CC(C)C(=O)OCCOC1=CC=CC=C1,"InChI=1S/C12H16O3/c1-10(2)12(13)15-9-8-14-11-6-4-3-5-7-11/h3-7,10H,8-9H2,1-2H3",MJTPMXWJHPOWGH-UHFFFAOYSA-N,False
1,COC(=O)C1OC1(C)C1CC2C=CC1C2,"InChI=1S/C12H16O3/c1-12(10(15-12)11(13)14-2)9-6-7-3-4-8(9)5-7/h3-4,7-10H,5-6H2,1-2H3",PDYPVRXNANFCNW-UHFFFAOYSA-N,False
1,CCCCCOC(=O)C1=CC=CC=C1O,"InChI=1S/C12H16O3/c1-2-3-6-9-15-12(14)10-7-4-5-8-11(10)13/h4-5,7-8,13H,2-3,6,9H2,1H3",RANVDUNFZBMTBK-UHFFFAOYSA-N,False
1,CCCC(=O)OCC(O)C1=CC=CC=C1,"InChI=1S/C12H16O3/c1-2-6-12(14)15-9-11(13)10-7-4-3-5-8-10/h3-5,7-8,11,13H,2,6,9H2,1H3",JJRRVTIPKOPPKI-UHFFFAOYSA-N,False
1,CCCC(=O)OCC1=CC=C(OC)C=C1,"InChI=1S/C12H16O3/c1-3-4-12(13)15-9-10-5-7-11(14-2)8-6-10/h5-8H,3-4,9H2,1-2H3",MEPOOZLETHNMSR-UHFFFAOYSA-N,False
1,CCC(C)COC(=O)C1=CC=CC=C1O,"InChI=1S/C12H16O3/c1-3-9(2)8-15-12(14)10-6-4-5-7-11(10)13/h4-7,9,13H,3,8H2,1-2H3",LCMNCRZMVCRJNZ-UHFFFAOYSA-N,False
1,C=CCC1=CC(OC)=C(OC)C(OC)=C1,"InChI=1S/C12H16O3/c1-5-6-9-7-10(13-2)12(15-4)11(8-9)14-3/h5,7-8H,1,6H2,2-4H3",BPLQKQKXWHCZSS-UHFFFAOYSA-N,False
1,CC(C)CCOC(=O)C1=CC=CC=C1O,"InChI=1S/C12H16O3/c1-9(2)7-8-15-12(14)10-5-3-4-6-11(10)13/h3-6,9,13H,7-8H2,1-2H3",PMGCQNGBLMMXEW-UHFFFAOYSA-N,False
1,CCOC(OCC)C1=CC2=C(C=C1)OCO2,"InChI=1S/C12H16O4/c1-3-13-12(14-4-2)9-5-6-10-11(7-9)16-8-15-10/h5-7,12H,3-4,8H2,1-2H3",YDQLGNDCYHZHEE-UHFFFAOYSA-N,False
1,CCOC1=C(O)C=CC(C2OCC(C)O2)=C1,"InChI=1S/C12H16O4/c1-3-14-11-6-9(4-5-10(11)13)12-15-7-8(2)16-12/h4-6,8,12-13H,3,7H2,1-2H3",IFUIILQWHYHIEK-UHFFFAOYSA-N,False
1,COC1=C(O)C=CC(C2OC(C)C(C)O2)=C1,"InChI=1S/C12H16O4/c1-7-8(2)16-12(15-7)9-4-5-10(13)11(6-9)14-3/h4-8,12-13H,1-3H3",JZJHVHUFPUYAJF-UHFFFAOYSA-N,False
1,CC(C)OCCOC(=O)C1=CC=CC=C1O,"InChI=1S/C12H16O4/c1-9(2)15-7-8-16-12(14)10-5-3-4-6-11(10)13/h3-6,9,13H,7-8H2,1-2H3",KFBPVHFUHYKWIF-UHFFFAOYSA-N,False
1,CC1=NC=C(C[N+]2=CSC(CCO)=C2C)C(N)=N1,"InChI=1S/C12H17N4OS/c1-8-11(3-4-17)18-7-16(8)6-10-5-14-9(2)15-12(10)13/h5,7,17H,3-4,6H2,1-2H3,(H2,13,14,15)/q+1",JZRWCGZRTZMZEH-UHFFFAOYSA-N,False
0,CC1C(C2=CC=CC=C2)OCCN1C,"InChI=1S/C12H17NO/c1-10-12(14-9-8-13(10)2)11-6-4-3-5-7-11/h3-7,10,12H,8-9H2,1-2H3",MFOCDFTXLCYLKU-UHFFFAOYSA-N,False
1,CCCCCOC(=O)C1=CC=CC=C1N,"InChI=1S/C12H17NO2/c1-2-3-6-9-15-12(14)10-7-4-5-8-11(10)13/h4-5,7-8H,2-3,6,9,13H2,1H3",JCKCYPSMCQDSHT-UHFFFAOYSA-N,False
0,CNC(=O)OC1=CC(C)=CC(C(C)C)=C1,"InChI=1S/C12H17NO2/c1-8(2)10-5-9(3)6-11(7-10)15-12(14)13-4/h5-8H,1-4H3,(H,13,14)",DTAPQAJKAFRNJB-UHFFFAOYSA-N,False
1,CNC1=CC=CC=C1C(=O)OCC(C)C,"InChI=1S/C12H17NO2/c1-9(2)8-15-12(14)10-6-4-5-7-11(10)13-3/h4-7,9,13H,8H2,1-3H3",WKYZGTHZBSYUFI-UHFFFAOYSA-N,False
0,CNC(=O)OC1=CC(C)=C(N(C)C)C(C)=C1,"InChI=1S/C12H18N2O2/c1-8-6-10(16-12(15)13-3)7-9(2)11(8)14(4)5/h6-7H,1-5H3,(H,13,15)",YNEVBPNZHBAYOA-UHFFFAOYSA-N,False
0,C=CCC1(C(C)CCC)C(=O)NC(=O)NC1=O,"InChI=1S/C12H18N2O3/c1-4-6-8(3)12(7-5-2)9(15)13-11(17)14-10(12)16/h5,8H,2,4,6-7H2,1,3H3,(H2,13,14,15,16,17)",KQPKPCNLIDLUMF-UHFFFAOYSA-N,False
0,CCCN(CCC)C1=C([N+](=O)[O-])C=C(S(N)(=O)=O)C=C1[N+](=O)[O-],"InChI=1S/C12H18N4O6S/c1-3-5-14(6-4-2)12-10(15(17)18)7-9(23(13,21)22)8-11(12)16(19)20/h7-8H,3-6H2,1-2H3,(H2,13,21,22)",UNAHYJYOSSSJHH-UHFFFAOYSA-N,False
1,CC(O)CC(C)(C)C1=CC=CC=C1,"InChI=1S/C12H18O/c1-10(13)9-12(2,3)11-7-5-4-6-8-11/h4-8,10,13H,9H2,1-3H3",NCYQVRNLBAYSLE-UHFFFAOYSA-N,False
1,CC(C)CC(O)CC1=CC=CC=C1,"InChI=1S/C12H18O/c1-10(2)8-12(13)9-11-6-4-3-5-7-11/h3-7,10,12-13H,8-9H2,1-2H3",IUADYGVMSDKSMB-UHFFFAOYSA-N,False
1,CC(CO)CC(C)C1=CC=CC=C1,"InChI=1S/C12H18O/c1-10(9-13)8-11(2)12-6-4-3-5-7-12/h3-7,10-11,13H,8-9H2,1-2H3",SXGYZCMGVZKIPJ-UHFFFAOYSA-N,False
1,CC1=CC(CC(C)(C)CO)=CC=C1,"InChI=1S/C12H18O/c1-10-5-4-6-11(7-10)8-12(2,3)9-13/h4-7,13H,8-9H2,1-3H3",FYMOBFDUZIDKMI-UHFFFAOYSA-N,False
1,CC(C)CCOCC1=CC=CC=C1,"InChI=1S/C12H18O/c1-11(2)8-9-13-10-12-6-4-3-5-7-12/h3-7,11H,8-10H2,1-2H3",RXXCIBALSKQCAE-UHFFFAOYSA-N,False
1,CC(CCO)CCC1=CC=CC=C1,"InChI=1S/C12H18O/c1-11(9-10-13)7-8-12-5-3-2-4-6-12/h2-6,11,13H,7-10H2,1H3",OXYRENDGHPGWKV-UHFFFAOYSA-N,False
1,CC1=CC(CCCCCO)=CC=C1,"InChI=1S/C12H18O/c1-11-6-5-8-12(10-11)7-3-2-4-9-13/h5-6,8,10,13H,2-4,7,9H2,1H3",FYMOBZCTSRBVBY-UHFFFAOYSA-N,False
1,CC1(C)C2CC=C(CCC=O)C1C2,"InChI=1S/C12H18O/c1-12(2)10-6-5-9(4-3-7-13)11(12)8-10/h5,7,10-11H,3-4,6,8H2,1-2H3",DDFGFKGJBOILQZ-UHFFFAOYSA-N,False
1,CCCCOCCC1=CC=CC=C1,"InChI=1S/C12H18O/c1-2-3-10-13-11-9-12-7-5-4-6-8-12/h4-8H,2-3,9-11H2,1H3",KLJOZKBZXLRMLU-UHFFFAOYSA-N,False
1,CCC(C)(O)CCC1=CC=CC=C1,"InChI=1S/C12H18O/c1-3-12(2,13)10-9-11-7-5-4-6-8-11/h4-8,13H,3,9-10H2,1-2H3",AEJRTNBCFUOSEM-UHFFFAOYSA-N,False
1,CCOC1=C(C)C=CC(C(C)C)=C1,"InChI=1S/C12H18O/c1-5-13-12-8-11(9(2)3)7-6-10(12)4/h6-9H,5H2,1-4H3",DOTAGKFIHPPPTK-UHFFFAOYSA-N,False
1,C=C1C2CC3CC1C(O)C(C2)C3C,"InChI=1S/C12H18O/c1-6-8-3-9-5-10(6)12(13)11(4-8)7(9)2/h7-13H,1,3-5H2,2H3",REINJUBMDBESCN-UHFFFAOYSA-N,False
1,CC1CC2C3CCC(C3)C2CC1=O,"InChI=1S/C12H18O/c1-7-4-10-8-2-3-9(5-8)11(10)6-12(7)13/h7-11H,2-6H2,1H3",VWFXPROOUAWFEE-UHFFFAOYSA-N,False
1,CC(=O)C1=C(C)CC2C(C1)C2(C)C,"InChI=1S/C12H18O/c1-7-5-10-11(12(10,3)4)6-9(7)8(2)13/h10-11H,5-6H2,1-4H3",QENZMTLEYUHTIL-UHFFFAOYSA-N,False
1,CC(C)C1=CC=CC(C(C)C)=C1O,"InChI=1S/C12H18O/c1-8(2)10-6-5-7-11(9(3)4)12(10)13/h5-9,13H,1-4H3",OLBCVFGFOZPWHH-UHFFFAOYSA-N,False
1,CC(C)C1=CCC(CCOC=O)=CC1,"InChI=1S/C12H18O2/c1-10(2)12-5-3-11(4-6-12)7-8-14-9-13/h3,6,9-10H,4-5,7-8H2,1-2H3",VQKSHQQZPYHYOS-UHFFFAOYSA-N,False
1,COC1=CC(C(C)(C)C)=C(OC)C=C1,"InChI=1S/C12H18O2/c1-12(2,3)10-8-9(13-4)6-7-11(10)14-5/h6-8H,1-5H3",ALVJDUNBMKMTDC-UHFFFAOYSA-N,False
1,COC1CC2CC1C1CC(C=O)CC21,"InChI=1S/C12H18O2/c1-14-12-5-8-4-11(12)10-3-7(6-13)2-9(8)10/h6-12H,2-5H2,1H3",UOGMZEGKCNHMBF-UHFFFAOYSA-N,False
1,CCOC(C)OCCC1=CC=CC=C1,"InChI=1S/C12H18O2/c1-3-13-11(2)14-10-9-12-7-5-4-6-8-12/h4-8,11H,3,9-10H2,1-2H3",QQDGMPOYFGNLMT-UHFFFAOYSA-N,False
1,CCOC(CC1=CC=CC=C1)OCC,"InChI=1S/C12H18O2/c1-3-13-12(14-4-2)10-11-8-6-5-7-9-11/h5-9,12H,3-4,10H2,1-2H3",FYERTDTXGGOMGT-UHFFFAOYSA-N,False
1,CCC=CC=CC=CCC(=O)OCC,"InChI=1S/C12H18O2/c1-3-5-6-7-8-9-10-11-12(13)14-4-2/h5-10H,3-4,11H2,1-2H3",BHRXYFQWNFRBFC-UHFFFAOYSA-N,False
1,CCOC(=O)C1=C(C)C=CCC1(C)C,"InChI=1S/C12H18O2/c1-5-14-11(13)10-9(2)7-6-8-12(10,3)4/h6-7H,5,8H2,1-4H3",KYEZYLFPHRVFBF-UHFFFAOYSA-N,False
1,CC(=O)OC1C=C(C)C2CC1C2(C)C,"InChI=1S/C12H18O2/c1-7-5-11(14-8(2)13)10-6-9(7)12(10,3)4/h5,9-11H,6H2,1-4H3",OZBFUQLOVFXDNK-UHFFFAOYSA-N,False
1,C=C(C)C1CC=C(C)C(OC(C)=O)C1,"InChI=1S/C12H18O2/c1-8(2)11-6-5-9(3)12(7-11)14-10(4)13/h5,11-12H,1,6-7H2,2-4H3",YTHRBOFHFYZBRJ-UHFFFAOYSA-N,False
1,C=C(C)C1CC=C(COC(C)=O)CC1,"InChI=1S/C12H18O2/c1-9(2)12-6-4-11(5-7-12)8-14-10(3)13/h4,12H,1,5-8H2,2-3H3",WTXBCFKGCNWPLS-UHFFFAOYSA-N,False
1,C=C(COC(C)=O)C1CC=C(C)CC1,"InChI=1S/C12H18O2/c1-9-4-6-12(7-5-9)10(2)8-14-11(3)13/h4,12H,2,5-8H2,1,3H3",BCTDJPZNMXPMIA-UHFFFAOYSA-N,False
1,CCCC(=O)C(CC)SC1=C(C)OC=C1,"InChI=1S/C12H18O2S/c1-4-6-10(13)11(5-2)15-12-7-8-14-9(12)3/h7-8,11H,4-6H2,1-3H3",GFRRQSASJZMMJC-UHFFFAOYSA-N,False
1,CC(C)CCOC(=O)CCC1=CC=CO1,"InChI=1S/C12H18O3/c1-10(2)7-9-15-12(13)6-5-11-4-3-8-14-11/h3-4,8,10H,5-7,9H2,1-2H3",ZVMWAVZRUZDYMV-UHFFFAOYSA-N,False
1,COCCOC(C)OCC1=CC=CC=C1,"InChI=1S/C12H18O3/c1-11(14-9-8-13-2)15-10-12-6-4-3-5-7-12/h3-7,11H,8-10H2,1-2H3",CNGTXGHYZBQUQS-UHFFFAOYSA-N,False
1,CCCCCCC(=O)OCC1=CC=CO1,"InChI=1S/C12H18O3/c1-2-3-4-5-8-12(13)15-10-11-7-6-9-14-11/h6-7,9H,2-5,8,10H2,1H3",VZRGLBPRLIGTPE-UHFFFAOYSA-N,False
1,CCCCOCC1=CC(OC)=C(O)C=C1,"InChI=1S/C12H18O3/c1-3-4-7-15-9-10-5-6-11(13)12(8-10)14-2/h5-6,8,13H,3-4,7,9H2,1-2H3",VLDFMKOUUQYFGF-UHFFFAOYSA-N,False
1,CC(=O)C1(C)CC2(O)OC(C)(C(C)=O)OC2(C)O1,"InChI=1S/C12H18O6/c1-7(13)9(3)6-12(15)11(5,16-9)17-10(4,18-12)8(2)14/h15H,6H2,1-5H3",TXTNKDRGVWKECN-UHFFFAOYSA-N,False
1,CCCCCCCC1=CC=CC=N1,"InChI=1S/C12H19N/c1-2-3-4-5-6-9-12-10-7-8-11-13-12/h7-8,10-11H,2-6,9H2,1H3",DYCPESWJKDONHC-UHFFFAOYSA-N,False
1,CCCCCC(=O)OCCC1=C(C)N=CS1,"InChI=1S/C12H19NO2S/c1-3-4-5-6-12(14)15-8-7-11-10(2)13-9-16-11/h9H,3-8H2,1-2H3",VJULDCZELAIZHC-UHFFFAOYSA-N,False
0,CN(C)C1=NC(=O)N(C2CCCCC2)C(=O)N1C,"InChI=1S/C12H20N4O2/c1-14(2)10-13-11(17)16(12(18)15(10)3)9-7-5-4-6-8-9/h9H,4-8H2,1-3H3",CAWXEEYDBZRFPE-UHFFFAOYSA-N,False
1,CCCCCCC=CC=CCC=O,"InChI=1S/C12H20O/c1-2-3-4-5-6-7-8-9-10-11-12-13/h7-10,12H,2-6,11H2,1H3",DNZRKQBGTHPGSL-UHFFFAOYSA-N,False
1,CC=C1CC2CC(OC(C)C)C1C2,"InChI=1S/C12H20O/c1-4-10-5-9-6-11(10)12(7-9)13-8(2)3/h4,8-9,11-12H,5-7H2,1-3H3",DFAHIMHECXLSIS-UHFFFAOYSA-N,False
1,C=CC(C)CCC=C(C)CCC=O,"InChI=1S/C12H20O/c1-4-11(2)7-5-8-12(3)9-6-10-13/h4,8,10-11H,1,5-7,9H2,2-3H3",QVEOSYKPYFNQAZ-UHFFFAOYSA-N,False
1,CC=C1C(C)C(=O)CC(C)C1CC,"InChI=1S/C12H20O/c1-5-10-8(3)7-12(13)9(4)11(10)6-2/h6,8-10H,5,7H2,1-4H3",SNRLYOSISRHVNY-UHFFFAOYSA-N,False
1,CCC1(C)CC(=O)C(C)=C(C)C1C,"InChI=1S/C12H20O/c1-6-12(5)7-11(13)9(3)8(2)10(12)4/h10H,6-7H2,1-5H3",WVMYETLAAOQTLM-UHFFFAOYSA-N,False
1,CCC1(C)C(C)=C(C)CC(=O)C1C,"InChI=1S/C12H20O/c1-6-12(5)9(3)8(2)7-11(13)10(12)4/h10H,6-7H2,1-5H3",YFNQAZJFDACZCL-UHFFFAOYSA-N,False
1,O=C1CCC(C2CCCCC2)CC1,"InChI=1S/C12H20O/c13-12-8-6-11(7-9-12)10-4-2-1-3-5-10/h10-11H,1-9H2",JLYNSPSTPQAEAX-UHFFFAOYSA-N,False
1,O=C1CCCCC1C1CCCCC1,"InChI=1S/C12H20O/c13-12-9-5-4-8-11(12)10-6-2-1-3-7-10/h10-11H,1-9H2",UOBQDYFTAJKQAL-UHFFFAOYSA-N,False
1,CC(C)=CCCC(C)=CC1OCCO1,"InChI=1S/C12H20O2/c1-10(2)5-4-6-11(3)9-12-13-7-8-14-12/h5,9,12H,4,6-8H2,1-3H3",KSDZVTNRVWBTFN-UHFFFAOYSA-N,False
1,CC(C)=CCCC(C)=CCOCC=O,"InChI=1S/C12H20O2/c1-11(2)5-4-6-12(3)7-9-14-10-8-13/h5,7-8H,4,6,9-10H2,1-3H3",LAUVMIDRJMQUQL-UHFFFAOYSA-N,False
1,C=CCOC(=O)CCC1CCCCC1,"InChI=1S/C12H20O2/c1-2-10-14-12(13)9-8-11-6-4-3-5-7-11/h2,11H,1,3-10H2",TWXUTZNBHUWMKJ-UHFFFAOYSA-N,False
1,CCCCCCCC1CC=CC(=O)O1,"InChI=1S/C12H20O2/c1-2-3-4-5-6-8-11-9-7-10-12(13)14-11/h7,10-11H,2-6,8-9H2,1H3",XPTXKXKPWKNYKB-UHFFFAOYSA-N,False
1,CCCCCCCCC#CC(=O)OC,"InChI=1S/C12H20O2/c1-3-4-5-6-7-8-9-10-11-12(13)14-2/h3-9H2,1-2H3",YPUZOJRRZPRXNV-UHFFFAOYSA-N,False
1,CCCCC=CC=CCC(=O)OCC,"InChI=1S/C12H20O2/c1-3-5-6-7-8-9-10-11-12(13)14-4-2/h7-10H,3-6,11H2,1-2H3",CWRNVIXQCHBUJY-UHFFFAOYSA-N,False
1,C=CC(=C)CCCC(C)(C)OC(C)=O,"InChI=1S/C12H20O2/c1-6-10(2)8-7-9-12(4,5)14-11(3)13/h6H,1-2,7-9H2,3-5H3",DCXXKSXLKWAZNO-UHFFFAOYSA-N,False
1,C=CC(C)(CCC=C(C)C)OC(C)=O,"InChI=1S/C12H20O2/c1-6-12(5,14-11(4)13)9-7-8-10(2)3/h6,8H,1,7,9H2,2-5H3",UWKAYLJWKGQEPM-UHFFFAOYSA-N,False
1,CCOC(=O)C1C(C=C(C)C)C1(C)C,"InChI=1S/C12H20O2/c1-6-14-11(13)10-9(7-8(2)3)12(10,4)5/h7,9-10H,6H2,1-5H3",VIMXTGUGWLAOFZ-UHFFFAOYSA-N,False
1,CC(=O)OC1C2(C)CCC(C2)C1(C)C,"InChI=1S/C12H20O2/c1-8(13)14-10-11(2,3)9-5-6-12(10,4)7-9/h9-10H,5-7H2,1-4H3",JUWUWIGZUVEFQB-UHFFFAOYSA-N,False
1,CC(=O)OC1CC2CCC1(C)C2(C)C,"InChI=1S/C12H20O2/c1-8(13)14-10-7-9-5-6-12(10,4)11(9,2)3/h9-10H,5-7H2,1-4H3",KGEKLUUHTZCSIP-UHFFFAOYSA-N,False
1,C=C(C)C1CCC(C)C(OC(C)=O)C1,"InChI=1S/C12H20O2/c1-8(2)11-6-5-9(3)12(7-11)14-10(4)13/h9,11-12H,1,5-7H2,2-4H3",TUSIZTVSUSBSQI-UHFFFAOYSA-N,False
1,C=C(C)C1CCC(C)CC1OC(C)=O,"InChI=1S/C12H20O2/c1-8(2)11-6-5-9(3)7-12(11)14-10(4)13/h9,11-12H,1,5-7H2,2-4H3",HLHIVJRLODSUCI-UHFFFAOYSA-N,False
1,CC(=O)OC1CCC2CCCCC2C1,"InChI=1S/C12H20O2/c1-9(13)14-12-7-6-10-4-2-3-5-11(10)8-12/h10-12H,2-8H2,1H3",XKCLIPLFEJSOAT-UHFFFAOYSA-N,False
1,CC(C)C1CCC2(CCC(=O)O2)CC1,"InChI=1S/C12H20O2/c1-9(2)10-3-6-12(7-4-10)8-5-11(13)14-12/h9-10H,3-8H2,1-2H3",VPSQYLNVIBQLTO-UHFFFAOYSA-N,False
1,CC(=O)OCC(C)C1CC=C(C)CC1,"InChI=1S/C12H20O2/c1-9-4-6-12(7-5-9)10(2)8-14-11(3)13/h4,10,12H,5-8H2,1-3H3",QUHIXSUMNSRNNP-UHFFFAOYSA-N,False
1,CC(=O)OCCC1CC=C(C)C1(C)C,"InChI=1S/C12H20O2/c1-9-5-6-11(12(9,3)4)7-8-14-10(2)13/h5,11H,6-8H2,1-4H3",HBRWKAJTMKFEQR-UHFFFAOYSA-N,False
1,CC(=O)OC(C)(C)C1CC=C(C)CC1,"InChI=1S/C12H20O2/c1-9-5-7-11(8-6-9)12(3,4)14-10(2)13/h5,11H,6-8H2,1-4H3",IGODOXYLBBXFDW-UHFFFAOYSA-N,False
1,CCCCCC1C(=O)CCC1C(=O)OC,"InChI=1S/C12H20O3/c1-3-4-5-6-9-10(12(14)15-2)7-8-11(9)13/h9-10H,3-8H2,1-2H3",UQWSOBVONQGHLN-UHFFFAOYSA-N,False
1,C=CC1(C)CCC(C(C)(C)OC(C)=O)O1,"InChI=1S/C12H20O3/c1-6-12(5)8-7-10(15-12)11(3,4)14-9(2)13/h6,10H,1,7-8H2,2-5H3",PZMSWQCFPOWCEC-UHFFFAOYSA-N,False
1,C=CC(C)(CCC1OC1(C)C)OC(C)=O,"InChI=1S/C12H20O3/c1-6-12(5,14-9(2)13)8-7-10-11(3,4)15-10/h6,10H,1,7-8H2,2-5H3",SVXOLLYBCSDBKK-UHFFFAOYSA-N,False
1,CC(=O)OC1CC2CCC1(C)OC2(C)C,"InChI=1S/C12H20O3/c1-8(13)14-10-7-9-5-6-12(10,4)15-11(9,2)3/h9-10H,5-7H2,1-4H3",XRKZFZWIYZDOQO-UHFFFAOYSA-N,False
1,CCOC(=O)C1CCC(C(=O)OCC)CC1,"InChI=1S/C12H20O4/c1-3-15-11(13)9-5-7-10(8-6-9)12(14)16-4-2/h9-10H,3-8H2,1-2H3",KRJHRNUTLDTSKY-UHFFFAOYSA-N,False
1,CCC(=O)OCC(COC(=O)CC)OC(=O)CC,"InChI=1S/C12H20O6/c1-4-10(13)16-7-9(18-12(15)6-3)8-17-11(14)5-2/h9H,4-8H2,1-3H3",YZWRNSARCRTXDS-UHFFFAOYSA-N,False
1,CCOC(=O)CC(O)(CC(=O)OCC)C(=O)OCC,"InChI=1S/C12H20O7/c1-4-17-9(13)7-12(16,11(15)19-6-3)8-10(14)18-5-2/h16H,4-8H2,1-3H3",DOOTYTYQINUNNV-UHFFFAOYSA-N,False
1,CCCC1CC=C(C=O)C(CCC)S1,"InChI=1S/C12H20OS/c1-3-5-11-8-7-10(9-13)12(14-11)6-4-2/h7,9,11-12H,3-6,8H2,1-2H3",QCIOSRSNVYPUHS-UHFFFAOYSA-N,False
1,CCCCCCCCC1=CC=CS1,"InChI=1S/C12H20S/c1-2-3-4-5-6-7-9-12-10-8-11-13-12/h8,10-11H,2-7,9H2,1H3",GIFWAJGKWIDXMY-UHFFFAOYSA-N,False
1,CC(=O)CC(C)(C)C1CCCCC1,"InChI=1S/C12H22O/c1-10(13)9-12(2,3)11-7-5-4-6-8-11/h11H,4-9H2,1-3H3",OAFJAALOFJVHMK-UHFFFAOYSA-N,False
1,CC(C)=CCCC(C)=CC(C)(C)O,"InChI=1S/C12H22O/c1-10(2)7-6-8-11(3)9-12(4,5)13/h7,9,13H,6,8H2,1-5H3",BPIALUCKEZWHIF-UHFFFAOYSA-N,False
1,CC1CCCC2(C)CCCCC12O,"InChI=1S/C12H22O/c1-10-6-5-8-11(2)7-3-4-9-12(10,11)13/h10,13H,3-9H2,1-2H3",JLPUXFOGCDVKGO-UHFFFAOYSA-N,False
1,CCCCCCCCCC=CC=O,"InChI=1S/C12H22O/c1-2-3-4-5-6-7-8-9-10-11-12-13/h10-12H,2-9H2,1H3",SSNZFFBDIMUILS-UHFFFAOYSA-N,False
1,CCCCCCCCC=CCC=O,"InChI=1S/C12H22O/c1-2-3-4-5-6-7-8-9-10-11-12-13/h9-10,12H,2-8,11H2,1H3",HBBONAOKVLYWBI-UHFFFAOYSA-N,False
1,CCCCCCCC1CCCC1=O,"InChI=1S/C12H22O/c1-2-3-4-5-6-8-11-9-7-10-12(11)13/h11H,2-10H2,1H3",PJXHBTZLHITWFX-UHFFFAOYSA-N,False
1,CCC1(O)C2(C)CCCC1(C)CC2,"InChI=1S/C12H22O/c1-4-12(13)10(2)6-5-7-11(12,3)9-8-10/h13H,4-9H2,1-3H3",AKVDDUFUTRWZKY-UHFFFAOYSA-N,False
1,CCC1(O)C2(C)CCC(C2)C1(C)C,"InChI=1S/C12H22O/c1-5-12(13)10(2,3)9-6-7-11(12,4)8-9/h9,13H,5-8H2,1-4H3",KIPCKEJKGCXRGA-UHFFFAOYSA-N,False
1,CCOC1CC2CCC1(C)C2(C)C,"InChI=1S/C12H22O/c1-5-13-10-8-9-6-7-12(10,4)11(9,2)3/h9-10H,5-8H2,1-4H3",FTRQTUIGTQZQBL-UHFFFAOYSA-N,False
1,CCOCC=C(C)CCC=C(C)C,"InChI=1S/C12H22O/c1-5-13-10-9-12(4)8-6-7-11(2)3/h7,9H,5-6,8,10H2,1-4H3",LOUIMJFJROISMD-UHFFFAOYSA-N,False
1,CCCC1(C(C)(C)C)C=CC(C)O1,"InChI=1S/C12H22O/c1-6-8-12(11(3,4)5)9-7-10(2)13-12/h7,9-10H,6,8H2,1-5H3",BWJMAXUUBRFWGV-UHFFFAOYSA-N,False
1,CC(C)=CCC(C)(C)C(=O)C(C)C,"InChI=1S/C12H22O/c1-9(2)7-8-12(5,6)11(13)10(3)4/h7,10H,8H2,1-6H3",CTLDWNVYXLHMAS-UHFFFAOYSA-N,False
0,O=C([O-])C(O)C(O)C(OC1OC(CO)C(O)C(O)C1O)C(O)CO,"InChI=1S/C12H22O12/c13-1-3(15)10(7(18)8(19)11(21)22)24-12-9(20)6(17)5(16)4(2-14)23-12/h3-10,12-20H,1-2H2,(H,21,22)/p-1",JYTUSYBCFIZPBE-UHFFFAOYSA-M,False
1,C=C(C)CCCC(C)CCOC(C)=O,"InChI=1S/C12H22O2/c1-10(2)6-5-7-11(3)8-9-14-12(4)13/h11H,1,5-9H2,2-4H3",WNXJCQNXNOOMDJ-UHFFFAOYSA-N,False
1,CC(=O)OCCC(C)CCC=C(C)C,"InChI=1S/C12H22O2/c1-10(2)6-5-7-11(3)8-9-14-12(4)13/h6,11H,5,7-9H2,1-4H3",JOZKFWLRHCDGJA-UHFFFAOYSA-N,False
1,COC(C=C(C)CCC=C(C)C)OC,"InChI=1S/C12H22O2/c1-10(2)7-6-8-11(3)9-12(13-4)14-5/h7,9,12H,6,8H2,1-5H3",ZSKAJFSSXURRGL-UHFFFAOYSA-N,False
1,CC(C)=CCCC(C)CCOCC=O,"InChI=1S/C12H22O2/c1-11(2)5-4-6-12(3)7-9-14-10-8-13/h5,8,12H,4,6-7,9-10H2,1-3H3",LMETVDMCIJNNKH-UHFFFAOYSA-N,False
1,CCC(=O)OCCCC1CCCCC1,"InChI=1S/C12H22O2/c1-2-12(13)14-10-6-9-11-7-4-3-5-8-11/h11H,2-10H2,1H3",OLMFMQGVNGCDJF-UHFFFAOYSA-N,False
1,CCCCCCCCC1CCC(=O)O1,"InChI=1S/C12H22O2/c1-2-3-4-5-6-7-8-11-9-10-12(13)14-11/h11H,2-10H2,1H3",WGPCZPLRVAWXPW-UHFFFAOYSA-N,False
1,C=CCCCCCCCCCC(=O)O,"InChI=1S/C12H22O2/c1-2-3-4-5-6-7-8-9-10-11-12(13)14/h2H,1,3-11H2,(H,13,14)",GZZPOFFXKUVNSW-UHFFFAOYSA-N,False
1,CCCCCCCC1CCCC(=O)O1,"InChI=1S/C12H22O2/c1-2-3-4-5-6-8-11-9-7-10-12(13)14-11/h11H,2-10H2,1H3",QRPLZGZHJABGRS-UHFFFAOYSA-N,False
1,CCCCCCC1CCCCC(=O)O1,"InChI=1S/C12H22O2/c1-2-3-4-5-8-11-9-6-7-10-12(13)14-11/h11H,2-10H2,1H3",FRTMRFCNTDDSOB-UHFFFAOYSA-N,False
1,CCCCCC(=O)OC1CCCCC1,"InChI=1S/C12H22O2/c1-2-3-5-10-12(13)14-11-8-6-4-7-9-11/h11H,2-10H2,1H3",DTNOERNOMHQUCN-UHFFFAOYSA-N,False
1,CCCCCCCC1CC(C)OC1=O,"InChI=1S/C12H22O2/c1-3-4-5-6-7-8-11-9-10(2)14-12(11)13/h10-11H,3-9H2,1-2H3",ZFKUTGNRVJOCIO-UHFFFAOYSA-N,False
1,C=CCCCCCCCCC(=O)OC,"InChI=1S/C12H22O2/c1-3-4-5-6-7-8-9-10-11-12(13)14-2/h3H,1,4-11H2,2H3",KISVAASFGZJBCY-UHFFFAOYSA-N,False
1,C=CCCCCCCCCOC(C)=O,"InChI=1S/C12H22O2/c1-3-4-5-6-7-8-9-10-11-14-12(2)13/h3H,1,4-11H2,2H3",PIQXMYAEJSMANF-UHFFFAOYSA-N,False
1,CCCCCCCC=CCOC(C)=O,"InChI=1S/C12H22O2/c1-3-4-5-6-7-8-9-10-11-14-12(2)13/h9-10H,3-8,11H2,1-2H3",LUMRROIRFJRWNX-UHFFFAOYSA-N,False
1,C=CCCCCCCCC(=O)OCC,"InChI=1S/C12H22O2/c1-3-5-6-7-8-9-10-11-12(13)14-4-2/h3H,1,4-11H2,2H3",BKOJTZORTHALGP-UHFFFAOYSA-N,False
1,C=CCOC(=O)CCCCCCCC,"InChI=1S/C12H22O2/c1-3-5-6-7-8-9-10-12(13)14-11-4-2/h4H,2-3,5-11H2,1H3",MFLWLDDOGSNSKO-UHFFFAOYSA-N,False
1,CC=CC(=O)OCCCCCCCC,"InChI=1S/C12H22O2/c1-3-5-6-7-8-9-11-14-12(13)10-4-2/h4,10H,3,5-9,11H2,1-2H3",HULBECQFWZPEBI-UHFFFAOYSA-N,False
1,CCCC=CCOC(=O)CCCCC,"InChI=1S/C12H22O2/c1-3-5-7-9-11-14-12(13)10-8-6-4-2/h7,9H,3-6,8,10-11H2,1-2H3",UQPLEMTXCSYMEK-UHFFFAOYSA-N,False
1,CCCCC1(CCCC)CCC(=O)O1,"InChI=1S/C12H22O2/c1-3-5-8-12(9-6-4-2)10-7-11(13)14-12/h3-10H2,1-2H3",KZEKELDMLDBVFV-UHFFFAOYSA-N,False
1,CC=CC(C)C(=O)OCCCCCC,"InChI=1S/C12H22O2/c1-4-6-7-8-10-14-12(13)11(3)9-5-2/h5,9,11H,4,6-8,10H2,1-3H3",BSKRYZBCMPUFRS-UHFFFAOYSA-N,False
1,C=CC(CCCCC)OC(=O)CCC,"InChI=1S/C12H22O2/c1-4-7-8-10-11(6-3)14-12(13)9-5-2/h6,11H,3-5,7-10H2,1-2H3",LZWFXVJBIZIHCH-UHFFFAOYSA-N,False
1,C=CCOC(=O)CCCC(C)(C)CC,"InChI=1S/C12H22O2/c1-5-10-14-11(13)8-7-9-12(3,4)6-2/h5H,1,6-10H2,2-4H3",DMPNGAXZQQAONL-UHFFFAOYSA-N,False
1,CCOC(=O)CC(C)CCC=C(C)C,"InChI=1S/C12H22O2/c1-5-14-12(13)9-11(4)8-6-7-10(2)3/h7,11H,5-6,8-9H2,1-4H3",UAIOJGGMISJMMY-UHFFFAOYSA-N,False
1,C=CC(C)CCCC(C)(C)OC(C)=O,"InChI=1S/C12H22O2/c1-6-10(2)8-7-9-12(4,5)14-11(3)13/h6,10H,1,7-9H2,2-5H3",BEARMGATPGLSKG-UHFFFAOYSA-N,False
1,C=CCOC(=O)CC(C)CC(C)(C)C,"InChI=1S/C12H22O2/c1-6-7-14-11(13)8-10(2)9-12(3,4)5/h6,10H,1,7-9H2,2-5H3",NSXNWIWVNIJLHK-UHFFFAOYSA-N,False
1,CC(=O)OC1CC(C)CCC1C(C)C,"InChI=1S/C12H22O2/c1-8(2)11-6-5-9(3)7-12(11)14-10(4)13/h8-9,11-12H,5-7H2,1-4H3",XHXUANMFYXWVNG-UHFFFAOYSA-N,False
1,CC(=O)OC1CCC(C(C)(C)C)CC1,"InChI=1S/C12H22O2/c1-9(13)14-11-7-5-10(6-8-11)12(2,3)4/h10-11H,5-8H2,1-4H3",MBZRJSQZCBXRGK-UHFFFAOYSA-N,False
1,CC(=O)OC1CCCCC1C(C)(C)C,"InChI=1S/C12H22O2/c1-9(13)14-11-8-6-5-7-10(11)12(2,3)4/h10-11H,5-8H2,1-4H3",FINOAUDUYKVGDS-UHFFFAOYSA-N,False
1,CC(=O)OC(C)C1CCCC(C)(C)C1,"InChI=1S/C12H22O2/c1-9(14-10(2)13)11-6-5-7-12(3,4)8-11/h9,11H,5-8H2,1-4H3",YWVSYRJWCROMKO-UHFFFAOYSA-N,False
1,CC(C)=CCCC(C)C1OCC(C)O1,"InChI=1S/C12H22O2/c1-9(2)6-5-7-10(3)12-13-8-11(4)14-12/h6,10-12H,5,7-8H2,1-4H3",UVCDCGGGCGCIRU-UHFFFAOYSA-N,False
1,CC(=O)OC(C)(C)C1CCC(C)CC1,"InChI=1S/C12H22O2/c1-9-5-7-11(8-6-9)12(3,4)14-10(2)13/h9,11H,5-8H2,1-4H3",HBNHCGDYYBMKJN-UHFFFAOYSA-N,False
1,CCCCCCCCCC(=O)CC(=O)O,"InChI=1S/C12H22O3/c1-2-3-4-5-6-7-8-9-11(13)10-12(14)15/h2-10H2,1H3,(H,14,15)",DZHSPYMHDVROSM-UHFFFAOYSA-N,False
1,CCCCCC1COCCC1OC(C)=O,"InChI=1S/C12H22O3/c1-3-4-5-6-11-9-14-8-7-12(11)15-10(2)13/h11-12H,3-9H2,1-2H3",VSRVCSJJKWDZSH-UHFFFAOYSA-N,False
1,CCCCCCC1CC(OC(C)=O)CO1,"InChI=1S/C12H22O3/c1-3-4-5-6-7-11-8-12(9-14-11)15-10(2)13/h11-12H,3-9H2,1-2H3",IAJCTZJZXRAPDK-UHFFFAOYSA-N,False
1,CCCCC1COCC(C)C1OC(C)=O,"InChI=1S/C12H22O3/c1-4-5-6-11-8-14-7-9(2)12(11)15-10(3)13/h9,11-12H,4-8H2,1-3H3",XWNKVSFNBVIKJB-UHFFFAOYSA-N,False
1,CCCCCCC(C(C)=O)C(=O)OCC,"InChI=1S/C12H22O3/c1-4-6-7-8-9-11(10(3)13)12(14)15-5-2/h11H,4-9H2,1-3H3",BRGRZPQESQKATK-UHFFFAOYSA-N,False
1,CCOC(=O)OC1C(C)CCC(C)C1C,"InChI=1S/C12H22O3/c1-5-14-12(13)15-11-9(3)7-6-8(2)10(11)4/h8-11H,5-7H2,1-4H3",LMEAWIUATHINAJ-UHFFFAOYSA-N,False
1,CCCC(CCCC(=O)OCC)OC(C)=O,"InChI=1S/C12H22O4/c1-4-7-11(16-10(3)13)8-6-9-12(14)15-5-2/h11H,4-9H2,1-3H3",PZSMEJQENCSIPM-UHFFFAOYSA-N,False
1,C1CCC(SSC2CCCCC2)CC1,"InChI=1S/C12H22S2/c1-3-7-11(8-4-1)13-14-12-9-5-2-6-10-12/h11-12H,1-10H2",ODHAQPXNQDBHSH-UHFFFAOYSA-N,False
1,CCCCCCCCCCCC#N,"InChI=1S/C12H23N/c1-2-3-4-5-6-7-8-9-10-11-12-13/h2-11H2,1H3",VXCUURYYWGCLIH-UHFFFAOYSA-N,False
1,CC(C)=CCCC(C)CC(C)(C)O,"InChI=1S/C12H24O/c1-10(2)7-6-8-11(3)9-12(4,5)13/h7,11,13H,6,8-9H2,1-5H3",QRDZETOZNQTTCN-UHFFFAOYSA-N,False
1,CCCCCCCCCC=CCO,"InChI=1S/C12H24O/c1-2-3-4-5-6-7-8-9-10-11-12-13/h10-11,13H,2-9,12H2,1H3",MLRYPOCSLBIUHY-UHFFFAOYSA-N,False
1,CCCCCCCCCCCC=O,"InChI=1S/C12H24O/c1-2-3-4-5-6-7-8-9-10-11-12-13/h12H,2-11H2,1H3",HFJRKMMYBMWEAD-UHFFFAOYSA-N,False
1,CCCCCCCCCCC(C)=O,"InChI=1S/C12H24O/c1-3-4-5-6-7-8-9-10-11-12(2)13/h3-11H2,1-2H3",LSKONYYRONEBKA-UHFFFAOYSA-N,False
1,CCCCCCCCCC(C)C=O,"InChI=1S/C12H24O/c1-3-4-5-6-7-8-9-10-12(2)11-13/h11-12H,3-10H2,1-2H3",NFAVNWJJYQAGNB-UHFFFAOYSA-N,False
1,C=COCCCCCCCCCC,"InChI=1S/C12H24O/c1-3-5-6-7-8-9-10-11-12-13-4-2/h4H,2-3,5-12H2,1H3",NSOAQRMLVFRWIT-UHFFFAOYSA-N,False
1,CCOCCC(C)CCC=C(C)C,"InChI=1S/C12H24O/c1-5-13-10-9-12(4)8-6-7-11(2)3/h7,12H,5-6,8-10H2,1-4H3",AUAWLMMUJFEVCX-UHFFFAOYSA-N,False
1,C=C(C(C)C(C)O)C(C)C(C)(C)C,"InChI=1S/C12H24O/c1-8(9(2)11(4)13)10(3)12(5,6)7/h9-11,13H,1H2,2-7H3",KQHNSYOQXVRMSX-UHFFFAOYSA-N,False
1,CC(=O)OCCC(C)CCCC(C)C,"InChI=1S/C12H24O2/c1-10(2)6-5-7-11(3)8-9-14-12(4)13/h10-11H,5-9H2,1-4H3",XFPXWDJICXBWRU-UHFFFAOYSA-N,False
1,CC(C)CCCOC(=O)CCC(C)C,"InChI=1S/C12H24O2/c1-10(2)6-5-9-14-12(13)8-7-11(3)4/h10-11H,5-9H2,1-4H3",BQOKYGYERMXUDU-UHFFFAOYSA-N,False
1,CC(=O)OCCCCCCCC(C)C,"InChI=1S/C12H24O2/c1-11(2)9-7-5-4-6-8-10-14-12(3)13/h11H,4-10H2,1-3H3",CRKWWBFTYGZTBS-UHFFFAOYSA-N,False
1,COC1(C)CCC(C(C)(C)OC)CC1,"InChI=1S/C12H24O2/c1-11(2,13-4)10-6-8-12(3,14-5)9-7-10/h10H,6-9H2,1-5H3",GGRDCTPZRBUOJU-UHFFFAOYSA-N,False
1,CCCCCCCCCCCC(=O)O,"InChI=1S/C12H24O2/c1-2-3-4-5-6-7-8-9-10-11-12(13)14/h2-11H2,1H3,(H,13,14)",POULHZVOKOAJMA-UHFFFAOYSA-N,False
1,CCCCCCCCCCOCC=O,"InChI=1S/C12H24O2/c1-2-3-4-5-6-7-8-9-11-14-12-10-13/h10H,2-9,11-12H2,1H3",SWBGVIRRFYDZBQ-UHFFFAOYSA-N,False
1,CCCCCCCCCCC(=O)OC,"InChI=1S/C12H24O2/c1-3-4-5-6-7-8-9-10-11-12(13)14-2/h3-11H2,1-2H3",XPQPWPZFBULGKT-UHFFFAOYSA-N,False
1,CCCCCCCCCCOC(C)=O,"InChI=1S/C12H24O2/c1-3-4-5-6-7-8-9-10-11-14-12(2)13/h3-11H2,1-2H3",NUPSHWCALHZGOV-UHFFFAOYSA-N,False
1,CCCCCCCCC1OCC(C)O1,"InChI=1S/C12H24O2/c1-3-4-5-6-7-8-9-12-13-10-11(2)14-12/h11-12H,3-10H2,1-2H3",AGNUIQKIUPCFET-UHFFFAOYSA-N,False
1,CCCCCCCCC(CC)C(=O)O,"InChI=1S/C12H24O2/c1-3-5-6-7-8-9-10-11(4-2)12(13)14/h11H,3-10H2,1-2H3,(H,13,14)",WJZIPMQUKSTHLV-UHFFFAOYSA-N,False
1,CCCCCCCCCC(=O)OCC,"InChI=1S/C12H24O2/c1-3-5-6-7-8-9-10-11-12(13)14-4-2/h3-11H2,1-2H3",RGXWDWUGBIJHDO-UHFFFAOYSA-N,False
1,CCCCCCCCC(=O)OCCC,"InChI=1S/C12H24O2/c1-3-5-6-7-8-9-10-12(13)14-11-4-2/h3-11H2,1-2H3",HCMSDHYNNJTLRW-UHFFFAOYSA-N,False
1,CCCCCCCCOC(=O)CCC,"InChI=1S/C12H24O2/c1-3-5-6-7-8-9-11-14-12(13)10-4-2/h3-11H2,1-2H3",PWLNAUNEAKQYLH-UHFFFAOYSA-N,False
1,CCCCCCC(=O)OCCCCC,"InChI=1S/C12H24O2/c1-3-5-7-8-10-12(13)14-11-9-6-4-2/h3-11H2,1-2H3",PSQMUBJRXIGVIT-UHFFFAOYSA-N,False
1,CCCCCCCC(=O)OCCCC,"InChI=1S/C12H24O2/c1-3-5-7-8-9-10-12(13)14-11-6-4-2/h3-11H2,1-2H3",PSXNDMJWRZYVTM-UHFFFAOYSA-N,False
1,CCCCCCCOC(=O)CCCC,"InChI=1S/C12H24O2/c1-3-5-7-8-9-11-14-12(13)10-6-4-2/h3-11H2,1-2H3",YJARPRLGQQFGOI-UHFFFAOYSA-N,False
1,CCCCCCOC(=O)CCCCC,"InChI=1S/C12H24O2/c1-3-5-7-9-11-14-12(13)10-8-6-4-2/h3-11H2,1-2H3",NCDCLPBOMHPFCV-UHFFFAOYSA-N,False
1,CCC(=O)OCCCCCCC(C)C,"InChI=1S/C12H24O2/c1-4-12(13)14-10-8-6-5-7-9-11(2)3/h11H,4-10H2,1-3H3",KOODESFNSDRUNJ-UHFFFAOYSA-N,False
1,CCCCCCC(=O)OCCC(C)C,"InChI=1S/C12H24O2/c1-4-5-6-7-8-12(13)14-10-9-11(2)3/h11H,4-10H2,1-3H3",AFCXVDRTNQNGHS-UHFFFAOYSA-N,False
1,CCCCCCCCOC(=O)C(C)C,"InChI=1S/C12H24O2/c1-4-5-6-7-8-9-10-14-12(13)11(2)3/h11H,4-10H2,1-3H3",PQCYCHFQWMNQRJ-UHFFFAOYSA-N,False
1,CCCCCCCC(=O)OCC(C)C,"InChI=1S/C12H24O2/c1-4-5-6-7-8-9-12(13)14-10-11(2)3/h11H,4-10H2,1-3H3",CFQRBRGFNFRMBD-UHFFFAOYSA-N,False
1,CCCCCCCC1(C)OCC(C)O1,"InChI=1S/C12H24O2/c1-4-5-6-7-8-9-12(3)13-10-11(2)14-12/h11H,4-10H2,1-3H3",AEGTXRAMXBTODF-UHFFFAOYSA-N,False
1,CCCCCCCOC(=O)CC(C)C,"InChI=1S/C12H24O2/c1-4-5-6-7-8-9-14-12(13)10-11(2)3/h11H,4-10H2,1-3H3",NPBMPHKEFVCCEY-UHFFFAOYSA-N,False
1,CCCCCCCOC(=O)C(C)CC,"InChI=1S/C12H24O2/c1-4-6-7-8-9-10-14-12(13)11(3)5-2/h11H,4-10H2,1-3H3",CSFWIAGTSVOEOD-UHFFFAOYSA-N,False
1,CCCCCC(CC)OC(=O)CCC,"InChI=1S/C12H24O2/c1-4-7-8-10-11(6-3)14-12(13)9-5-2/h11H,4-10H2,1-3H3",USSKZVIXWTWCGK-UHFFFAOYSA-N,False
1,CCCC(C)COC(=O)C(C)CCC,"InChI=1S/C12H24O2/c1-5-7-10(3)9-14-12(13)11(4)8-6-2/h10-11H,5-9H2,1-4H3",UMFWRNLJDQMTFR-UHFFFAOYSA-N,False
1,CCC(C)CCCC(C)(C)OC(C)=O,"InChI=1S/C12H24O2/c1-6-10(2)8-7-9-12(4,5)14-11(3)13/h10H,6-9H2,1-5H3",UCFDRKLPNGITFF-UHFFFAOYSA-N,False
1,CCC(C)CCC(C)(CC)OC(C)=O,"InChI=1S/C12H24O2/c1-6-10(3)8-9-12(5,7-2)14-11(4)13/h10H,6-9H2,1-5H3",JFKHPWLOPZASHC-UHFFFAOYSA-N,False
1,CCC(C)(CCCC(C)C)OC(C)=O,"InChI=1S/C12H24O2/c1-6-12(5,14-11(4)13)9-7-8-10(2)3/h10H,6-9H2,1-5H3",RBKRCARRXLFUGJ-UHFFFAOYSA-N,False
1,CCC1(C)OCC(C)(C)C(C(C)C)O1,"InChI=1S/C12H24O2/c1-7-12(6)13-8-11(4,5)10(14-12)9(2)3/h9-10H,7-8H2,1-6H3",BSGGXOUKQJUEMF-UHFFFAOYSA-N,False
1,CC(C)C1OCC(C)(C)C(C(C)C)O1,"InChI=1S/C12H24O2/c1-8(2)10-12(5,6)7-13-11(14-10)9(3)4/h8-11H,7H2,1-6H3",SVYIRYSQKUXBPY-UHFFFAOYSA-N,False
1,CCCCCC(=O)OCCC(S)CCC,"InChI=1S/C12H24O2S/c1-3-5-6-8-12(13)14-10-9-11(15)7-4-2/h11,15H,3-10H2,1-2H3",KVXKOWZLYWBURN-UHFFFAOYSA-N,False
1,CCCCCCCC(=O)N(CC)CC,"InChI=1S/C12H25NO/c1-4-7-8-9-10-11-12(14)13(5-2)6-3/h4-11H2,1-3H3",FHJRFIYKPIXQNQ-UHFFFAOYSA-N,False
1,CCNC(=O)C(CC)(C(C)C)C(C)C,"InChI=1S/C12H25NO/c1-7-12(9(3)4,10(5)6)11(14)13-8-2/h9-10H,7-8H2,1-6H3,(H,13,14)",PCOMMNVANAQDMV-UHFFFAOYSA-N,False
1,CCCCCCCCCCCCO,"InChI=1S/C12H26O/c1-2-3-4-5-6-7-8-9-10-11-12-13/h13H,2-12H2,1H3",LQZZUXJYWNFBMV-UHFFFAOYSA-N,False
1,CCOCCC(C)CCCC(C)C,"InChI=1S/C12H26O/c1-5-13-10-9-12(4)8-6-7-11(2)3/h11-12H,5-10H2,1-4H3",HCHHIPCZJSRFRT-UHFFFAOYSA-N,False
1,CC(O)C(C)C(C)C(C)C(C)(C)C,"InChI=1S/C12H26O/c1-8(9(2)11(4)13)10(3)12(5,6)7/h8-11,13H,1-7H3",XEFKRPWKRQTXDA-UHFFFAOYSA-N,False
1,CC(C)CCOC(C)OCCC(C)C,"InChI=1S/C12H26O2/c1-10(2)6-8-13-12(5)14-9-7-11(3)4/h10-12H,6-9H2,1-5H3",LXKCTPBHCJDSKC-UHFFFAOYSA-N,False
1,COC(CC(C)CCCC(C)C)OC,"InChI=1S/C12H26O2/c1-10(2)7-6-8-11(3)9-12(13-4)14-5/h10-12H,6-9H2,1-5H3",YKJOVWRPIHPSDM-UHFFFAOYSA-N,False
1,CCCCCCCCCC(OC)OC,"InChI=1S/C12H26O2/c1-4-5-6-7-8-9-10-11-12(13-2)14-3/h12H,4-11H2,1-3H3",NCRNCSZWOOYBQF-UHFFFAOYSA-N,False
1,CCCCCCCC(OCC)OCC,"InChI=1S/C12H26O2/c1-4-7-8-9-10-11-12(13-5-2)14-6-3/h12H,4-11H2,1-3H3",BRKIPAWFUDCCOO-UHFFFAOYSA-N,False
1,COC(CC(C)CCCC(C)(C)O)OC,"InChI=1S/C12H26O3/c1-10(9-11(14-4)15-5)7-6-8-12(2,3)13/h10-11,13H,6-9H2,1-5H3",QCJVKUULZGKQDG-UHFFFAOYSA-N,False
0,CCCCCCCCCCCCOS(=O)(=O)O,"InChI=1S/C12H26O4S/c1-2-3-4-5-6-7-8-9-10-11-12-16-17(13,14)15/h2-12H2,1H3,(H,13,14,15)",MOTZDAYCYVMXPC-UHFFFAOYSA-N,False
1,CCCCCCCCCCCCS,"InChI=1S/C12H26S/c1-2-3-4-5-6-7-8-9-10-11-12-13/h13H,2-12H2,1H3",WNAHIZMDSQCWRP-UHFFFAOYSA-N,False
0,CCCCOP(=O)(OCCCC)OCCCC,"InChI=1S/C12H27O4P/c1-4-7-10-14-17(13,15-11-8-5-2)16-12-9-6-3/h4-12H2,1-3H3",STCOOQWBFONSKY-UHFFFAOYSA-N,False
0,CCOP(=O)(OCC)OP(=O)(OCC)OP(=O)(OCC)OP(=O)(OCC)OCC,"InChI=1S/C12H30O13P4/c1-7-17-26(13,18-8-2)23-28(15,21-11-5)25-29(16,22-12-6)24-27(14,19-9-3)20-10-4/h7-12H2,1-6H3",DAJYZXUXDOSMCG-UHFFFAOYSA-N,False
0,C[Si]1(C)O[Si](C)(C)O[Si](C)(C)O[Si](C)(C)O[Si](C)(C)O[Si](C)(C)O1,"InChI=1S/C12H36O6Si6/c1-19(2)13-20(3,4)15-22(7,8)17-24(11,12)18-23(9,10)16-21(5,6)14-19/h1-12H3",IUMSDRXLFWAGNT-UHFFFAOYSA-N,False
0,O=S(=O)(C1=CC=C(Cl)C=C1)C1=CC(Cl)=C(Cl)C=C1Cl,"InChI=1S/C12H6Cl4O2S/c13-7-1-3-8(4-2-7)19(17,18)12-6-10(15)9(14)5-11(12)16/h1-6H",MLGCXEBRWGEOQX-UHFFFAOYSA-N,False
0,N#CC1=CNC=C1C1=C2OC(F)(F)OC2=CC=C1,"InChI=1S/C12H6F2N2O2/c13-12(14)17-10-3-1-2-8(11(10)18-12)9-6-16-5-7(9)4-15/h1-3,5-6,16H",MUJOIMFVNIBMKC-UHFFFAOYSA-N,False
0,ClC1=CC=CC(C2=CC(Cl)=CC(Cl)=C2)=C1,InChI=1S/C12H7Cl3/c13-10-3-1-2-8(4-10)9-5-11(14)7-12(15)6-9/h1-7H,RIBGNAJQTOXRDK-UHFFFAOYSA-N,False
0,ClC1=C(Cl)C2(Cl)C3C4CC(C5OC45)C3C1(Cl)C2(Cl)Cl,"InChI=1S/C12H8Cl6O/c13-8-9(14)11(16)5-3-1-2(6-7(3)19-6)4(5)10(8,15)12(11,17)18/h2-7H,1H2",DFBKLUNHFCTMDC-UHFFFAOYSA-N,False
0,COC1=C2OC(=O)C=CC2=CC2=C1OC=C2,"InChI=1S/C12H8O4/c1-14-12-10-8(4-5-15-10)6-7-2-3-9(13)16-11(7)12/h2-6H,1H3",QXKHYNVANLEOEG-UHFFFAOYSA-N,False
0,CNC1=C(Cl)C(=O)N(C2=CC=CC(C(F)(F)F)=C2)N=C1,"InChI=1S/C12H9ClF3N3O/c1-17-9-6-18-19(11(20)10(9)13)8-4-2-3-7(5-8)12(14,15)16/h2-6,17H,1H3",NVGOPFQZYCNLDU-UHFFFAOYSA-N,False
0,OC1=C(CC2=C(O)C=CC(Cl)=C2)C=C(Cl)C=C1,"InChI=1S/C13H10Cl2O2/c14-10-1-3-12(16)8(6-10)5-9-7-11(15)2-4-13(9)17/h1-4,6-7,16-17H,5H2",MDNWOSOZYLHTCG-UHFFFAOYSA-N,False
1,O=C(C1=CC=CC=C1)C1=CC=CC=C1,InChI=1S/C13H10O/c14-13(11-7-3-1-4-8-11)12-9-5-2-6-10-12/h1-10H,RWCCWEUUXYIKHB-UHFFFAOYSA-N,False
1,O=CC(=CC1=CC=CO1)C1=CC=CC=C1,InChI=1S/C13H10O2/c14-10-12(9-13-7-4-8-15-13)11-5-2-1-3-6-11/h1-10H,JPESOGFYFXAURP-UHFFFAOYSA-N,False
1,O=C(OC1=CC=CC=C1)C1=CC=CC=C1O,"InChI=1S/C13H10O3/c14-12-9-5-4-8-11(12)13(15)16-10-6-2-1-3-7-10/h1-9,14H",ZQBAKBUEJOMQEX-UHFFFAOYSA-N,False
0,CCC1=C(C(=O)O)C(=O)C=NN1C1=CC=C(Cl)C=C1,"InChI=1S/C13H11ClN2O3/c1-2-10-12(13(18)19)11(17)7-15-16(10)9-5-3-8(14)4-6-9/h3-7H,2H2,1H3,(H,18,19)",PIZCXVUFSNPNON-UHFFFAOYSA-N,False
1,CC1=CC=C(C2=CC=CC=C2)C=C1,"InChI=1S/C13H12/c1-11-7-9-13(10-8-11)12-5-3-2-4-6-12/h2-10H,1H3",ZZLCFHIKESPLTH-UHFFFAOYSA-N,False
1,C1=CC=C(CC2=CC=CC=C2)C=C1,"InChI=1S/C13H12/c1-3-7-12(8-4-1)11-13-9-5-2-6-10-13/h1-10H,11H2",CZZYITDELCSZES-UHFFFAOYSA-N,False
0,ClC1=CC(Cl)=C(C2(CN3C=NC=N3)CC(Br)CO2)C=C1,"InChI=1S/C13H12BrCl2N3O/c14-9-4-13(20-5-9,6-19-8-17-7-18-19)11-2-1-10(15)3-12(11)16/h1-3,7-9H,4-6H2",HJJVPARKXDDIQD-UHFFFAOYSA-N,False
0,COC1=CC(OC)=NC(NC(=O)NS(=O)(=O)C2=C(C(F)(F)F)C=CC=N2)=N1,"InChI=1S/C13H12F3N5O5S/c1-25-8-6-9(26-2)19-11(18-8)20-12(22)21-27(23,24)10-7(13(14,15)16)4-3-5-17-10/h3-6H,1-2H3,(H2,18,19,20,21,22)",HWATZEJQIXKWQS-UHFFFAOYSA-N,False
1,CC1=CC(OC2=CC=CC=C2)=CC=C1,"InChI=1S/C13H12O/c1-11-6-5-9-13(10-11)14-12-7-3-2-4-8-12/h2-10H,1H3",UDONPJKEOAWFGI-UHFFFAOYSA-N,False
1,CC1=CC=C(OC2=CC=CC=C2)C=C1,"InChI=1S/C13H12O/c1-11-7-9-13(10-8-11)14-12-5-3-2-4-6-12/h2-10H,1H3",SSTNIXFHCIOCJI-UHFFFAOYSA-N,False
1,COC1=CC=CC=C1C1=CC=CC=C1,"InChI=1S/C13H12O/c1-14-13-10-6-5-9-12(13)11-7-3-2-4-8-11/h2-10H,1H3",NLWCWEGVNJVLAX-UHFFFAOYSA-N,False
1,OC(C1=CC=CC=C1)C1=CC=CC=C1,"InChI=1S/C13H12O/c14-13(11-7-3-1-4-8-11)12-9-5-2-6-10-12/h1-10,13-14H",QILSFLSDHQAZET-UHFFFAOYSA-N,False
0,OC1=CC=C(OCC2=CC=CC=C2)C=C1,"InChI=1S/C13H12O2/c14-12-6-8-13(9-7-12)15-10-11-4-2-1-3-5-11/h1-9,14H,10H2",VYQNWZOUAUKGHI-UHFFFAOYSA-N,False
1,CCOC(=O)C1=C(C2=CC=CC=C2)OC=C1,"InChI=1S/C13H12O3/c1-2-15-13(14)11-8-9-16-12(11)10-6-4-3-5-7-10/h3-9H,2H2,1H3",VMAQXZDICAYJMS-UHFFFAOYSA-N,False
1,O=C(OCCC1=CC=CC=C1)C1=CC=CO1,"InChI=1S/C13H12O3/c14-13(12-7-4-9-15-12)16-10-8-11-5-2-1-3-6-11/h1-7,9H,8,10H2",QKPSYARWSBJEDY-UHFFFAOYSA-N,False
0,CC1=C(Br)C2=C(C=C(F)C=C2)N1S(=O)(=O)C1=NN(S(=O)(=O)N(C)C)C=N1,"InChI=1S/C13H13BrFN5O4S2/c1-8-12(14)10-5-4-9(15)6-11(10)20(8)25(21,22)13-16-7-19(17-13)26(23,24)18(2)3/h4-7H,1-3H3",BREATYVWRHIPIY-UHFFFAOYSA-N,False
0,CC(C)NC(=O)N1C=C(O)N(C2=CC(Cl)=CC(Cl)=C2)C1=O,"InChI=1S/C13H13Cl2N3O3/c1-7(2)16-12(20)17-6-11(19)18(13(17)21)10-4-8(14)3-9(15)5-10/h3-7,19H,1-2H3,(H,16,20)",RWJQYSGDSYIGMC-UHFFFAOYSA-N,False
0,CC1=CC=C(C2=C(Cl)N=C(C#N)N2S(=O)(=O)N(C)C)C=C1,"InChI=1S/C13H13ClN4O2S/c1-9-4-6-10(7-5-9)12-13(14)16-11(8-15)18(12)21(19,20)17(2)3/h4-7H,1-3H3",YXKMMRDKEKCERS-UHFFFAOYSA-N,False
1,CCOC(=O)C(=CC1=CC=CC=C1)C(C)=O,"InChI=1S/C13H14O3/c1-3-16-13(15)12(10(2)14)9-11-7-5-4-6-8-11/h4-9H,3H2,1-2H3",AYZGINZXVVKWKV-UHFFFAOYSA-N,False
1,CC(C)CC1=CC2=C(C=C1)N=CC=C2,"InChI=1S/C13H15N/c1-10(2)8-11-5-6-13-12(9-11)4-3-7-14-13/h3-7,9-10H,8H2,1-2H3",YKGUUBIPVHRERN-UHFFFAOYSA-N,False
1,CC(C)CC1=CC=NC2=CC=CC=C12,"InChI=1S/C13H15N/c1-10(2)9-11-7-8-14-13-6-4-3-5-12(11)13/h3-8,10H,9H2,1-2H3",ZFIHCQGXRHANID-UHFFFAOYSA-N,False
1,CC(C)CC1=NC2=CC=CC=C2C=C1,"InChI=1S/C13H15N/c1-10(2)9-12-8-7-11-5-3-4-6-13(11)14-12/h3-8,10H,9H2,1-2H3",FAQVGPWFQGGIPP-UHFFFAOYSA-N,False
1,CC(C)(C)C1=C2C=CC=NC2=CC=C1,"InChI=1S/C13H15N/c1-13(2,3)11-7-4-8-12-10(11)6-5-9-14-12/h4-9H,1-3H3",CWVYYJOLOZEZOF-UHFFFAOYSA-N,False
1,CCC(C)C1=CC2=C(C=C1)N=CC=C2,"InChI=1S/C13H15N/c1-3-10(2)11-6-7-13-12(9-11)5-4-8-14-13/h4-10H,3H2,1-2H3",AUBLFWWZTFFBNU-UHFFFAOYSA-N,False
1,CC1=CC2=C(C=C1)C(C)(C)CC=C2,"InChI=1S/C13H16/c1-10-6-7-12-11(9-10)5-4-8-13(12,2)3/h4-7,9H,8H2,1-3H3",RTUMCNDCAVLXEP-UHFFFAOYSA-N,False
0,CCCN(CCC)C1=C([N+](=O)[O-])C=C(C(F)(F)F)C=C1[N+](=O)[O-],"InChI=1S/C13H16F3N3O4/c1-3-5-17(6-4-2)12-10(18(20)21)7-9(13(14,15)16)8-11(12)19(22)23/h7-8H,3-6H2,1-2H3",ZSDSQXJSNMTJDA-UHFFFAOYSA-N,False
0,CCCCN(CC)C1=C([N+](=O)[O-])C=C(C(F)(F)F)C=C1[N+](=O)[O-],"InChI=1S/C13H16F3N3O4/c1-3-5-6-17(4-2)12-10(18(20)21)7-9(13(14,15)16)8-11(12)19(22)23/h7-8H,3-6H2,1-2H3",SMDHCQAYESWHAE-UHFFFAOYSA-N,False
1,C=C(C)C1=CC=CC(C(C)CC=O)=C1,"InChI=1S/C13H16O/c1-10(2)12-5-4-6-13(9-12)11(3)7-8-14/h4-6,8-9,11H,1,7H2,2-3H3",YYANKIXCOSAFMF-UHFFFAOYSA-N,False
1,C=C1CC(C)OC(C2=CC=CC=C2)C1,"InChI=1S/C13H16O/c1-10-8-11(2)14-13(9-10)12-6-4-3-5-7-12/h3-7,11,13H,1,8-9H2,2H3",GXXCNAPXUOUUFX-UHFFFAOYSA-N,False
1,CC(C)CC=C(C=O)C1=CC=CC=C1,"InChI=1S/C13H16O/c1-11(2)8-9-13(10-14)12-6-4-3-5-7-12/h3-7,9-11H,8H2,1-2H3",YURDCJXYOLERLO-UHFFFAOYSA-N,False
1,CC1(C)CCCC2=C1C=C(C=O)C=C2,"InChI=1S/C13H16O/c1-13(2)7-3-4-11-6-5-10(9-14)8-12(11)13/h5-6,8-9H,3-4,7H2,1-2H3",HJLINOOPKOQYJI-UHFFFAOYSA-N,False
1,CCCCC(C=O)=CC1=CC=CC=C1,"InChI=1S/C13H16O/c1-2-3-7-13(11-14)10-12-8-5-4-6-9-12/h4-6,8-11H,2-3,7H2,1H3",GFBCBQNBXRPRQD-UHFFFAOYSA-N,False
1,CC(C)=C(C)C(=O)OCC1=CC=CC=C1,"InChI=1S/C13H16O2/c1-10(2)11(3)13(14)15-9-12-7-5-4-6-8-12/h4-8H,9H2,1-3H3",LHDWSNQMWAZQPX-UHFFFAOYSA-N,False
1,COC1=CC=C(C=CC(=O)C(C)C)C=C1,"InChI=1S/C13H16O2/c1-10(2)13(14)9-6-11-4-7-12(15-3)8-5-11/h4-10H,1-3H3",ZIXVMEYRFPMOAV-UHFFFAOYSA-N,False
1,CC(C)=CC(=O)OCCC1=CC=CC=C1,"InChI=1S/C13H16O2/c1-11(2)10-13(14)15-9-8-12-6-4-3-5-7-12/h3-7,10H,8-9H2,1-2H3",QTCRFFUEUAXZNW-UHFFFAOYSA-N,False
1,CC(C)COC(=O)C=CC1=CC=CC=C1,"InChI=1S/C13H16O2/c1-11(2)10-15-13(14)9-8-12-6-4-3-5-7-12/h3-9,11H,10H2,1-2H3",IQZUZPKOFSOVET-UHFFFAOYSA-N,False
1,CC(C)C(=O)OCC=CC1=CC=CC=C1,"InChI=1S/C13H16O2/c1-11(2)13(14)15-10-6-9-12-7-4-3-5-8-12/h3-9,11H,10H2,1-2H3",KLKQSZIWHVEARN-UHFFFAOYSA-N,False
1,CCCCOC(=O)C=CC1=CC=CC=C1,"InChI=1S/C13H16O2/c1-2-3-11-15-13(14)10-9-12-7-5-4-6-8-12/h4-10H,2-3,11H2,1H3",OHHIVLJVBNCSHV-UHFFFAOYSA-N,False
1,CCCC(=O)OCC=CC1=CC=CC=C1,"InChI=1S/C13H16O2/c1-2-7-13(14)15-11-6-10-12-8-4-3-5-9-12/h3-6,8-10H,2,7,11H2,1H3",YZYPQKZWNXANRB-UHFFFAOYSA-N,False
1,CC1OC(C)C2CC3=CC=CC=C3C2O1,"InChI=1S/C13H16O2/c1-8-12-7-10-5-3-4-6-11(10)13(12)15-9(2)14-8/h3-6,8-9,12-13H,7H2,1-2H3",SHWFPOIJJLMZKA-UHFFFAOYSA-N,False
1,O=C(OC1CCCCC1)C1=CC=CC=C1,"InChI=1S/C13H16O2/c14-13(11-7-3-1-4-8-11)15-12-9-5-2-6-10-12/h1,3-4,7-8,12H,2,5-6,9-10H2",DQZKGSRJOUYVPL-UHFFFAOYSA-N,False
1,CCOC(=O)C(CC1=CC=CC=C1)C(C)=O,"InChI=1S/C13H16O3/c1-3-16-13(15)12(10(2)14)9-11-7-5-4-6-8-11/h4-8,12H,3,9H2,1-2H3",XDWQYMXQMNUWID-UHFFFAOYSA-N,False
1,CCOC(=O)C1OC1(C)C1=CC=C(C)C=C1,"InChI=1S/C13H16O3/c1-4-15-12(14)11-13(3,16-11)10-7-5-9(2)6-8-10/h5-8,11H,4H2,1-3H3",RJQNJKOCFCXTHZ-UHFFFAOYSA-N,False
1,O=C(OC1CCCCC1)C1=CC=CC=C1O,"InChI=1S/C13H16O3/c14-12-9-5-4-8-11(12)13(15)16-10-6-2-1-3-7-10/h4-5,8-10,14H,1-3,6-7H2",NUQDJSMHGCTKNL-UHFFFAOYSA-N,False
1,O=C(CC1=CC=CC=C1)OCC1CCCO1,"InChI=1S/C13H16O3/c14-13(9-11-5-2-1-3-6-11)16-10-12-7-4-8-15-12/h1-3,5-6,12H,4,7-10H2",WFCXNQRMOLKRMG-UHFFFAOYSA-N,False
1,CCC(OC(C)=O)C1=CC=C(OC(C)=O)C=C1,"InChI=1S/C13H16O4/c1-4-13(17-10(3)15)11-5-7-12(8-6-11)16-9(2)14/h5-8,13H,4H2,1-3H3",UAWHZODFGAHJCC-UHFFFAOYSA-N,False
1,CC(=O)C1(C)CC(=O)C(C)(SCC2=CC=CO2)O1,"InChI=1S/C13H16O4S/c1-9(14)12(2)7-11(15)13(3,17-12)18-8-10-5-4-6-16-10/h4-6H,7-8H2,1-3H3",GQCBHHWLIWZIIT-UHFFFAOYSA-N,False
1,CC(CC(C)(C)C#N)C1=CC=CC=C1,"InChI=1S/C13H17N/c1-11(9-13(2,3)10-14)12-7-5-4-6-8-12/h4-8,11H,9H2,1-3H3",GWCCFAFCQHECBM-UHFFFAOYSA-N,False
1,CCC1=CC=C(CC(C)(C)C#N)C=C1,"InChI=1S/C13H17N/c1-4-11-5-7-12(8-6-11)9-13(2,3)10-14/h5-8H,4,9H2,1-3H3",NWMCCMGWYCKNJR-UHFFFAOYSA-N,False
0,CC1=C(N(C)C)C(=O)N(C2=CC=CC=C2)N1C,"InChI=1S/C13H17N3O/c1-10-12(14(2)3)13(17)16(15(10)4)11-8-6-5-7-9-11/h5-9H,1-4H3",RMMXTBMQSGEXHJ-UHFFFAOYSA-N,False
0,CC1C(=NC(=O)C(NOC(C)(C)C(=O)O)C2=CSC(N)=N2)C(=O)N1S(=O)(=O)O,"InChI=1S/C13H17N5O8S2/c1-5-7(10(20)18(5)28(23,24)25)16-9(19)8(6-4-27-12(14)15-6)17-26-13(2,3)11(21)22/h4-5,8,17H,1-3H3,(H2,14,15)(H,21,22)(H,23,24,25)",FLMIOANAVARRAD-UHFFFAOYSA-N,False
1,NC1=CC=CC=C1C(=O)OC1CCCCC1,"InChI=1S/C13H17NO2/c14-12-9-5-4-8-11(12)13(15)16-10-6-2-1-3-7-10/h4-5,8-10H,1-3,6-7,14H2",KFEZETDKFSMLMG-UHFFFAOYSA-N,False
1,CC=CC1=C(C)C=CC(C(C)C)=C1,"InChI=1S/C13H18/c1-5-6-13-9-12(10(2)3)8-7-11(13)4/h5-10H,1-4H3",IRICXAFZMINCTB-UHFFFAOYSA-N,False
1,CC1=C(C)C([N+](=O)[O-])=C(C(C)(C)C)C([N+](=O)[O-])=C1C,"InChI=1S/C13H18N2O4/c1-7-8(2)11(14(16)17)10(13(4,5)6)12(9(7)3)15(18)19/h1-6H3",MINYPECWDZURGR-UHFFFAOYSA-N,False
1,CC(C)C1=CC(C(C)CC=O)=CC=C1,"InChI=1S/C13H18O/c1-10(2)12-5-4-6-13(9-12)11(3)7-8-14/h4-6,8-11H,7H2,1-3H3",OHRBQTOZYGEWCJ-UHFFFAOYSA-N,False
1,CC(C=O)CC1=CC=C(C(C)C)C=C1,"InChI=1S/C13H18O/c1-10(2)13-6-4-12(5-7-13)8-11(3)9-14/h4-7,9-11H,8H2,1-3H3",ZFNVDHOSLNRHNN-UHFFFAOYSA-N,False
1,CC(C)(C)C1=CC=CC(CCC=O)=C1,"InChI=1S/C13H18O/c1-13(2,3)12-8-4-6-11(10-12)7-5-9-14/h4,6,8-10H,5,7H2,1-3H3",APFNXQQLJSEQBM-UHFFFAOYSA-N,False
1,CC(C)(C)C1=CC=C(CCC=O)C=C1,"InChI=1S/C13H18O/c1-13(2,3)12-8-6-11(7-9-12)5-4-10-14/h6-10H,4-5H2,1-3H3",FZJUFJKVIYFBSY-UHFFFAOYSA-N,False
1,C1=CC=C(CCCC2CCCO2)C=C1,"InChI=1S/C13H18O/c1-2-6-12(7-3-1)8-4-9-13-10-5-11-14-13/h1-3,6-7,13H,4-5,8-11H2",PBXKRPSGIACPQF-UHFFFAOYSA-N,False
1,CCC1=CC=C(CC(C)(C)C=O)C=C1,"InChI=1S/C13H18O/c1-4-11-5-7-12(8-6-11)9-13(2,3)10-14/h5-8,10H,4,9H2,1-3H3",JFTSYAALCNQOKO-UHFFFAOYSA-N,False
1,CCC(=O)CC(C)(C)C1=CC=CC=C1,"InChI=1S/C13H18O/c1-4-12(14)10-13(2,3)11-8-6-5-7-9-11/h5-9H,4,10H2,1-3H3",VEZKFOIEZCNFBT-UHFFFAOYSA-N,False
1,CC=CC=C1C(C)=CC(=O)CC1(C)C,"InChI=1S/C13H18O/c1-5-6-7-12-10(2)8-11(14)9-13(12,3)4/h5-8H,9H2,1-4H3",CBQXHTWJSZXYSK-UHFFFAOYSA-N,False
1,CC(C)C(=O)OC(C)(C)C1=CC=CC=C1,"InChI=1S/C13H18O2/c1-10(2)12(14)15-13(3,4)11-8-6-5-7-9-11/h5-10H,1-4H3",LQOHUFIIIKBPQC-UHFFFAOYSA-N,False
1,CC(C)C(=O)OCC(C)C1=CC=CC=C1,"InChI=1S/C13H18O2/c1-10(2)13(14)15-9-11(3)12-7-5-4-6-8-12/h4-8,10-11H,9H2,1-3H3",LZTCJUAHYXNKRE-UHFFFAOYSA-N,False
1,CC1CC(C)(C)OC(C2=CC=CC=C2)O1,"InChI=1S/C13H18O2/c1-10-9-13(2,3)15-12(14-10)11-7-5-4-6-8-11/h4-8,10,12H,9H2,1-3H3",OHAGICGDFQGNHT-UHFFFAOYSA-N,False
1,CC1CC(C)(C2=CC=CC=C2)OC(C)O1,"InChI=1S/C13H18O2/c1-10-9-13(3,15-11(2)14-10)12-7-5-4-6-8-12/h4-8,10-11H,9H2,1-3H3",IEZPIUQRQRWIFE-UHFFFAOYSA-N,False
1,CC(=O)OC(C)(C)CCC1=CC=CC=C1,"InChI=1S/C13H18O2/c1-11(14)15-13(2,3)10-9-12-7-5-4-6-8-12/h4-8H,9-10H2,1-3H3",ZXFNOEJFYLQUSB-UHFFFAOYSA-N,False
1,CC(C)CC(=O)OCCC1=CC=CC=C1,"InChI=1S/C13H18O2/c1-11(2)10-13(14)15-9-8-12-6-4-3-5-7-12/h3-7,11H,8-10H2,1-2H3",JIMGVOCOYZFDKB-UHFFFAOYSA-N,False
1,CC(C)C(=O)OCCCC1=CC=CC=C1,"InChI=1S/C13H18O2/c1-11(2)13(14)15-10-6-9-12-7-4-3-5-8-12/h3-5,7-8,11H,6,9-10H2,1-2H3",VBTAKMZSMFMLGT-UHFFFAOYSA-N,False
1,CC(C)CCOC(=O)CC1=CC=CC=C1,"InChI=1S/C13H18O2/c1-11(2)8-9-15-13(14)10-12-6-4-3-5-7-12/h3-7,11H,8-10H2,1-2H3",QWBQBUWZZBUFHN-UHFFFAOYSA-N,False
1,COC(=O)CC1=CC=C(C(C)(C)C)C=C1,"InChI=1S/C13H18O2/c1-13(2,3)11-7-5-10(6-8-11)9-12(14)15-4/h5-8H,9H2,1-4H3",HXVTYMWVMVKVTF-UHFFFAOYSA-N,False
1,CC(C)(C)C(=O)OCCC1=CC=CC=C1,"InChI=1S/C13H18O2/c1-13(2,3)12(14)15-10-9-11-7-5-4-6-8-11/h4-8H,9-10H2,1-3H3",DPVYDTACPLLHCF-UHFFFAOYSA-N,False
1,CCC(=O)OC1C=CC2C3CCC(C3)C12,"InChI=1S/C13H18O2/c1-2-12(14)15-11-6-5-10-8-3-4-9(7-8)13(10)11/h5-6,8-11,13H,2-4,7H2,1H3",BALAUIYKESNHDW-UHFFFAOYSA-N,False
1,CCCCCCOC(=O)C1=CC=CC=C1,"InChI=1S/C13H18O2/c1-2-3-4-8-11-15-13(14)12-9-6-5-7-10-12/h5-7,9-10H,2-4,8,11H2,1H3",UUGLJVMIFJNVFH-UHFFFAOYSA-N,False
1,CCCCCC(=O)OCC1=CC=CC=C1,"InChI=1S/C13H18O2/c1-2-3-5-10-13(14)15-11-12-8-6-4-7-9-12/h4,6-9H,2-3,5,10-11H2,1H3",HRSXWUSONDBHSP-UHFFFAOYSA-N,False
1,CCCCCOC(=O)CC1=CC=CC=C1,"InChI=1S/C13H18O2/c1-2-3-7-10-15-13(14)11-12-8-5-4-6-9-12/h4-6,8-9H,2-3,7,10-11H2,1H3",LRVLBFSVAFUOGO-UHFFFAOYSA-N,False
1,CCCCC(=O)OCCC1=CC=CC=C1,"InChI=1S/C13H18O2/c1-2-3-9-13(14)15-11-10-12-7-5-4-6-8-12/h4-8H,2-3,9-11H2,1H3",PDGPIBIURNPBSE-UHFFFAOYSA-N,False
1,CCC(C)C(=O)OCCC1=CC=CC=C1,"InChI=1S/C13H18O2/c1-3-11(2)13(14)15-10-9-12-7-5-4-6-8-12/h4-8,11H,3,9-10H2,1-2H3",KVKKTLBBYFABAZ-UHFFFAOYSA-N,False
1,CCOC(=O)C(CC)CC1=CC=CC=C1,"InChI=1S/C13H18O2/c1-3-12(13(14)15-4-2)10-11-8-6-5-7-9-11/h5-9,12H,3-4,10H2,1-2H3",QDCUBAFTOOPBFR-UHFFFAOYSA-N,False
1,CCOC(C=CC1=CC=CC=C1)OCC,"InChI=1S/C13H18O2/c1-3-14-13(15-4-2)11-10-12-8-6-5-7-9-12/h5-11,13H,3-4H2,1-2H3",VYKDEWVAUWARRX-UHFFFAOYSA-N,False
1,CCCC(=O)OCC(C)C1=CC=CC=C1,"InChI=1S/C13H18O2/c1-3-7-13(14)15-10-11(2)12-8-5-4-6-9-12/h4-6,8-9,11H,3,7,10H2,1-2H3",SKLXPNZDCBPHCS-UHFFFAOYSA-N,False
1,CCCC(=O)OC(CC)C1=CC=CC=C1,"InChI=1S/C13H18O2/c1-3-8-13(14)15-12(4-2)11-9-6-5-7-10-11/h5-7,9-10,12H,3-4,8H2,1-2H3",SNUDRKNHOSAKGS-UHFFFAOYSA-N,False
1,CCC(=O)OC(C)(C)CC1=CC=CC=C1,"InChI=1S/C13H18O2/c1-4-12(14)15-13(2,3)10-11-8-6-5-7-9-11/h5-9H,4,10H2,1-3H3",BLKIYRRGHOQSPP-UHFFFAOYSA-N,False
1,CCCCCCOC(=O)C1=CC=CC=C1O,"InChI=1S/C13H18O3/c1-2-3-4-7-10-16-13(15)11-8-5-6-9-12(11)14/h5-6,8-9,14H,2-4,7,10H2,1H3",DUKPKQFHJQGTGU-UHFFFAOYSA-N,False
0,CCN(CC)CCOC(=O)C1=C(Cl)C=C(N)C=C1,"InChI=1S/C13H19ClN2O2/c1-3-16(4-2)7-8-18-13(17)11-6-5-10(15)9-12(11)14/h5-6,9H,3-4,7-8,15H2,1-2H3",VDANGULDQQJODZ-UHFFFAOYSA-N,False
1,CC(C)=CCCC1=CCCC(C#N)C1,"InChI=1S/C13H19N/c1-11(2)5-3-6-12-7-4-8-13(9-12)10-14/h5,7,13H,3-4,6,8-9H2,1-2H3",GEJOPKQYKGEUFA-UHFFFAOYSA-N,False
1,CC1(C)CCCC2=C1CC(C#N)CC2,"InChI=1S/C13H19N/c1-13(2)7-3-4-11-6-5-10(9-14)8-12(11)13/h10H,3-8H2,1-2H3",GYSKLORPARLOKC-UHFFFAOYSA-N,False
1,CC1=CC2C(C#N)CC1CC2C(C)C,"InChI=1S/C13H19N/c1-8(2)12-6-10-5-11(7-14)13(12)4-9(10)3/h4,8,10-13H,5-6H2,1-3H3",ZKFIXNXVHDGDTA-UHFFFAOYSA-N,False
1,CC1CC2C(CC1=CCC#N)C2(C)C,"InChI=1S/C13H19N/c1-9-7-11-12(13(11,2)3)8-10(9)5-4-6-14/h5,9,11-12H,4,7-8H2,1-3H3",WHPKEUKLQUSZBC-UHFFFAOYSA-N,False
0,CCCN(CCC)S(=O)(=O)C1=CC=C(C(=O)O)C=C1,"InChI=1S/C13H19NO4S/c1-3-9-14(10-4-2)19(17,18)12-7-5-11(6-8-12)13(15)16/h5-8H,3-4,9-10H2,1-2H3,(H,15,16)",DBABZHXKTCFAPX-UHFFFAOYSA-N,False
0,CCCNC(C)C(=O)NC1=CC=CC=C1C,"InChI=1S/C13H20N2O/c1-4-9-14-11(3)13(16)15-12-8-6-5-7-10(12)2/h5-8,11,14H,4,9H2,1-3H3,(H,15,16)",MVFGUOIZUNYYSO-UHFFFAOYSA-N,False
1,C=C1C=CCC(C)(C)C12CCC(C)O2,"InChI=1S/C13H20O/c1-10-6-5-8-12(3,4)13(10)9-7-11(2)14-13/h5-6,11H,1,7-9H2,2-4H3",DUPDJVDPPBFBPL-UHFFFAOYSA-N,False
1,CC(=O)CCC1=C(C)C=CCC1(C)C,"InChI=1S/C13H20O/c1-10-6-5-9-13(3,4)12(10)8-7-11(2)14/h5-6H,7-9H2,1-4H3",SQFRYZPEWOZAKJ-UHFFFAOYSA-N,False
1,CC(=O)C=CC1=C(C)CCCC1(C)C,"InChI=1S/C13H20O/c1-10-6-5-9-13(3,4)12(10)8-7-11(2)14/h7-8H,5-6,9H2,1-4H3",PSQYTAPXSHCGMF-UHFFFAOYSA-N,False
1,CC(C)=CCCC1=CCC(C=O)CC1,"InChI=1S/C13H20O/c1-11(2)4-3-5-12-6-8-13(10-14)9-7-12/h4,6,10,13H,3,5,7-9H2,1-2H3",MQBIZQLCHSZBOI-UHFFFAOYSA-N,False
1,CC(C)=CCCC1=CCCC(C=O)C1,"InChI=1S/C13H20O/c1-11(2)5-3-6-12-7-4-8-13(9-12)10-14/h5,7,10,13H,3-4,6,8-9H2,1-2H3",RKXHUEKKGCBVSR-UHFFFAOYSA-N,False
1,CC(C)CCOCCC1=CC=CC=C1,"InChI=1S/C13H20O/c1-12(2)8-10-14-11-9-13-6-4-3-5-7-13/h3-7,12H,8-11H2,1-2H3",BHQBQWOZHYUVTL-UHFFFAOYSA-N,False
1,CC1(C=O)CC(C)(C)C2CCCC=C21,"InChI=1S/C13H20O/c1-12(2)8-13(3,9-14)11-7-5-4-6-10(11)12/h7,9-10H,4-6,8H2,1-3H3",GHHCTCHDGTWLFZ-UHFFFAOYSA-N,False
1,CC1(C)CCCC2=C1CC(C=O)CC2,"InChI=1S/C13H20O/c1-13(2)7-3-4-11-6-5-10(9-14)8-12(11)13/h9-10H,3-8H2,1-2H3",AQJANVUPNABWRU-UHFFFAOYSA-N,False
1,CCCCCC=CC=CC=CCC=O,"InChI=1S/C13H20O/c1-2-3-4-5-6-7-8-9-10-11-12-13-14/h6-11,13H,2-5,12H2,1H3",ZUWAHXLOOWSXHX-UHFFFAOYSA-N,False
1,C1CC2C3CC(C2C1)C1(CCCO1)C3,"InChI=1S/C13H20O/c1-3-10-9-7-12(11(10)4-1)13(8-9)5-2-6-14-13/h9-12H,1-8H2",JDJZAKLOMAHING-UHFFFAOYSA-N,False
1,C=CCCC(=O)C(=C)C1CCCCC1,"InChI=1S/C13H20O/c1-3-4-10-13(14)11(2)12-8-6-5-7-9-12/h3,12H,1-2,4-10H2",WJWBVJLPGOYBGM-UHFFFAOYSA-N,False
1,C=CCCC(=O)C1=CCCC(C)(C)C1,"InChI=1S/C13H20O/c1-4-5-8-12(14)11-7-6-9-13(2,3)10-11/h4,7H,1,5-6,8-10H2,2-3H3",OEVIJAZJVZDBQL-UHFFFAOYSA-N,False
1,CC=CC(=O)C1=C(C)CC(C)(C)CC1,"InChI=1S/C13H20O/c1-5-6-12(14)11-7-8-13(3,4)9-10(11)2/h5-6H,7-9H2,1-4H3",QOTNRTARCGVYPB-UHFFFAOYSA-N,False
1,C=CCC=C1C(C)C(=O)CCC1(C)C,"InChI=1S/C13H20O/c1-5-6-7-11-10(2)12(14)8-9-13(11,3)4/h5,7,10H,1,6,8-9H2,2-4H3",KHMUVQBJHGFMPC-UHFFFAOYSA-N,False
1,CC=CC(=O)C1=C(C)CCCC1(C)C,"InChI=1S/C13H20O/c1-5-7-11(14)12-10(2)8-6-9-13(12,3)4/h5,7H,6,8-9H2,1-4H3",BGTBFNDXYDYBEY-UHFFFAOYSA-N,False
1,CC=CC(=O)C1C(C)C=CCC1(C)C,"InChI=1S/C13H20O/c1-5-7-11(14)12-10(2)8-6-9-13(12,3)4/h5-8,10,12H,9H2,1-4H3",XEJGJTYRUWUFFD-UHFFFAOYSA-N,False
1,CC1=C2CC(C=O)C(C1)C(C(C)C)C2,"InChI=1S/C13H20O/c1-8(2)12-6-10-5-11(7-14)13(12)4-9(10)3/h7-8,11-13H,4-6H2,1-3H3",BNAYNPKNDLTBTJ-UHFFFAOYSA-N,False
1,CC1=CC2CC(C=O)C1CC2C(C)C,"InChI=1S/C13H20O/c1-8(2)12-6-13-9(3)4-10(12)5-11(13)7-14/h4,7-8,10-13H,5-6H2,1-3H3",OWFZJSXGDOTWSH-UHFFFAOYSA-N,False
1,C=C(C)C12CC(CC1CO)C(C)=C2C,"InChI=1S/C13H20O/c1-8(2)13-6-11(5-12(13)7-14)9(3)10(13)4/h11-12,14H,1,5-7H2,2-4H3",MLDAJXVVSUEALX-UHFFFAOYSA-N,False
1,CC1=CCC(C)C(C)C12C=CC(C)O2,"InChI=1S/C13H20O/c1-9-5-6-10(2)13(12(9)4)8-7-11(3)14-13/h6-9,11-12H,5H2,1-4H3",WYTVJTNOJJKEEQ-UHFFFAOYSA-N,False
1,CC(=O)C=CC12OC1(C)CCCC2(C)C,"InChI=1S/C13H20O2/c1-10(14)6-9-13-11(2,3)7-5-8-12(13,4)15-13/h6,9H,5,7-8H2,1-4H3",ZTJZJYUGOJYHCU-UHFFFAOYSA-N,False
1,CCCOC(C)OCCC1=CC=CC=C1,"InChI=1S/C13H20O2/c1-3-10-14-12(2)15-11-9-13-7-5-4-6-8-13/h4-8,12H,3,9-11H2,1-2H3",FMYCPRQGKSONCP-UHFFFAOYSA-N,False
1,C=C(C)C1CC=C(C)C(OC(=O)CC)C1,"InChI=1S/C13H20O2/c1-5-13(14)15-12-8-11(9(2)3)7-6-10(12)4/h6,11-12H,2,5,7-8H2,1,3-4H3",DFVXNZOMAOGTBL-UHFFFAOYSA-N,False
1,CC(=O)OCCC1=CCC2CC1C2(C)C,"InChI=1S/C13H20O2/c1-9(14)15-7-6-10-4-5-11-8-12(10)13(11,2)3/h4,11-12H,5-8H2,1-3H3",AWNOGHRWORTNEI-UHFFFAOYSA-N,False
1,C=C(C)C1CC=C(C2OCC(C)O2)CC1,"InChI=1S/C13H20O2/c1-9(2)11-4-6-12(7-5-11)13-14-8-10(3)15-13/h6,10-11,13H,1,4-5,7-8H2,2-3H3",WLEMGLXEMVZVIX-UHFFFAOYSA-N,False
1,CC1=C(C=CC(C)O)C(C)(C)CC(=O)C1,"InChI=1S/C13H20O2/c1-9-7-11(15)8-13(3,4)12(9)6-5-10(2)14/h5-6,10,14H,7-8H2,1-4H3",YJCYWLADCDHKRN-UHFFFAOYSA-N,False
1,CC(C)CCOC(=O)CCCC1=CC=CO1,"InChI=1S/C13H20O3/c1-11(2)8-10-16-13(14)7-3-5-12-6-4-9-15-12/h4,6,9,11H,3,5,7-8,10H2,1-2H3",RDRMEIURGDBOHW-UHFFFAOYSA-N,False
1,CCCCCCCCOC(=O)C1=CC=CO1,"InChI=1S/C13H20O3/c1-2-3-4-5-6-7-10-16-13(14)12-9-8-11-15-12/h8-9,11H,2-7,10H2,1H3",WVTHGLPXSATJHZ-UHFFFAOYSA-N,False
1,CCCCCCCC(=O)OCC1=CC=CO1,"InChI=1S/C13H20O3/c1-2-3-4-5-6-9-13(14)16-11-12-8-7-10-15-12/h7-8,10H,2-6,9,11H2,1H3",JNIWCVWKECYDSV-UHFFFAOYSA-N,False
1,CCC=CCC1C(=O)CCC1CC(=O)OC,"InChI=1S/C13H20O3/c1-3-4-5-6-11-10(7-8-12(11)14)9-13(15)16-2/h4-5,10-11H,3,6-9H2,1-2H3",GEWDNTWNSAZUDX-UHFFFAOYSA-N,False
1,C=CCCCCCCCC=CCC#N,"InChI=1S/C13H21N/c1-2-3-4-5-6-7-8-9-10-11-12-13-14/h2,10-11H,1,3-9,12H2",DBWSGRFEGVADLQ-UHFFFAOYSA-N,False
1,C1=NC2=C(CCCCCCCCCC2)O1,"InChI=1S/C13H21NO/c1-2-4-6-8-10-13-12(14-11-15-13)9-7-5-3-1/h11H,1-10H2",LUVGCXAXOHXTEI-UHFFFAOYSA-N,False
1,CC1=CCCC(C)(C)C12CCC(C)O2,"InChI=1S/C13H22O/c1-10-6-5-8-12(3,4)13(10)9-7-11(2)14-13/h6,11H,5,7-9H2,1-4H3",GYUZHTWCNKINPY-UHFFFAOYSA-N,False
1,C=C1CCCC(C)(C)C1CCC(C)=O,"InChI=1S/C13H22O/c1-10-6-5-9-13(3,4)12(10)8-7-11(2)14/h12H,1,5-9H2,2-4H3",ZLPHULOLXDKCND-UHFFFAOYSA-N,False
1,CC(=O)CCC1=C(C)CCCC1(C)C,"InChI=1S/C13H22O/c1-10-6-5-9-13(3,4)12(10)8-7-11(2)14/h5-9H2,1-4H3",QJJDNZGPQDGNDX-UHFFFAOYSA-N,False
1,CC(=O)CCC1C(C)=CCCC1(C)C,"InChI=1S/C13H22O/c1-10-6-5-9-13(3,4)12(10)8-7-11(2)14/h6,12H,5,7-9H2,1-4H3",JHJCHCSUEGPIGE-UHFFFAOYSA-N,False
1,CC1=CCCC(C)(C)C1C=CC(C)O,"InChI=1S/C13H22O/c1-10-6-5-9-13(3,4)12(10)8-7-11(2)14/h6-8,11-12,14H,5,9H2,1-4H3",PWDOJWCZWKWKSE-UHFFFAOYSA-N,False
1,CC1=C(C=CC(C)O)C(C)(C)CCC1,"InChI=1S/C13H22O/c1-10-6-5-9-13(3,4)12(10)8-7-11(2)14/h7-8,11,14H,5-6,9H2,1-4H3",CNOPDZWOYFOHGN-UHFFFAOYSA-N,False
1,CC(=CC=O)CCC=C(C)CC(C)C,"InChI=1S/C13H22O/c1-11(2)10-13(4)7-5-6-12(3)8-9-14/h7-9,11H,5-6,10H2,1-4H3",INLBYQNSKXMVTI-UHFFFAOYSA-N,False
1,CC(=O)CCC=C(C)CCC=C(C)C,"InChI=1S/C13H22O/c1-11(2)7-5-8-12(3)9-6-10-13(4)14/h7,9H,5-6,8,10H2,1-4H3",HNZUNIKWNYHEJJ-UHFFFAOYSA-N,False
1,CC1(O)CCC2C(=CCCC2(C)C)C1,"InChI=1S/C13H22O/c1-12(2)7-4-5-10-9-13(3,14)8-6-11(10)12/h5,11,14H,4,6-9H2,1-3H3",GPVOTKFXWGURGP-UHFFFAOYSA-N,False
1,CCCCCC=CCC1CCCC1=O,"InChI=1S/C13H22O/c1-2-3-4-5-6-7-9-12-10-8-11-13(12)14/h6-7,12H,2-5,8-11H2,1H3",QHEUOYOHVATZEB-UHFFFAOYSA-N,False
1,C=CCCC(=O)C1CCCC(C)(C)C1,"InChI=1S/C13H22O/c1-4-5-8-12(14)11-7-6-9-13(2,3)10-11/h4,11H,1,5-10H2,2-3H3",OHYNEUHOSWPWLZ-UHFFFAOYSA-N,False
1,CCC(=O)C1=C(C)CCC(C(C)C)C1,"InChI=1S/C13H22O/c1-5-13(14)12-8-11(9(2)3)7-6-10(12)4/h9,11H,5-8H2,1-4H3",AWVGFKHKNIUTNG-UHFFFAOYSA-N,False
1,CC(C)C1CCC2CC(=O)CCC2C1,"InChI=1S/C13H22O/c1-9(2)10-3-4-12-8-13(14)6-5-11(12)7-10/h9-12H,3-8H2,1-2H3",HEKJOMVJRYMUDB-UHFFFAOYSA-N,False
1,CC1=CC(C)C(C(=O)C(C)(C)C)CC1,"InChI=1S/C13H22O/c1-9-6-7-11(10(2)8-9)12(14)13(3,4)5/h8,10-11H,6-7H2,1-5H3",ALXMEIMLYKTBHU-UHFFFAOYSA-N,False
1,CC(C)=CCCC(C)=CC1OCC(C)O1,"InChI=1S/C13H22O2/c1-10(2)6-5-7-11(3)8-13-14-9-12(4)15-13/h6,8,12-13H,5,7,9H2,1-4H3",DWZRENGNFQNWQZ-UHFFFAOYSA-N,False
1,CC(C)(C)C1CCC2(CCC(=O)O2)CC1,"InChI=1S/C13H22O2/c1-12(2,3)10-4-7-13(8-5-10)9-6-11(14)15-13/h10H,4-9H2,1-3H3",KNLQQGJLNMJBQL-UHFFFAOYSA-N,False
1,CC(C)(O)CCCC1=CCC(C=O)CC1,"InChI=1S/C13H22O2/c1-13(2,15)9-3-4-11-5-7-12(10-14)8-6-11/h5,10,12,15H,3-4,6-9H2,1-2H3",ORMHZBNNECIKOH-UHFFFAOYSA-N,False
1,C=CCOC(=O)CCCC1CCCCC1,"InChI=1S/C13H22O2/c1-2-11-15-13(14)10-6-9-12-7-4-3-5-8-12/h2,12H,1,3-11H2",SIIAEMSHVLJRHI-UHFFFAOYSA-N,False
1,CCCCCC1C(=O)CCC1CC(C)=O,"InChI=1S/C13H22O2/c1-3-4-5-6-12-11(9-10(2)14)7-8-13(12)15/h11-12H,3-9H2,1-2H3",PMVDYAQAPLAXSY-UHFFFAOYSA-N,False
1,CCCCCCCCC#CC(=O)OCC,"InChI=1S/C13H22O2/c1-3-5-6-7-8-9-10-11-12-13(14)15-4-2/h3-10H2,1-2H3",WVNHQHYIPXYFQX-UHFFFAOYSA-N,False
1,CCCCC=CC=CCC(=O)OCCC,"InChI=1S/C13H22O2/c1-3-5-6-7-8-9-10-11-13(14)15-12-4-2/h7-10H,3-6,11-12H2,1-2H3",JQHSVLSOPVMMRX-UHFFFAOYSA-N,False
1,CCC1OCC2(CO1)CC(C)=CCC2C,"InChI=1S/C13H22O2/c1-4-12-14-8-13(9-15-12)7-10(2)5-6-11(13)3/h5,11-12H,4,6-9H2,1-3H3",OIUVCPKUZFAQIY-UHFFFAOYSA-N,False
1,CCCCCC#CC(=O)OCCC(C)C,"InChI=1S/C13H22O2/c1-4-5-6-7-8-9-13(14)15-11-10-12(2)3/h12H,4-7,10-11H2,1-3H3",OTJSOSMJTUKXJR-UHFFFAOYSA-N,False
1,C=CCC(C=CCCCCC)OC(C)=O,"InChI=1S/C13H22O2/c1-4-6-7-8-9-11-13(10-5-2)15-12(3)14/h5,9,11,13H,2,4,6-8,10H2,1,3H3",ZONKUAQAAHCPFG-UHFFFAOYSA-N,False
1,CCOC(=O)C1C(CC)=CCCC1(C)C,"InChI=1S/C13H22O2/c1-5-10-8-7-9-13(3,4)11(10)12(14)15-6-2/h8,11H,5-7,9H2,1-4H3",CQHUPYQUERYPML-UHFFFAOYSA-N,False
1,CCC(=O)OC(C)(C)C1CC=C(C)CC1,"InChI=1S/C13H22O2/c1-5-12(14)15-13(3,4)11-8-6-10(2)7-9-11/h6,11H,5,7-9H2,1-4H3",CMKQOKAXUWQAHG-UHFFFAOYSA-N,False
1,C=CC(C)(CCC=C(C)C)OC(=O)CC,"InChI=1S/C13H22O2/c1-6-12(14)15-13(5,7-2)10-8-9-11(3)4/h7,9H,2,6,8,10H2,1,3-5H3",WAQIIHCCEMGYKP-UHFFFAOYSA-N,False
1,CCCCCC1C(=O)CCC1CC(=O)OC,"InChI=1S/C13H22O3/c1-3-4-5-6-11-10(7-8-12(11)14)9-13(15)16-2/h10-11H,3-9H2,1-2H3",KVWWIYGFBYDJQC-UHFFFAOYSA-N,False
1,CCCCCCC1C(=O)CCC1C(=O)OC,"InChI=1S/C13H22O3/c1-3-4-5-6-7-10-11(13(15)16-2)8-9-12(10)14/h10-11H,3-9H2,1-2H3",IPWBXORAIBJDDQ-UHFFFAOYSA-N,False
1,CC1CCC(C(C)C)C2(C1)OC(=O)C(C)O2,"InChI=1S/C13H22O3/c1-8(2)11-6-5-9(3)7-13(11)15-10(4)12(14)16-13/h8-11H,5-7H2,1-4H3",VUWCGGOBVYCOMA-UHFFFAOYSA-N,False
1,CCCCCCCCCCC=CC#N,"InChI=1S/C13H23N/c1-2-3-4-5-6-7-8-9-10-11-12-13-14/h11-12H,2-10H2,1H3",WKSPQBFDRTUGEF-UHFFFAOYSA-N,False
1,CC1=CCC(CCC(C)CO)C1(C)C,"InChI=1S/C13H24O/c1-10(9-14)5-7-12-8-6-11(2)13(12,3)4/h6,10,12,14H,5,7-9H2,1-4H3",CYVGAJHMMVDTDZ-UHFFFAOYSA-N,False
1,CC1=C(CCC(C)O)C(C)(C)CCC1,"InChI=1S/C13H24O/c1-10-6-5-9-13(3,4)12(10)8-7-11(2)14/h11,14H,5-9H2,1-4H3",VSYLEWGIVLSDIY-UHFFFAOYSA-N,False
1,CC(=O)CCCC(C)CCC=C(C)C,"InChI=1S/C13H24O/c1-11(2)7-5-8-12(3)9-6-10-13(4)14/h7,12H,5-6,8-10H2,1-4H3",LGVYUZVANMHKHV-UHFFFAOYSA-N,False
1,CCCCCCCCCCC=CC=O,"InChI=1S/C13H24O/c1-2-3-4-5-6-7-8-9-10-11-12-13-14/h11-13H,2-10H2,1H3",VMUNAKQXJLHODT-UHFFFAOYSA-N,False
1,CCCCCC1(C)CCC(C)(C)C1=O,"InChI=1S/C13H24O/c1-5-6-7-8-13(4)10-9-12(2,3)11(13)14/h5-10H2,1-4H3",PUKWIVZFEZFVAT-UHFFFAOYSA-N,False
1,CC(C)C(=O)OCCCC1CCCCC1,"InChI=1S/C13H24O2/c1-11(2)13(14)15-10-6-9-12-7-4-3-5-8-12/h11-12H,3-10H2,1-2H3",ZRPKJDKIHVQROS-UHFFFAOYSA-N,False
1,CCCCCCCCC1CCCC(=O)O1,"InChI=1S/C13H24O2/c1-2-3-4-5-6-7-9-12-10-8-11-13(14)15-12/h12H,2-11H2,1H3",RZZLMGATMUAJPX-UHFFFAOYSA-N,False
1,CCCC(=O)OCCCC1CCCCC1,"InChI=1S/C13H24O2/c1-2-7-13(14)15-11-6-10-12-8-4-3-5-9-12/h12H,2-11H2,1H3",VHCFMFPGCLEABB-UHFFFAOYSA-N,False
1,C=CCCCCCCCCCOC(C)=O,"InChI=1S/C13H24O2/c1-3-4-5-6-7-8-9-10-11-12-15-13(2)14/h3H,1,4-12H2,2H3",VCVAXEYHJAFRGM-UHFFFAOYSA-N,False
1,C=CCCCCCCCCC(=O)OCC,"InChI=1S/C13H24O2/c1-3-5-6-7-8-9-10-11-12-13(14)15-4-2/h3H,1,4-12H2,2H3",FXNFFCMITPHEIT-UHFFFAOYSA-N,False
1,C=CCCCCCCCCOC(=O)CC,"InChI=1S/C13H24O2/c1-3-5-6-7-8-9-10-11-12-15-13(14)4-2/h3H,1,4-12H2,2H3",HAZMLFDAVHDYKJ-UHFFFAOYSA-N,False
1,C=CCOC(=O)CCCCCCCCC,"InChI=1S/C13H24O2/c1-3-5-6-7-8-9-10-11-13(14)15-12-4-2/h4H,2-3,5-12H2,1H3",DQVOTEHORLHPRW-UHFFFAOYSA-N,False
1,C=C(C)CCCC(C)CCOC(=O)CC,"InChI=1S/C13H24O2/c1-5-13(14)15-10-9-12(4)8-6-7-11(2)3/h12H,2,5-10H2,1,3-4H3",HIOFEMJTKIEZFX-UHFFFAOYSA-N,False
1,CCC(=O)OCCC(C)CCC=C(C)C,"InChI=1S/C13H24O2/c1-5-13(14)15-10-9-12(4)8-6-7-11(2)3/h7,12H,5-6,8-10H2,1-4H3",POPNTVRHTZDEBW-UHFFFAOYSA-N,False
1,CCC(C)(C)C1CCCCC1OC(C)=O,"InChI=1S/C13H24O2/c1-5-13(3,4)11-8-6-7-9-12(11)15-10(2)14/h11-12H,5-9H2,1-4H3",YEVACTAGDANHRH-UHFFFAOYSA-N,False
1,CC=C(C)C(=O)OC(CC)CCCCC,"InChI=1S/C13H24O2/c1-5-8-9-10-12(7-3)15-13(14)11(4)6-2/h6,12H,5,7-10H2,1-4H3",LMBAQNNBRWRROG-UHFFFAOYSA-N,False
1,CC(=O)OC1CCC(C)CC1C(C)(C)C,"InChI=1S/C13H24O2/c1-9-6-7-12(15-10(2)14)11(8-9)13(3,4)5/h9,11-12H,6-8H2,1-5H3",CQAJCSVXUQEABC-UHFFFAOYSA-N,False
1,O=COC1CCCCCCCCCCC1,"InChI=1S/C13H24O2/c14-12-15-13-10-8-6-4-2-1-3-5-7-9-11-13/h12-13H,1-11H2",WGFQFIYJBLNXIF-UHFFFAOYSA-N,False
1,CCOC(=O)OC1CCCCC1C(C)(C)C,"InChI=1S/C13H24O3/c1-5-15-12(14)16-11-9-7-6-8-10(11)13(2,3)4/h10-11H,5-9H2,1-4H3",ZHWLEUGSDGROJS-UHFFFAOYSA-N,False
1,CCCCCCC(CCOC(C)=O)OC(C)=O,"InChI=1S/C13H24O4/c1-4-5-6-7-8-13(17-12(3)15)9-10-16-11(2)14/h13H,4-10H2,1-3H3",XUVKIVFZTRZJRP-UHFFFAOYSA-N,False
1,CCCCCCCC(COC(C)=O)OC(C)=O,"InChI=1S/C13H24O4/c1-4-5-6-7-8-9-13(17-12(3)15)10-16-11(2)14/h13H,4-10H2,1-3H3",FLTHTXOHIZKWMR-UHFFFAOYSA-N,False
1,CCCCCCCCCC(C)CC#N,"InChI=1S/C13H25N/c1-3-4-5-6-7-8-9-10-13(2)11-12-14/h13H,3-11H2,1-2H3",ZKCZXPOYIUVRIV-UHFFFAOYSA-N,False
1,CCNC(=O)C1CC(C)CCC1C(C)C,"InChI=1S/C13H25NO/c1-5-14-13(15)12-8-10(4)6-7-11(12)9(2)3/h9-12H,5-8H2,1-4H3,(H,14,15)",VUNOFAIHSALQQH-UHFFFAOYSA-N,False
1,CC(O)CCC1C(C)CCCC1(C)C,"InChI=1S/C13H26O/c1-10-6-5-9-13(3,4)12(10)8-7-11(2)14/h10-12,14H,5-9H2,1-4H3",UZWOWEPOVKVMEL-UHFFFAOYSA-N,False
1,CC(=O)CCCC(C)CCCC(C)C,"InChI=1S/C13H26O/c1-11(2)7-5-8-12(3)9-6-10-13(4)14/h11-12H,5-10H2,1-4H3",RBGLEUBCAJNCTR-UHFFFAOYSA-N,False
1,COC1CCCCCCCCCCC1,"InChI=1S/C13H26O/c1-14-13-11-9-7-5-3-2-4-6-8-10-12-13/h13H,2-12H2,1H3",WDSOYUINLRIGNV-UHFFFAOYSA-N,False
1,CCCCCCCCCCCCC=O,"InChI=1S/C13H26O/c1-2-3-4-5-6-7-8-9-10-11-12-13-14/h13H,2-12H2,1H3",BGEHHAVMRVXCGR-UHFFFAOYSA-N,False
1,CCCCCCCCCCCC(C)=O,"InChI=1S/C13H26O/c1-3-4-5-6-7-8-9-10-11-12-13(2)14/h3-12H2,1-2H3",CYIFVRUOHKNECG-UHFFFAOYSA-N,False
1,CCCCCCC(=O)CCCCCC,"InChI=1S/C13H26O/c1-3-5-7-9-11-13(14)12-10-8-6-4-2/h3-12H2,1-2H3",ULIAPOFMBCCSPE-UHFFFAOYSA-N,False
1,COC(C)OCCC(C)CCC=C(C)C,"InChI=1S/C13H26O2/c1-11(2)7-6-8-12(3)9-10-15-13(4)14-5/h7,12-13H,6,8-10H2,1-5H3",YSABATHBMSLQLP-UHFFFAOYSA-N,False
1,CCCCCCCCCCCCC(=O)O,"InChI=1S/C13H26O2/c1-2-3-4-5-6-7-8-9-10-11-12-13(14)15/h2-12H2,1H3,(H,14,15)",SZHOJFHSIKHZHA-UHFFFAOYSA-N,False
1,CCCCCCCCCCCC(=O)OC,"InChI=1S/C13H26O2/c1-3-4-5-6-7-8-9-10-11-12-13(14)15-2/h3-12H2,1-2H3",UQDUPQYQJKYHQI-UHFFFAOYSA-N,False
1,CCCCCCCCCCCOC(C)=O,"InChI=1S/C13H26O2/c1-3-4-5-6-7-8-9-10-11-12-15-13(2)14/h3-12H2,1-2H3",CKQGCFFDQIFZFA-UHFFFAOYSA-N,False
1,CCCCCCCCCC1OCC(C)O1,"InChI=1S/C13H26O2/c1-3-4-5-6-7-8-9-10-13-14-11-12(2)15-13/h12-13H,3-11H2,1-2H3",SJLDHKPBFAHHSI-UHFFFAOYSA-N,False
1,CCCCCCCCCCC(=O)OCC,"InChI=1S/C13H26O2/c1-3-5-6-7-8-9-10-11-12-13(14)15-4-2/h3-12H2,1-2H3",IAFQYUQIAOWKSB-UHFFFAOYSA-N,False
1,CCCCCCCCCCOC(=O)CC,"InChI=1S/C13H26O2/c1-3-5-6-7-8-9-10-11-12-15-13(14)4-2/h3-12H2,1-2H3",HUOYUOXEIKDMFT-UHFFFAOYSA-N,False
1,CCCCCCCCCC(=O)OCCC,"InChI=1S/C13H26O2/c1-3-5-6-7-8-9-10-11-13(14)15-12-4-2/h3-12H2,1-2H3",OVFMRFMJVFDSAA-UHFFFAOYSA-N,False
1,CCCCCCCOC(=O)CCCCC,"InChI=1S/C13H26O2/c1-3-5-7-8-10-12-15-13(14)11-9-6-4-2/h3-12H2,1-2H3",QEKCBKVWQYEUGY-UHFFFAOYSA-N,False
1,CCCCCCCCC(=O)OCCCC,"InChI=1S/C13H26O2/c1-3-5-7-8-9-10-11-13(14)15-12-6-4-2/h3-12H2,1-2H3",DOLFPCDDMUMIMR-UHFFFAOYSA-N,False
1,CCCCCCCC(=O)OCCCCC,"InChI=1S/C13H26O2/c1-3-5-7-8-9-11-13(14)15-12-10-6-4-2/h3-12H2,1-2H3",GJWGZSBNFSBUPX-UHFFFAOYSA-N,False
1,CCCCCCOC(=O)CCCCCC,"InChI=1S/C13H26O2/c1-3-5-7-9-11-13(14)15-12-10-8-6-4-2/h3-12H2,1-2H3",IFOGOHVJHKKYCT-UHFFFAOYSA-N,False
1,CCCCCCCCCC(=O)OC(C)C,"InChI=1S/C13H26O2/c1-4-5-6-7-8-9-10-11-13(14)15-12(2)3/h12H,4-11H2,1-3H3",PKPPDYGHKDIKBH-UHFFFAOYSA-N,False
1,CCCCCCCCOC(=O)CC(C)C,"InChI=1S/C13H26O2/c1-4-5-6-7-8-9-10-15-13(14)11-12(2)3/h12H,4-11H2,1-3H3",FUBGRVHGQADOJI-UHFFFAOYSA-N,False
1,CCCCCCCC(=O)OCCC(C)C,"InChI=1S/C13H26O2/c1-4-5-6-7-8-9-13(14)15-11-10-12(2)3/h12H,4-11H2,1-3H3",XKWSWANXMRXDES-UHFFFAOYSA-N,False
1,CCCCCCCCOC(=O)C(C)CC,"InChI=1S/C13H26O2/c1-4-6-7-8-9-10-11-15-13(14)12(3)5-2/h12H,4-11H2,1-3H3",BCOJVEMHTBSAOE-UHFFFAOYSA-N,False
1,CCCC(C)C1OCC(C)(CCC)CO1,"InChI=1S/C13H26O2/c1-5-7-11(3)12-14-9-13(4,8-6-2)10-15-12/h11-12H,5-10H2,1-4H3",LODLFUCEWWWXPR-UHFFFAOYSA-N,False
1,CC(CCCC(C)(C)O)CC1OCC(C)O1,"InChI=1S/C13H26O3/c1-10(6-5-7-13(3,4)14)8-12-15-9-11(2)16-12/h10-12,14H,5-9H2,1-4H3",AKZXNDJMPSPJQM-UHFFFAOYSA-N,False
1,CC1CCC(C(C)C)C(OCC(O)CO)C1,"InChI=1S/C13H26O3/c1-9(2)12-5-4-10(3)6-13(12)16-8-11(15)7-14/h9-15H,4-8H2,1-3H3",MDVYIGJINBYKOM-UHFFFAOYSA-N,False
1,CCCCCC(O)CCCC(=O)OCC(O)CO,"InChI=1S/C13H26O5/c1-2-3-4-6-11(15)7-5-8-13(17)18-10-12(16)9-14/h11-12,14-16H,2-10H2,1H3",ILJDYMFZBMWGGZ-UHFFFAOYSA-N,False
1,CCCCCCCCCCCCC,"InChI=1S/C13H28/c1-3-5-7-9-11-13-12-10-8-6-4-2/h3-13H2,1-2H3",IIYFAKIEWZDVMP-UHFFFAOYSA-N,False
1,CCCCCCCCCCCCCO,"InChI=1S/C13H28O/c1-2-3-4-5-6-7-8-9-10-11-12-13-14/h14H,2-13H2,1H3",XFRVVPUIAFSTFO-UHFFFAOYSA-N,False
1,CCCCCCCCCCC(OC)OC,"InChI=1S/C13H28O2/c1-4-5-6-7-8-9-10-11-12-13(14-2)15-3/h13H,4-12H2,1-3H3",FBJUQTUWWCVIDH-UHFFFAOYSA-N,False
1,CCCCOC(CCCC)OCCCC,"InChI=1S/C13H28O2/c1-4-7-10-13(14-11-8-5-2)15-12-9-6-3/h13H,4-12H2,1-3H3",LDJYPEMHNQONGS-UHFFFAOYSA-N,False
1,CCCCCCCCC(OCC)OCC,"InChI=1S/C13H28O2/c1-4-7-8-9-10-11-12-13(14-5-2)15-6-3/h13H,4-12H2,1-3H3",RJMSGTVQHHFVLK-UHFFFAOYSA-N,False
1,CCCCCCOC(C)OCCC(C)C,"InChI=1S/C13H28O2/c1-5-6-7-8-10-14-13(4)15-11-9-12(2)3/h12-13H,5-11H2,1-4H3",PUXHYFFHRDAFHP-UHFFFAOYSA-N,False
0,O=C(C1=CC=CC=C1)C1=C(O)C=CC(Cl)=C1,"InChI=1S/C13H9ClO2/c14-10-6-7-12(15)11(8-10)13(16)9-4-2-1-3-5-9/h1-8,15H",OMWSZDODENFLSV-UHFFFAOYSA-N,False
1,O=C(O)C1=CC=CC=C1NC(=O)C1=CC=CC=C1,"InChI=1S/C14H11NO3/c16-13(10-6-2-1-3-7-10)15-12-9-5-4-8-11(12)14(17)18/h1-9H,(H,15,16)(H,17,18)",WXVLIIDDWFGYCV-UHFFFAOYSA-N,False
1,O=C(C1=CC=CC=C1)C(O)C1=CC=CC=C1,"InChI=1S/C14H12O2/c15-13(11-7-3-1-4-8-11)14(16)12-9-5-2-6-10-12/h1-10,13,15H",ISAOCJYIOMOJEB-UHFFFAOYSA-N,False
1,O=C(OCC1=CC=CC=C1)C1=CC=CC=C1,"InChI=1S/C14H12O2/c15-14(13-9-5-2-6-10-13)16-11-12-7-3-1-4-8-12/h1-10H,11H2",SESFRYSPDFLNCH-UHFFFAOYSA-N,False
1,CC1=CC=CC=C1OC(=O)C1=CC=CC=C1O,"InChI=1S/C14H12O3/c1-10-6-2-5-9-13(10)17-14(16)11-7-3-4-8-12(11)15/h2-9,15H,1H3",KITKATPLNVHGFC-UHFFFAOYSA-N,False
1,C1=COC(CC2=COC(CC3=CC=CO3)=C2)=C1,"InChI=1S/C14H12O3/c1-3-12(15-5-1)7-11-8-14(17-10-11)9-13-4-2-6-16-13/h1-6,8,10H,7,9H2",MLLNFQCJOXJITQ-UHFFFAOYSA-N,False
1,O=C(OCC1=CC=CC=C1)C1=CC=CC=C1O,"InChI=1S/C14H12O3/c15-13-9-5-4-8-12(13)14(16)17-10-11-6-2-1-3-7-11/h1-9,15H,10H2",ZCTQGTTXIYCGGC-UHFFFAOYSA-N,False
0,CC1=C(C(=O)C2=C(S(C)(=O)=O)C=C(C(F)(F)F)C=C2)C(=O)N(C)N1,"InChI=1S/C14H13F3N2O4S/c1-7-11(13(21)19(2)18-7)12(20)9-5-4-8(14(15,16)17)6-10(9)24(3,22)23/h4-6,18H,1-3H3",CZRVDACSCJKRFL-UHFFFAOYSA-N,False
1,NC1=CC=CC=C1C(=O)OCC1=CC=CC=C1,"InChI=1S/C14H13NO2/c15-13-9-5-4-8-12(13)14(16)17-10-11-6-2-1-3-7-11/h1-9H,10,15H2",ZHZPDMZPDWXVMJ-UHFFFAOYSA-N,False
1,C1=CC=C(COCC2=CC=CC=C2)C=C1,"InChI=1S/C14H14O/c1-3-7-13(8-4-1)11-15-12-14-9-5-2-6-10-14/h1-10H,11-12H2",MHDVGSVTJDSBDK-UHFFFAOYSA-N,False
1,OC(CC1=CC=CC=C1)C1=CC=CC=C1,"InChI=1S/C14H14O/c15-14(13-9-5-2-6-10-13)11-12-7-3-1-4-8-12/h1-10,14-15H,11H2",GBGXVCNOKWAMIP-UHFFFAOYSA-N,False
0,CC(C)(C)C(=O)C1C(=O)C2=CC=CC=C2C1=O,"InChI=1S/C14H14O3/c1-14(2,3)13(17)10-11(15)8-6-4-5-7-9(8)12(10)16/h4-7,10H,1-3H3",RZKYEQDPDZUERB-UHFFFAOYSA-N,False
1,C1=CC=C(CSSCC2=CC=CC=C2)C=C1,"InChI=1S/C14H14S2/c1-3-7-13(8-4-1)11-15-16-12-14-9-5-2-6-10-14/h1-10H,11-12H2",GVPWHKZIJBODOX-UHFFFAOYSA-N,False
1,N#CC(C1=CC=CC=C1)=C1CCCCC1,"InChI=1S/C14H15N/c15-11-14(12-7-3-1-4-8-12)13-9-5-2-6-10-13/h1,3-4,7-8H,2,5-6,9-10H2",ZHOOOLQOWQVYOE-UHFFFAOYSA-N,False
0,NS(=O)(=O)C1=C(Cl)C=C2NC(C3CC4C=CC3C4)NS(=O)(=O)C2=C1,"InChI=1S/C14H16ClN3O4S2/c15-10-5-11-13(6-12(10)23(16,19)20)24(21,22)18-14(17-11)9-4-7-1-2-8(9)3-7/h1-2,5-9,14,17-18H,3-4H2,(H2,16,19,20)",BOCUKUHCLICSIY-UHFFFAOYSA-N,False
0,CCCN(CC1CC1)C1=C([N+](=O)[O-])C=C(C(F)(F)F)C=C1[N+](=O)[O-],"InChI=1S/C14H16F3N3O4/c1-2-5-18(8-9-3-4-9)13-11(19(21)22)6-10(14(15,16)17)7-12(13)20(23)24/h6-7,9H,2-5,8H2,1H3",ITVQAKZNYJEWKS-UHFFFAOYSA-N,False
1,CC(C)COC1=CC2=CC=CC=C2C=C1,"InChI=1S/C14H16O/c1-11(2)10-15-14-8-7-12-5-3-4-6-13(12)9-14/h3-9,11H,10H2,1-2H3",XOHIHZHSDMWWMS-UHFFFAOYSA-N,False
1,CCCCOC1=CC2=CC=CC=C2C=C1,"InChI=1S/C14H16O/c1-2-3-10-15-14-9-8-12-6-4-5-7-13(12)11-14/h4-9,11H,2-3,10H2,1H3",CDMIQAIIIBPTRK-UHFFFAOYSA-N,False
1,O=C(C=CC1=CC=CC=C1)OCC1CCCO1,"InChI=1S/C14H16O3/c15-14(17-11-13-7-4-10-16-13)9-8-12-5-2-1-3-6-12/h1-3,5-6,8-9,13H,4,7,10-11H2",QCMSQCLNALBZOD-UHFFFAOYSA-N,False
0,CC1=CN=C(C2=NC(=O)C(C)(C(C)C)N2)C(C(=O)O)=C1,"InChI=1S/C14H17N3O3/c1-7(2)14(4)13(20)16-11(17-14)10-9(12(18)19)5-8(3)6-15-10/h5-7H,1-4H3,(H,18,19)(H,16,17,20)",PVSGXWMWNRGTKE-UHFFFAOYSA-N,False
0,CCCCOCCOC(=O)COC1=C(Cl)C=C(Cl)C=C1,"InChI=1S/C14H18Cl2O4/c1-2-3-6-18-7-8-19-14(17)10-20-13-5-4-11(15)9-12(13)16/h4-5,9H,2-3,6-8,10H2,1H3",ZMWGIGHRZQTQRE-UHFFFAOYSA-N,False
1,CC1=C([N+](=O)[O-])C=C2C(=C1[N+](=O)[O-])C(C)(C)CC2(C)C,"InChI=1S/C14H18N2O4/c1-8-10(15(17)18)6-9-11(12(8)16(19)20)14(4,5)7-13(9,2)3/h6H,7H2,1-5H3",UHWURQRPEIFIAK-UHFFFAOYSA-N,False
0,COC1=CC(CC2=CN=C(N)N=C2N)=CC(OC)=C1OC,"InChI=1S/C14H18N4O3/c1-19-10-5-8(6-11(20-2)12(10)21-3)4-9-7-17-14(16)18-13(9)15/h5-7H,4H2,1-3H3,(H4,15,16,17,18)",IEDVJHCEMCRBQM-UHFFFAOYSA-N,False
0,CCOC(=O)NC(=S)NC1=CC=CC=C1NC(=S)NC(=O)OCC,"InChI=1S/C14H18N4O4S2/c1-3-21-13(19)17-11(23)15-9-7-5-6-8-10(9)16-12(24)18-14(20)22-4-2/h5-8H,3-4H2,1-2H3,(H2,15,17,19,23)(H2,16,18,20,24)",YFNCATAIYKQPOO-UHFFFAOYSA-N,False
1,CCCCCC(C=O)=CC1=CC=CC=C1,"InChI=1S/C14H18O/c1-2-3-5-10-14(12-15)11-13-8-6-4-7-9-13/h4,6-9,11-12H,2-3,5,10H2,1H3",HMKKIXGYKWDQSV-UHFFFAOYSA-N,False
1,CC(C)CCOC(=O)C=CC1=CC=CC=C1,"InChI=1S/C14H18O2/c1-12(2)10-11-16-14(15)9-8-13-6-4-3-5-7-13/h3-9,12H,10-11H2,1-2H3",JFHCDEYLWGVZMX-UHFFFAOYSA-N,False
1,CC(C)CC(=O)OCC=CC1=CC=CC=C1,"InChI=1S/C14H18O2/c1-12(2)11-14(15)16-10-6-9-13-7-4-3-5-8-13/h3-9,12H,10-11H2,1-2H3",FOCMOGKCPPTERB-UHFFFAOYSA-N,False
1,O=C(CC1=CC=CC=C1)OC1CCCCC1,"InChI=1S/C14H18O2/c15-14(11-12-7-3-1-4-8-12)16-13-9-5-2-6-10-13/h1,3-4,7-8,13H,2,5-6,9-11H2",MNEAZOGMEQUJER-UHFFFAOYSA-N,False
1,CC(C)CCC1=CC2=C(C=C1)OCC(=O)CO2,"InChI=1S/C14H18O3/c1-10(2)3-4-11-5-6-13-14(7-11)17-9-12(15)8-16-13/h5-7,10H,3-4,8-9H2,1-2H3",AWAHFLZWCBUHMX-UHFFFAOYSA-N,False
1,CCOC(=O)C1(CC)OC1(C)C1=CC=CC=C1,"InChI=1S/C14H18O3/c1-4-14(12(15)16-5-2)13(3,17-14)11-9-7-6-8-10-11/h6-10H,4-5H2,1-3H3",MNSJAWVIQMGRPA-UHFFFAOYSA-N,False
1,CCCC(C)C=NC1=CC=CC=C1C(=O)OC,"InChI=1S/C14H19NO2/c1-4-7-11(2)10-15-13-9-6-5-8-12(13)14(16)17-3/h5-6,8-11H,4,7H2,1-3H3",DLMYZQZLWRLQNN-UHFFFAOYSA-N,False
0,CCC1=CC=CC(CC)=C1N(COC)C(=O)CCl,"InChI=1S/C14H20ClNO2/c1-4-11-7-6-8-12(5-2)14(11)16(10-18-3)13(17)9-15/h6-8H,4-5,9-10H2,1-3H3",XCSGPAVHZFQHGE-UHFFFAOYSA-N,False
0,CC1CCCCC1NC(=O)NC1=CC=CC=C1,"InChI=1S/C14H20N2O/c1-11-7-5-6-10-13(11)16-14(17)15-12-8-3-2-4-9-12/h2-4,8-9,11,13H,5-7,10H2,1H3,(H2,15,16,17)",JXVIIQLNUPXOII-UHFFFAOYSA-N,False
1,CC(C)CC1=CC=C(CC(C)C=O)C=C1,"InChI=1S/C14H20O/c1-11(2)8-13-4-6-14(7-5-13)9-12(3)10-15/h4-7,10-12H,8-9H2,1-3H3",YLIXVKUWWOQREC-UHFFFAOYSA-N,False
1,CCCCCC(=CC1=CC=CC=C1)CO,"InChI=1S/C14H20O/c1-2-3-5-10-14(12-15)11-13-8-6-4-7-9-13/h4,6-9,11,15H,2-3,5,10,12H2,1H3",LIPHCKNQPJXUQF-UHFFFAOYSA-N,False
1,C1=CC=C(CCOC2CCCCC2)C=C1,"InChI=1S/C14H20O/c1-3-7-13(8-4-1)11-12-15-14-9-5-2-6-10-14/h1,3-4,7-8,14H,2,5-6,9-12H2",HLMIVULQFMULRM-UHFFFAOYSA-N,False
1,CCCC(=O)C(CC)CC1=CC=CC=C1,"InChI=1S/C14H20O/c1-3-8-14(15)13(4-2)11-12-9-6-5-7-10-12/h5-7,9-10,13H,3-4,8,11H2,1-2H3",CGTCWTIGDNJZOX-UHFFFAOYSA-N,False
1,CC(=O)C1=C(C)C=C(C(C)(C)C)C=C1C,"InChI=1S/C14H20O/c1-9-7-12(14(4,5)6)8-10(2)13(9)11(3)15/h7-8H,1-6H3",JNHLHPMTMTYLCP-UHFFFAOYSA-N,False
1,O=CCCC=C1CC2CC1C1CCCC21,"InChI=1S/C14H20O/c15-7-2-1-4-10-8-11-9-14(10)13-6-3-5-12(11)13/h4,7,11-14H,1-3,5-6,8-9H2",WFEISWUNAJPLRX-UHFFFAOYSA-N,False
1,CC(=O)OC(C)CC(C)(C)C1=CC=CC=C1,"InChI=1S/C14H20O2/c1-11(16-12(2)15)10-14(3,4)13-8-6-5-7-9-13/h5-9,11H,10H2,1-4H3",MXIGGIZQUGDKAP-UHFFFAOYSA-N,False
1,CC(C)C(=O)OC(C)(C)CC1=CC=CC=C1,"InChI=1S/C14H20O2/c1-11(2)13(15)16-14(3,4)10-12-8-6-5-7-9-12/h5-9,11H,10H2,1-4H3",KOEHGIXXSWVEPT-UHFFFAOYSA-N,False
1,CC(C)CC(=O)OCCCC1=CC=CC=C1,"InChI=1S/C14H20O2/c1-12(2)11-14(15)16-10-6-9-13-7-4-3-5-8-13/h3-5,7-8,12H,6,9-11H2,1-2H3",LBNFCOMOXOWXCD-UHFFFAOYSA-N,False
1,CCCCC(=O)OCCCC1=CC=CC=C1,"InChI=1S/C14H20O2/c1-2-3-11-14(15)16-12-7-10-13-8-5-4-6-9-13/h4-6,8-9H,2-3,7,10-12H2,1H3",OKFJJLRWQHMYCM-UHFFFAOYSA-N,False
1,CCCCCCCOC(=O)C1=CC=CC=C1,"InChI=1S/C14H20O2/c1-2-3-4-5-9-12-16-14(15)13-10-7-6-8-11-13/h6-8,10-11H,2-5,9,12H2,1H3",UMFTYCUYCNMERS-UHFFFAOYSA-N,False
1,CCCCCCC(=O)OCC1=CC=CC=C1,"InChI=1S/C14H20O2/c1-2-3-4-8-11-14(15)16-12-13-9-6-5-7-10-13/h5-7,9-10H,2-4,8,11-12H2,1H3",UEDDAJQIHUEZCJ-UHFFFAOYSA-N,False
1,CCCCCCOC(=O)CC1=CC=CC=C1,"InChI=1S/C14H20O2/c1-2-3-4-8-11-16-14(15)12-13-9-6-5-7-10-13/h5-7,9-10H,2-4,8,11-12H2,1H3",MTAHGWGAEGVCLS-UHFFFAOYSA-N,False
1,CCCCCC(=O)OCCC1=CC=CC=C1,"InChI=1S/C14H20O2/c1-2-3-5-10-14(15)16-12-11-13-8-6-4-7-9-13/h4,6-9H,2-3,5,10-12H2,1H3",BUYNWUMUDHPPDS-UHFFFAOYSA-N,False
1,CCC(C)(CCC1=CC=CC=C1)OC(C)=O,"InChI=1S/C14H20O2/c1-4-14(3,16-12(2)15)11-10-13-8-6-5-7-9-13/h5-9H,4,10-11H2,1-3H3",HIWRBTFSEFIZNE-UHFFFAOYSA-N,False
1,C=C1C2CC3CC1C(OC(C)=O)C(C2)C3C,"InChI=1S/C14H20O2/c1-7-10-4-11-6-12(7)14(16-9(3)15)13(5-10)8(11)2/h8,10-14H,1,4-6H2,2-3H3",HYZYPKCUAUVUJO-UHFFFAOYSA-N,False
1,C=C(C)C1=C(C)C2(C)CC1CC2C(=O)OC,"InChI=1S/C14H20O2/c1-8(2)12-9(3)14(4)7-10(12)6-11(14)13(15)16-5/h10-11H,1,6-7H2,2-5H3",QGLOTHQLJUMRHT-UHFFFAOYSA-N,False
1,CC(C)C(=O)OC1CC2CC1C1CC=CC21,"InChI=1S/C14H20O2/c1-8(2)14(15)16-13-7-9-6-12(13)11-5-3-4-10(9)11/h3-4,8-13H,5-7H2,1-2H3",NOVRMYIRGSLBER-UHFFFAOYSA-N,False
1,COC1=C(O)C=CC(C2OC(C)CC(C)(C)O2)=C1,"InChI=1S/C14H20O4/c1-9-8-14(2,3)18-13(17-9)10-5-6-11(15)12(7-10)16-4/h5-7,9,13,15H,8H2,1-4H3",CIOMDFVGRMKKNB-UHFFFAOYSA-N,False
0,CC(=O)OCC1OC([S-])C(OC(C)=O)C(OC(C)=O)C1OC(C)=O,"InChI=1S/C14H20O9S/c1-6(15)19-5-10-11(20-7(2)16)12(21-8(3)17)13(14(24)23-10)22-9(4)18/h10-14,24H,5H2,1-4H3/p-1",SFOZKJGZNOBSHF-UHFFFAOYSA-M,False
0,CC1=CC=C(S(=O)(=O)NC(=O)NN2CCCCCC2)C=C1,"InChI=1S/C14H21N3O3S/c1-12-6-8-13(9-7-12)21(19,20)16-14(18)15-17-10-4-2-3-5-11-17/h6-9H,2-5,10-11H2,1H3,(H2,15,16,18)",OUDSBRTVNLOZBN-UHFFFAOYSA-N,False
1,CCC(CC)C(=O)N(C)C1=CC=CC(C)=C1,"InChI=1S/C14H21NO/c1-5-12(6-2)14(16)15(4)13-9-7-8-11(3)10-13/h7-10,12H,5-6H2,1-4H3",XATDMWWMSDQXFD-UHFFFAOYSA-N,False
1,CC1=CC2(C=CC(C)O2)C(C(C)C)CC1,"InChI=1S/C14H22O/c1-10(2)13-6-5-11(3)9-14(13)8-7-12(4)15-14/h7-10,12-13H,5-6H2,1-4H3",QQLMXACDDRGTPU-UHFFFAOYSA-N,False
1,CC(C=O)=CCC1C(C)=CCCC1(C)C,"InChI=1S/C14H22O/c1-11(10-15)7-8-13-12(2)6-5-9-14(13,3)4/h6-7,10,13H,5,8-9H2,1-4H3",JJHZLPJQTHPGEI-UHFFFAOYSA-N,False
1,CC12CCC(C3(CCCC3)C1=O)C2(C)C,"InChI=1S/C14H22O/c1-12(2)10-6-9-13(12,3)11(15)14(10)7-4-5-8-14/h10H,4-9H2,1-3H3",ZURABCSOVBIFTR-UHFFFAOYSA-N,False
1,CC(C)=CCCC1=CCC(C)(C=O)CC1,"InChI=1S/C14H22O/c1-12(2)5-4-6-13-7-9-14(3,11-15)10-8-13/h5,7,11H,4,6,8-10H2,1-3H3",VUIWFNRBSGUSIN-UHFFFAOYSA-N,False
1,CC(C)=CCCC1=CCCC(C)(C=O)C1,"InChI=1S/C14H22O/c1-12(2)6-4-7-13-8-5-9-14(3,10-13)11-15/h6,8,11H,4-5,7,9-10H2,1-3H3",MBVBLQFHVRGNLW-UHFFFAOYSA-N,False
1,CC(C)(C)C1=CC(C(C)(C)C)=C(O)C=C1,"InChI=1S/C14H22O/c1-13(2,3)10-7-8-12(15)11(9-10)14(4,5)6/h7-9,15H,1-6H3",ICKWICRCANNIBI-UHFFFAOYSA-N,False
1,CCC(=O)C=CC1=C(C)CCCC1(C)C,"InChI=1S/C14H22O/c1-5-12(15)8-9-13-11(2)7-6-10-14(13,3)4/h8-9H,5-7,10H2,1-4H3",LMWNGLDCJDIIBR-UHFFFAOYSA-N,False
1,CCC1=CCCC(C)(C)C12C=CC(C)O2,"InChI=1S/C14H22O/c1-5-12-7-6-9-13(3,4)14(12)10-8-11(2)15-14/h7-8,10-11H,5-6,9H2,1-4H3",NHJSLVJXXDHDRV-UHFFFAOYSA-N,False
1,CCC(=O)C=CC=C(C)CCC=C(C)C,"InChI=1S/C14H22O/c1-5-14(15)11-7-10-13(4)9-6-8-12(2)3/h7-8,10-11H,5-6,9H2,1-4H3",SPHLZZZXIWUZNM-UHFFFAOYSA-N,False
1,CC(=O)C1CC2=C(C)CC1C(C(C)C)C2,"InChI=1S/C14H22O/c1-8(2)12-6-11-7-13(10(4)15)14(12)5-9(11)3/h8,12-14H,5-7H2,1-4H3",GNALWRWCIFZYEK-UHFFFAOYSA-N,False
1,CC1C(C)(C)C2=C(C(=O)CCC2)C1(C)C,"InChI=1S/C14H22O/c1-9-13(2,3)10-7-6-8-11(15)12(10)14(9,4)5/h9H,6-8H2,1-5H3",MIZGSAALSYARKU-UHFFFAOYSA-N,False
0,COC1OC(C(=O)O)C(OC2OC(C(=O)O)C(OC)C(O)C2O)C(O)C1O,"InChI=1S/C14H22O13/c1-23-7-3(15)6(18)14(27-9(7)11(19)20)25-8-4(16)5(17)13(24-2)26-10(8)12(21)22/h3-10,13-18H,1-2H3,(H,19,20)(H,21,22)",GKFPPCXIBHQRQT-UHFFFAOYSA-N,False
1,CC12CCC3(CCCC(C)(C)C3C1)OC2=O,"InChI=1S/C14H22O2/c1-12(2)5-4-6-14-8-7-13(3,9-10(12)14)11(15)16-14/h10H,4-9H2,1-3H3",TUVXRDNMAFEUBI-UHFFFAOYSA-N,False
1,CCCCOC(C)OCCC1=CC=CC=C1,"InChI=1S/C14H22O2/c1-3-4-11-15-13(2)16-12-10-14-8-6-5-7-9-14/h5-9,13H,3-4,10-12H2,1-2H3",JBEADRDKGADTFN-UHFFFAOYSA-N,False
1,C#CC1(OC(C)=O)CCCCC1C(C)CC,"InChI=1S/C14H22O2/c1-5-11(3)13-9-7-8-10-14(13,6-2)16-12(4)15/h2,11,13H,5,7-10H2,1,3-4H3",PKVIIPGIGKYQFI-UHFFFAOYSA-N,False
1,CC(C)C(=O)OCC1=CCC2CC1C2(C)C,"InChI=1S/C14H22O2/c1-9(2)13(15)16-8-10-5-6-11-7-12(10)14(11,3)4/h5,9,11-12H,6-8H2,1-4H3",HPAQTXNDJUZELN-UHFFFAOYSA-N,False
1,CCCCC(=O)C(CCC)SC1=C(C)OC=C1,"InChI=1S/C14H22O2S/c1-4-6-8-12(15)14(7-5-2)17-13-9-10-16-11(13)3/h9-10,14H,4-8H2,1-3H3",PEYZZTQOVLTVHN-UHFFFAOYSA-N,False
1,CC1=C(SC(C(=O)CC(C)C)C(C)C)C=CO1,"InChI=1S/C14H22O2S/c1-9(2)8-12(15)14(10(3)4)17-13-6-7-16-11(13)5/h6-7,9-10,14H,8H2,1-5H3",PFFLSEMCPNTWOY-UHFFFAOYSA-N,False
1,CC(=O)CC(=O)OCC=C(C)CCC=C(C)C,"InChI=1S/C14H22O3/c1-11(2)6-5-7-12(3)8-9-17-14(16)10-13(4)15/h6,8H,5,7,9-10H2,1-4H3",RYILZWKGLGVPOC-UHFFFAOYSA-N,False
1,CCOC1=C(OC)C=C(C(OCC)OCC)C=C1,"InChI=1S/C14H22O4/c1-5-16-12-9-8-11(10-13(12)15-4)14(17-6-2)18-7-3/h8-10,14H,5-7H2,1-4H3",KOBWSOGHQMNSSS-UHFFFAOYSA-N,False
1,C=C(CC(C)CO)C1CC=C(C)C1(C)C,"InChI=1S/C14H24O/c1-10(9-15)8-11(2)13-7-6-12(3)14(13,4)5/h6,10,13,15H,2,7-9H2,1,3-5H3",DGHXZJZALPECTJ-UHFFFAOYSA-N,False
1,CC(=CC1=C(C)CCCC1(C)C)C(C)O,"InChI=1S/C14H24O/c1-10-7-6-8-14(4,5)13(10)9-11(2)12(3)15/h9,12,15H,6-8H2,1-5H3",RGCSRKQFSSXYRE-UHFFFAOYSA-N,False
1,CC1=CCCC(C)(C)C1C(C)CCC=O,"InChI=1S/C14H24O/c1-11-7-5-9-14(3,4)13(11)12(2)8-6-10-15/h7,10,12-13H,5-6,8-9H2,1-4H3",ACVNYUMGXUDACR-UHFFFAOYSA-N,False
1,CC(C)CCCC1=CCC(C)(C=O)CC1,"InChI=1S/C14H24O/c1-12(2)5-4-6-13-7-9-14(3,11-15)10-8-13/h7,11-12H,4-6,8-10H2,1-3H3",MVTYXAVPKZRAMW-UHFFFAOYSA-N,False
1,CC1(C)CC2C3CCCC(C)(C3O)C2C1,"InChI=1S/C14H24O/c1-13(2)7-10-9-5-4-6-14(3,12(9)15)11(10)8-13/h9-12,15H,4-8H2,1-3H3",GKUUOBPAWXVPEB-UHFFFAOYSA-N,False
1,CCCCCCCCCCC1=CC=CO1,"InChI=1S/C14H24O/c1-2-3-4-5-6-7-8-9-11-14-12-10-13-15-14/h10,12-13H,2-9,11H2,1H3",PIBKIYYQPWSUDP-UHFFFAOYSA-N,False
1,CCC(=O)CCC1C(C)=CCCC1(C)C,"InChI=1S/C14H24O/c1-5-12(15)8-9-13-11(2)7-6-10-14(13,3)4/h7,13H,5-6,8-10H2,1-4H3",KUZMAEUMYSXKOU-UHFFFAOYSA-N,False
1,CC1=CCC(C(C)(C)OC(=O)C(C)C)CC1,"InChI=1S/C14H24O2/c1-10(2)13(15)16-14(4,5)12-8-6-11(3)7-9-12/h6,10,12H,7-9H2,1-5H3",SMQUXKIIXFOJKI-UHFFFAOYSA-N,False
1,CC(C)C(=O)OC1CCC2CCCCC2C1,"InChI=1S/C14H24O2/c1-10(2)14(15)16-13-8-7-11-5-3-4-6-12(11)9-13/h10-13H,3-9H2,1-2H3",KWWPABFNYJNITP-UHFFFAOYSA-N,False
1,C=CCOC(=O)CCCCC1CCCCC1,"InChI=1S/C14H24O2/c1-2-12-16-14(15)11-7-6-10-13-8-4-3-5-9-13/h2,13H,1,3-12H2",NDXGAVFJHHVIQN-UHFFFAOYSA-N,False
1,C=CCCCCCCCCC(=O)OCC=C,"InChI=1S/C14H24O2/c1-3-5-6-7-8-9-10-11-12-14(15)16-13-4-2/h3-4H,1-2,5-13H2",VJOZUTGJXVDWDJ-UHFFFAOYSA-N,False
1,CCCC(=O)OC1CC2CCC1(C)C2(C)C,"InChI=1S/C14H24O2/c1-5-6-12(15)16-11-9-10-7-8-14(11,4)13(10,2)3/h10-11H,5-9H2,1-4H3",VIPNQHBVIDJXJE-UHFFFAOYSA-N,False
1,CCCC(=O)OC(C)(C)C1CC=C(C)CC1,"InChI=1S/C14H24O2/c1-5-6-13(15)16-14(3,4)12-9-7-11(2)8-10-12/h7,12H,5-6,8-10H2,1-4H3",LWKWNIYBQLKBMQ-UHFFFAOYSA-N,False
1,C=CC(C)(CCC=C(C)C)OC(=O)CCC,"InChI=1S/C14H24O2/c1-6-9-13(15)16-14(5,7-2)11-8-10-12(3)4/h7,10H,2,6,8-9,11H2,1,3-5H3",FHLGUOHLUFIAAA-UHFFFAOYSA-N,False
1,C=CC(C)(CCC=C(C)C)OC(=O)C(C)C,"InChI=1S/C14H24O2/c1-7-14(6,10-8-9-11(2)3)16-13(15)12(4)5/h7,9,12H,1,8,10H2,2-6H3",JZIARAQCPRDGAC-UHFFFAOYSA-N,False
1,C=C(OCC)C1C(C)(C)CC(=O)CC1(C)C,"InChI=1S/C14H24O2/c1-7-16-10(2)12-13(3,4)8-11(15)9-14(12,5)6/h12H,2,7-9H2,1,3-6H3",YLNYLLVKHRZLGO-UHFFFAOYSA-N,False
1,CC(C)C(=O)OC1CC2CCC1(C)C2(C)C,"InChI=1S/C14H24O2/c1-9(2)12(15)16-11-8-10-6-7-14(11,5)13(10,3)4/h9-11H,6-8H2,1-5H3",KRKIAJBQOUBNSE-UHFFFAOYSA-N,False
1,CCOC(=O)C(=O)OCCC(C)CCC=C(C)C,"InChI=1S/C14H24O4/c1-5-17-13(15)14(16)18-10-9-12(4)8-6-7-11(2)3/h7,12H,5-6,8-10H2,1-4H3",VCHQSPDXMJAXJI-UHFFFAOYSA-N,False
1,O=C1CCCCCCCCCCC(=O)OCCO1,InChI=1S/C14H24O4/c15-13-9-7-5-3-1-2-4-6-8-10-14(16)18-12-11-17-13/h1-12H2,GJJSUPSPZIZYPM-UHFFFAOYSA-N,False
1,CSC(C)CC(=O)C1=C(C)CCCC1(C)C,"InChI=1S/C14H24OS/c1-10-7-6-8-14(3,4)13(10)12(15)9-11(2)16-5/h11H,6-9H2,1-5H3",NCSINGBYRFXOMK-UHFFFAOYSA-N,False
1,C=CCCCCCCCCCOCCC#N,"InChI=1S/C14H25NO/c1-2-3-4-5-6-7-8-9-10-13-16-14-11-12-15/h2H,1,3-11,13-14H2",AWVSLVUVZWTQDK-UHFFFAOYSA-N,False
1,CCCCC=CC=CCC(=O)NCC(C)C,"InChI=1S/C14H25NO/c1-4-5-6-7-8-9-10-11-14(16)15-12-13(2)3/h7-10,13H,4-6,11-12H2,1-3H3,(H,15,16)",FTIUMRBREVALKG-UHFFFAOYSA-N,False
1,CC1=CCC(CCC(C)C(C)O)C1(C)C,"InChI=1S/C14H26O/c1-10(12(3)15)6-8-13-9-7-11(2)14(13,4)5/h7,10,12-13,15H,6,8-9H2,1-5H3",NGYMOTOXXHCHOC-UHFFFAOYSA-N,False
1,CC(C)=CCCC(C)CCCC(C)C=O,"InChI=1S/C14H26O/c1-12(2)7-5-8-13(3)9-6-10-14(4)11-15/h7,11,13-14H,5-6,8-10H2,1-4H3",UEGBWDUVDAKUGA-UHFFFAOYSA-N,False
1,CC(C)=CCCC(C)=CCCC(C)CO,"InChI=1S/C14H26O/c1-12(2)7-5-8-13(3)9-6-10-14(4)11-15/h7,9,14-15H,5-6,8,10-11H2,1-4H3",SVHDKVPXRARVAO-UHFFFAOYSA-N,False
1,CCCCCCCCCCCC=CC=O,"InChI=1S/C14H26O/c1-2-3-4-5-6-7-8-9-10-11-12-13-14-15/h12-14H,2-11H2,1H3",WHOZNOZYMBRCBL-UHFFFAOYSA-N,False
1,C1CCCCCC2COCC2CCCC1,"InChI=1S/C14H26O/c1-2-4-6-8-10-14-12-15-11-13(14)9-7-5-3-1/h13-14H,1-12H2",ZOMKNVYKXOZLFE-UHFFFAOYSA-N,False
1,C=CCC1(O)C(C)(C)CCCCC1(C)C,"InChI=1S/C14H26O/c1-6-9-14(15)12(2,3)10-7-8-11-13(14,4)5/h6,15H,1,7-11H2,2-5H3",FFYUAKBJWFOMLK-UHFFFAOYSA-N,False
1,CC(CO)COC1CC2CCC1(C)C2(C)C,"InChI=1S/C14H26O2/c1-10(8-15)9-16-12-7-11-5-6-14(12,4)13(11,2)3/h10-12,15H,5-9H2,1-4H3",YCOHHRPARVZBHK-UHFFFAOYSA-N,False
1,C=C(C)CCCC(C)CCOC(=O)C(C)C,"InChI=1S/C14H26O2/c1-11(2)7-6-8-13(5)9-10-16-14(15)12(3)4/h12-13H,1,6-10H2,2-5H3",KHCGLDOOFYZQKU-UHFFFAOYSA-N,False
1,CC(C)=CCCC(C)CCOC(=O)C(C)C,"InChI=1S/C14H26O2/c1-11(2)7-6-8-13(5)9-10-16-14(15)12(3)4/h7,12-13H,6,8-10H2,1-5H3",ZGPPERKMXSGYRK-UHFFFAOYSA-N,False
1,CC(=O)OC1CCCCCCCCCCC1,"InChI=1S/C14H26O2/c1-13(15)16-14-11-9-7-5-3-2-4-6-8-10-12-14/h14H,2-12H2,1H3",AWJATTSJDXARCL-UHFFFAOYSA-N,False
1,CCCCCCCCCC1CCCC(=O)O1,"InChI=1S/C14H26O2/c1-2-3-4-5-6-7-8-10-13-11-9-12-14(15)16-13/h13H,2-12H2,1H3",SKQYTJLYRIFFCO-UHFFFAOYSA-N,False
1,CCCCCCCC=CC(=O)OCCCC,"InChI=1S/C14H26O2/c1-3-5-7-8-9-10-11-12-14(15)16-13-6-4-2/h11-12H,3-10,13H2,1-2H3",DTCZJIDFDTTXSG-UHFFFAOYSA-N,False
1,C=C(C)CCCC(C)CCOC(=O)CCC,"InChI=1S/C14H26O2/c1-5-7-14(15)16-11-10-13(4)9-6-8-12(2)3/h13H,2,5-11H2,1,3-4H3",PYGYQOOIXMJQOJ-UHFFFAOYSA-N,False
1,CCCC(=O)OCCC(C)CCC=C(C)C,"InChI=1S/C14H26O2/c1-5-7-14(15)16-11-10-13(4)9-6-8-12(2)3/h8,13H,5-7,9-11H2,1-4H3",XQPZQXTWYZAXAK-UHFFFAOYSA-N,False
1,CCOC(C=C(C)CCC=C(C)C)OCC,"InChI=1S/C14H26O2/c1-6-15-14(16-7-2)11-13(5)10-8-9-12(3)4/h9,11,14H,6-8,10H2,1-5H3",NTXGFKWLJFHGGJ-UHFFFAOYSA-N,False
1,C=CC(C)(CCC=C(C)C)OC(C)OCC,"InChI=1S/C14H26O2/c1-7-14(6,11-9-10-12(3)4)16-13(5)15-8-2/h7,10,13H,1,8-9,11H2,2-6H3",ZJPKYCLAROITRY-UHFFFAOYSA-N,False
1,CC1CCC(C(C)C)C(OC(=O)C(C)C)C1,"InChI=1S/C14H26O2/c1-9(2)12-7-6-11(5)8-13(12)16-14(15)10(3)4/h9-13H,6-8H2,1-5H3",CSZKNSMAMITXAD-UHFFFAOYSA-N,False
0,CCCCCCCCCCCC(=O)CC(=O)O,"InChI=1S/C14H26O3/c1-2-3-4-5-6-7-8-9-10-11-13(15)12-14(16)17/h2-12H2,1H3,(H,16,17)",XLKOZYOVXNPWGT-UHFFFAOYSA-N,False
1,CC(O)CC(=O)OC1CC(C)CCC1C(C)C,"InChI=1S/C14H26O3/c1-9(2)12-6-5-10(3)7-13(12)17-14(16)8-11(4)15/h9-13,15H,5-8H2,1-4H3",XSJPRWBZLUYOOI-UHFFFAOYSA-N,False
1,CCOC(=O)CCCCCCCCC(=O)OCC,"InChI=1S/C14H26O4/c1-3-17-13(15)11-9-7-5-6-8-10-12-14(16)18-4-2/h3-12H2,1-2H3",ONKUXPIBXRRIDU-UHFFFAOYSA-N,False
1,CC(O)COC(=O)OC1CC(C)CCC1C(C)C,"InChI=1S/C14H26O4/c1-9(2)12-6-5-10(3)7-13(12)18-14(16)17-8-11(4)15/h9-13,15H,5-8H2,1-4H3",FLYJSXDJKBHQAU-UHFFFAOYSA-N,False
1,CC(C)CCOC(=O)CC(S)C(=O)OCCC(C)C,"InChI=1S/C14H26O4S/c1-10(2)5-7-17-13(15)9-12(19)14(16)18-8-6-11(3)4/h10-12,19H,5-9H2,1-4H3",HHNLQBYPOOATIP-UHFFFAOYSA-N,False
1,CCCCCCCCCCCCCC#N,"InChI=1S/C14H27N/c1-2-3-4-5-6-7-8-9-10-11-12-13-14-15/h2-13H2,1H3",MLRCLPRHEOPXLL-UHFFFAOYSA-N,False
1,CC(O)C(C)CC1C(C)CCCC1(C)C,"InChI=1S/C14H28O/c1-10-7-6-8-14(4,5)13(10)9-11(2)12(3)15/h10-13,15H,6-9H2,1-5H3",HMENPFAAAQWASO-UHFFFAOYSA-N,False
1,COC1(C)CCCCCCCCCCC1,"InChI=1S/C14H28O/c1-14(15-2)12-10-8-6-4-3-5-7-9-11-13-14/h3-13H2,1-2H3",QACBYNLZEUNZSC-UHFFFAOYSA-N,False
1,CC(C)CCCCCCCCCCC=O,"InChI=1S/C14H28O/c1-14(2)12-10-8-6-4-3-5-7-9-11-13-15/h13-14H,3-12H2,1-2H3",OQWNKUAZQSLNSR-UHFFFAOYSA-N,False
1,CCCCCCCCCCCCCC=O,"InChI=1S/C14H28O/c1-2-3-4-5-6-7-8-9-10-11-12-13-14-15/h14H,2-13H2,1H3",UHUFTBALEZWWIH-UHFFFAOYSA-N,False
1,CCC(O)CCC1C(C)CCCC1(C)C,"InChI=1S/C14H28O/c1-5-12(15)8-9-13-11(2)7-6-10-14(13,3)4/h11-13,15H,5-10H2,1-4H3",KFDLIAUEUFWVDE-UHFFFAOYSA-N,False
1,COCOC1CCCCCCCCCCC1,"InChI=1S/C14H28O2/c1-15-13-16-14-11-9-7-5-3-2-4-6-8-10-12-14/h14H,2-13H2,1H3",HPTIDIPGIUCQFC-UHFFFAOYSA-N,False
1,COC1(OC)CCCCCCCCCCC1,"InChI=1S/C14H28O2/c1-15-14(16-2)12-10-8-6-4-3-5-7-9-11-13-14/h3-13H2,1-2H3",XXNCXSHVDVCRKB-UHFFFAOYSA-N,False
1,CCCCCCCCCCCCCC(=O)O,"InChI=1S/C14H28O2/c1-2-3-4-5-6-7-8-9-10-11-12-13-14(15)16/h2-13H2,1H3,(H,15,16)",TUNFSRHWOTWDNC-UHFFFAOYSA-N,False
1,CCCCCCCCCCCCOC(C)=O,"InChI=1S/C14H28O2/c1-3-4-5-6-7-8-9-10-11-12-13-16-14(2)15/h3-13H2,1-2H3",VZWGRQBCURJOMT-UHFFFAOYSA-N,False
1,CCCCCCCCCCC1OCC(C)O1,"InChI=1S/C14H28O2/c1-3-4-5-6-7-8-9-10-11-14-15-12-13(2)16-14/h13-14H,3-12H2,1-2H3",ZOJCTKZSRSUPTO-UHFFFAOYSA-N,False
1,CCCCCCCCCCCC(=O)OCC,"InChI=1S/C14H28O2/c1-3-5-6-7-8-9-10-11-12-13-14(15)16-4-2/h3-13H2,1-2H3",MMXKVMNBHPAILY-UHFFFAOYSA-N,False
1,CCCCCCCCCCOC(=O)CCC,"InChI=1S/C14H28O2/c1-3-5-6-7-8-9-10-11-13-16-14(15)12-4-2/h3-13H2,1-2H3",PUCQHFICPFUPKW-UHFFFAOYSA-N,False
1,CCCCCCCCCC(=O)OCCCC,"InChI=1S/C14H28O2/c1-3-5-7-8-9-10-11-12-14(15)16-13-6-4-2/h3-13H2,1-2H3",ZRNCNTSXSYXHOW-UHFFFAOYSA-N,False
1,CCCCCCCCC(=O)OCCCCC,"InChI=1S/C14H28O2/c1-3-5-7-8-9-10-12-14(15)16-13-11-6-4-2/h3-13H2,1-2H3",DZOQJRHASSOUOU-UHFFFAOYSA-N,False
1,CCCCCCCC(=O)OCCCCCC,"InChI=1S/C14H28O2/c1-3-5-7-9-10-12-14(15)16-13-11-8-6-4-2/h3-13H2,1-2H3",PBGWNXWNCSSXCO-UHFFFAOYSA-N,False
1,CCCCCCCOC(=O)CCCCCC,"InChI=1S/C14H28O2/c1-3-5-7-9-11-13-16-14(15)12-10-8-6-4-2/h3-13H2,1-2H3",QOIIBPAJVWFEPE-UHFFFAOYSA-N,False
1,CCCCCC1CCOC(CCCCC)O1,"InChI=1S/C14H28O2/c1-3-5-7-9-13-11-12-15-14(16-13)10-8-6-4-2/h13-14H,3-12H2,1-2H3",JTGGXBHDIVDFHP-UHFFFAOYSA-N,False
1,CCCCCCCCCC(=O)OCC(C)C,"InChI=1S/C14H28O2/c1-4-5-6-7-8-9-10-11-14(15)16-12-13(2)3/h13H,4-12H2,1-3H3",AXTPGRJJIGEOOY-UHFFFAOYSA-N,False
1,CCCCCCCCCOC(=O)CC(C)C,"InChI=1S/C14H28O2/c1-4-5-6-7-8-9-10-11-16-14(15)12-13(2)3/h13H,4-12H2,1-3H3",JHKZVDVMXZGMOX-UHFFFAOYSA-N,False
1,CCCCCCCCC(=O)OCCC(C)C,"InChI=1S/C14H28O2/c1-4-5-6-7-8-9-10-14(15)16-12-11-13(2)3/h13H,4-12H2,1-3H3",SHGMLOSSRPFLKG-UHFFFAOYSA-N,False
1,CCC(O)COC1CCCCC1C(C)(C)C,"InChI=1S/C14H28O2/c1-5-11(15)10-16-13-9-7-6-8-12(13)14(2,3)4/h11-13,15H,5-10H2,1-4H3",GQBVHGLNSHPKPG-UHFFFAOYSA-N,False
1,C=CC(C)(CCCC(C)C)OC(C)OCC,"InChI=1S/C14H28O2/c1-7-14(6,11-9-10-12(3)4)16-13(5)15-8-2/h7,12-13H,1,8-11H2,2-6H3",IJOLRHXMJRNZNP-UHFFFAOYSA-N,False
1,CCCCCCCCCCCCCC,"InChI=1S/C14H30/c1-3-5-7-9-11-13-14-12-10-8-6-4-2/h3-14H2,1-2H3",BGHCVCJVXZWKCC-UHFFFAOYSA-N,False
1,CCCCCCCCCCCCCCO,"InChI=1S/C14H30O/c1-2-3-4-5-6-7-8-9-10-11-12-13-14-15/h15H,2-14H2,1H3",HLZKNKRTKFSKGZ-UHFFFAOYSA-N,False
1,CCCCCCCCCCCC(OC)OC,"InChI=1S/C14H30O2/c1-4-5-6-7-8-9-10-11-12-13-14(15-2)16-3/h14H,4-13H2,1-3H3",AJUWUYJULVYGRA-UHFFFAOYSA-N,False
1,CCCCCCOC(C)OCCCCCC,"InChI=1S/C14H30O2/c1-4-6-8-10-12-15-14(3)16-13-11-9-7-5-2/h14H,4-13H2,1-3H3",VSFOOCQEJQKBSO-UHFFFAOYSA-N,False
1,CCCCCCCCCC(OCC)OCC,"InChI=1S/C14H30O2/c1-4-7-8-9-10-11-12-13-14(15-5-2)16-6-3/h14H,4-13H2,1-3H3",GDDPLWAEEWIQKZ-UHFFFAOYSA-N,False
1,CCCCCCCCCC(C)C(OC)OC,"InChI=1S/C14H30O2/c1-5-6-7-8-9-10-11-12-13(2)14(15-3)16-4/h13-14H,5-12H2,1-4H3",NJXYRZMLVYMJHM-UHFFFAOYSA-N,False
1,CCOC(CC(C)CCCC(C)(C)O)OCC,"InChI=1S/C14H30O3/c1-6-16-13(17-7-2)11-12(3)9-8-10-14(4,5)15/h12-13,15H,6-11H2,1-5H3",XOJDKWNFMFCXNE-UHFFFAOYSA-N,False
1,CCCCCCCOP(=S)([S-])OCCCCCCC,"InChI=1S/C14H31O2PS2/c1-3-5-7-9-11-13-15-17(18,19)16-14-12-10-8-6-4-2/h3-14H2,1-2H3,(H,18,19)/p-1",KXKYPMWKQXTEEX-UHFFFAOYSA-M,False
0,N#CC1=C(C#N)SC2=C(S1)C(=O)C1=CC=CC=C1C2=O,InChI=1S/C14H4N2O2S2/c15-5-9-10(6-16)20-14-12(18)8-4-2-1-3-7(8)11(17)13(14)19-9/h1-4H,PYZSVQVRHDXQSL-UHFFFAOYSA-N,False
0,CN(C1=C(Br)C=C(Br)C=C1Br)C1=C([N+](=O)[O-])C=C([N+](=O)[O-])C=C1C(F)(F)F,"InChI=1S/C14H7Br3F3N3O4/c1-21(13-9(16)2-6(15)3-10(13)17)12-8(14(18,19)20)4-7(22(24)25)5-11(12)23(26)27/h2-5H,1H3",USMZPYXTVKAYST-UHFFFAOYSA-N,False
0,O=C(OOC(=O)C1=CC=C(Cl)C=C1)C1=CC=C(Cl)C=C1,InChI=1S/C14H8Cl2O4/c15-11-5-1-9(2-6-11)13(17)19-20-14(18)10-3-7-12(16)8-4-10/h1-8H,OXYKVVLTXXXVRT-UHFFFAOYSA-N,False
0,O=C(NCC1=C(Cl)C=C(C(F)(F)F)C=N1)C1=C(Cl)C=CC=C1Cl,"InChI=1S/C14H8Cl3F3N2O/c15-8-2-1-3-9(16)12(8)13(23)22-6-11-10(17)4-7(5-21-11)14(18,19)20/h1-5H,6H2,(H,22,23)",GBOYJIHYACSLGN-UHFFFAOYSA-N,False
0,C1=CC=C2SC(SSC3=NC4=CC=CC=C4S3)=NC2=C1,InChI=1S/C14H8N2S4/c1-3-7-11-9(5-1)15-13(17-11)19-20-14-16-10-6-2-4-8-12(10)18-14/h1-8H,AFZSMODLJJCVPP-UHFFFAOYSA-N,False
0,O=C=NC1=CC=C(CC2=CC=C(N=C=O)C=C2)C=C1,"InChI=1S/C15H10N2O2/c18-10-16-14-5-1-12(2-6-14)9-13-3-7-15(8-4-13)17-11-19/h1-8H,9H2",UPMLOUAZCHDJJD-UHFFFAOYSA-N,False
0,O=C1C2=CC=CC=C2C(=O)C1C1=CC=CC=C1,"InChI=1S/C15H10O2/c16-14-11-8-4-5-9-12(11)15(17)13(14)10-6-2-1-3-7-10/h1-9,13H",NFBAXHOPROOJAW-UHFFFAOYSA-N,False
0,O=C1N=C(C2=CC=CC=C2)C2=C(C=CC(Cl)=C2)NC1O,"InChI=1S/C15H11ClN2O2/c16-10-6-7-12-11(8-10)13(9-4-2-1-3-5-9)18-15(20)14(19)17-12/h1-8,14,17,19H",AQKCJDFMDAPELP-UHFFFAOYSA-N,False
0,CC(=NNC(=O)NC1=CC(F)=CC(F)=C1)C1=C(C(=O)O)C=CC=N1,"InChI=1S/C15H12F2N4O3/c1-8(13-12(14(22)23)3-2-4-18-13)20-21-15(24)19-11-6-9(16)5-10(17)7-11/h2-7H,1H3,(H,22,23)(H2,19,21,24)",IRJQWZWMQCVOLA-UHFFFAOYSA-N,False
0,O=C1NC(=O)C(C2=CC=CC=C2)(C2=CC=CC=C2)N1,"InChI=1S/C15H12N2O2/c18-13-15(17-14(19)16-13,11-7-3-1-4-8-11)12-9-5-2-6-10-12/h1-10H,(H2,16,17,18,19)",CXOFVDLJLONNDW-UHFFFAOYSA-N,False
1,COC(=O)C1=CC=CC=C1N=CC1=CC=CC=C1,"InChI=1S/C15H13NO2/c1-18-15(17)13-9-5-6-10-14(13)16-11-12-7-3-2-4-8-12/h2-11H,1H3",ZCFRWOFFFLZLDU-UHFFFAOYSA-N,False
1,O=C(CC1=CC=CC=C1)CC1=CC=CC=C1,"InChI=1S/C15H14O/c16-15(11-13-7-3-1-4-8-13)12-14-9-5-2-6-10-14/h1-10H,11-12H2",YFKBXYGUSOXJGS-UHFFFAOYSA-N,False
1,CC1=CC(OC(=O)CC2=CC=CC=C2)=CC=C1,"InChI=1S/C15H14O2/c1-12-6-5-9-14(10-12)17-15(16)11-13-7-3-2-4-8-13/h2-10H,11H2,1H3",LSWZGOVODYFNQO-UHFFFAOYSA-N,False
1,CC1=CC=C(OC(=O)CC2=CC=CC=C2)C=C1,"InChI=1S/C15H14O2/c1-12-7-9-14(10-8-12)17-15(16)11-13-5-3-2-4-6-13/h2-10H,11H2,1H3",OJEQSSJFSNLMLB-UHFFFAOYSA-N,False
1,O=C(CC1=CC=CC=C1)OCC1=CC=CC=C1,"InChI=1S/C15H14O2/c16-15(11-13-7-3-1-4-8-13)17-12-14-9-5-2-6-10-14/h1-10H,11-12H2",MIYFJEKZLFWKLZ-UHFFFAOYSA-N,False
1,O=C(OCCC1=CC=CC=C1)C1=CC=CC=C1,"InChI=1S/C15H14O2/c16-15(14-9-5-2-6-10-14)17-12-11-13-7-3-1-4-8-13/h1-10H,11-12H2",OSORMYZMWHVFOZ-UHFFFAOYSA-N,False
1,COC1=CC=CC=C1OC(=O)CC1=CC=CC=C1,"InChI=1S/C15H14O3/c1-17-13-9-5-6-10-14(13)18-15(16)11-12-7-3-2-4-8-12/h2-10H,11H2,1H3",KNVYLIIBQXVDKC-UHFFFAOYSA-N,False
1,O=C(OCCC1=CC=CC=C1)C1=CC=CC=C1O,"InChI=1S/C15H14O3/c16-14-9-5-4-8-13(14)15(17)18-11-10-12-6-2-1-3-7-12/h1-9,16H,10-11H2",YNMSDIQQNIRGDP-UHFFFAOYSA-N,False
0,COC(=O)CSC1=C(Cl)C=C(F)C(N=C2SC(=O)N3CCCCN23)=C1,"InChI=1S/C15H15ClFN3O3S2/c1-23-13(21)8-24-12-7-11(10(17)6-9(12)16)18-14-19-4-2-3-5-20(19)15(22)25-14/h6-7H,2-5,8H2,1H3",ZCNQYNHDVRPZIH-UHFFFAOYSA-N,False
0,CN(C)C(=O)NC1=CC=C(OC2=CC=C(Cl)C=C2)C=C1,"InChI=1S/C15H15ClN2O2/c1-18(2)15(19)17-12-5-9-14(10-6-12)20-13-7-3-11(16)4-8-13/h3-10H,1-2H3,(H,17,19)",IVUXTESCPZUGJC-UHFFFAOYSA-N,False
1,NC1=CC=CC=C1C(=O)OCCC1=CC=CC=C1,"InChI=1S/C15H15NO2/c16-14-9-5-4-8-13(14)15(17)18-11-10-12-6-2-1-3-7-12/h1-9H,10-11,16H2",PXWNBAGCFUDYBE-UHFFFAOYSA-N,False
1,COC1=C(CC=C(C)C)C2=C(C=CC(=O)O2)C=C1,"InChI=1S/C15H16O3/c1-10(2)4-7-12-13(17-3)8-5-11-6-9-14(16)18-15(11)12/h4-6,8-9H,7H2,1-3H3",MBRLOUHOWLUMFF-UHFFFAOYSA-N,False
0,CCCC1COC(CN2C=NC=N2)(C2=C(Cl)C=C(Cl)C=C2)O1,"InChI=1S/C15H17Cl2N3O2/c1-2-3-12-7-21-15(22-12,8-20-10-18-9-19-20)13-5-4-11(16)6-14(13)17/h4-6,9-10,12H,2-3,7-8H2,1H3",STJLVHWMYQXCPB-UHFFFAOYSA-N,False
0,CC(C)OC1=C(Cl)C=C(Cl)C(N2N=C(C(C)(C)C)OC2=O)=C1,"InChI=1S/C15H18Cl2N2O3/c1-8(2)21-12-7-11(9(16)6-10(12)17)19-14(20)22-13(18-19)15(3,4)5/h6-8H,1-5H3",CHNUNORXWHYHNE-UHFFFAOYSA-N,False
0,CC(C1CC1)C(O)(CN1C=NC=N1)C1=CC=C(Cl)C=C1,"InChI=1S/C15H18ClN3O/c1-11(12-2-3-12)15(20,8-19-10-17-9-18-19)13-4-6-14(16)7-5-13/h4-7,9-12,20H,2-3,8H2,1H3",UFNOUKDBUJZYDE-UHFFFAOYSA-N,False
1,O=C(C=CC1=CC=CC=C1)OC1CCCCC1,"InChI=1S/C15H18O2/c16-15(17-14-9-5-2-6-10-14)12-11-13-7-3-1-4-8-13/h1,3-4,7-8,11-12,14H,2,5-6,9-10H2",GCFAUZGWPDYAJN-UHFFFAOYSA-N,False
0,CC(C)(O)C1C2OC(=O)C1C1(O)CC3OC34C(=O)OC2C14C,"InChI=1S/C15H18O7/c1-12(2,18)6-7-10(16)20-8(6)9-13(3)14(7,19)4-5-15(13,22-5)11(17)21-9/h5-9,18-19H,4H2,1-3H3",RYEFFICCPKWYML-UHFFFAOYSA-N,False
0,COCC1=CN=C(C2=NC(=O)C(C)(C(C)C)N2)C(C(=O)O)=C1,"InChI=1S/C15H19N3O4/c1-8(2)15(3)14(21)17-12(18-15)11-10(13(19)20)5-9(6-16-11)7-22-4/h5-6,8H,7H2,1-4H3,(H,19,20)(H,17,18,21)",NUPJIGQFXCQJBK-UHFFFAOYSA-N,False
1,CC1=CC2=C(C=C1)C(C)=CCC2C(C)C,"InChI=1S/C15H20/c1-10(2)13-8-6-12(4)14-7-5-11(3)9-15(13)14/h5-7,9-10,13H,8H2,1-4H3",CUUMXRBKJIDIAY-UHFFFAOYSA-N,False
0,CC(=O)C1=CC=C(S(=O)(=O)NC(=O)NC2CCCCC2)C=C1,"InChI=1S/C15H20N2O4S/c1-11(18)12-7-9-14(10-8-12)22(20,21)17-15(19)16-13-5-3-2-4-6-13/h7-10,13H,2-6H2,1H3,(H2,16,17,19)",VGZSUPCWNCWDAN-UHFFFAOYSA-N,False
1,C=C(C)C1=CC=C2CC(=O)CC(C)C2(C)C1,"InChI=1S/C15H20O/c1-10(2)12-5-6-13-8-14(16)7-11(3)15(13,4)9-12/h5-6,11H,1,7-9H2,2-4H3",GCNNFWUYCBMWNR-UHFFFAOYSA-N,False
1,CCCCCCC(C=O)=CC1=CC=CC=C1,"InChI=1S/C15H20O/c1-2-3-4-6-11-15(13-16)12-14-9-7-5-8-10-14/h5,7-10,12-13H,2-4,6,11H2,1H3",GUUHFMWKWLOQMM-UHFFFAOYSA-N,False
1,CCCCCC(=CC1=CC=CC=C1)COC=O,"InChI=1S/C15H20O2/c1-2-3-5-10-15(12-17-13-16)11-14-8-6-4-7-9-14/h4,6-9,11,13H,2-3,5,10,12H2,1H3",AWNFWGNFOOJDNO-UHFFFAOYSA-N,False
1,C=CCC1=CC(OC)=C(OC(=O)CC(C)C)C=C1,"InChI=1S/C15H20O3/c1-5-6-12-7-8-13(14(10-12)17-4)18-15(16)9-11(2)3/h5,7-8,10-11H,1,6,9H2,2-4H3",PLUVLWUSXQCTNH-UHFFFAOYSA-N,False
1,CC1=CC2=C(C=C1)C(C)CCC2C(C)C,"InChI=1S/C15H22/c1-10(2)13-8-6-12(4)14-7-5-11(3)9-15(13)14/h5,7,9-10,12-13H,6,8H2,1-4H3",PGTJIOWQJWHTJJ-UHFFFAOYSA-N,False
1,C=C(C)C1CC=C2CC(=O)CC(C)C2(C)C1,"InChI=1S/C15H22O/c1-10(2)12-5-6-13-8-14(16)7-11(3)15(13,4)9-12/h6,11-12H,1,5,7-9H2,2-4H3",ZCIAZFSKBUFPBI-UHFFFAOYSA-N,False
1,C=CCCC(=O)C1=CCCC2(CCCC2)C1,"InChI=1S/C15H22O/c1-2-3-8-14(16)13-7-6-11-15(12-13)9-4-5-10-15/h2,7H,1,3-6,8-12H2",WPFFGMCNILGTEA-UHFFFAOYSA-N,False
1,C=C(C)C1C=C2C(C)CC(=O)C2C(C)CC1,"InChI=1S/C15H22O/c1-9(2)12-6-5-10(3)15-13(8-12)11(4)7-14(15)16/h8,10-12,15H,1,5-7H2,2-4H3",LWUYUFRWOGTHQL-UHFFFAOYSA-N,False
1,CC(C)C(=O)OC(C)(C)CCC1=CC=CC=C1,"InChI=1S/C15H22O2/c1-12(2)14(16)17-15(3,4)11-10-13-8-6-5-7-9-13/h5-9,12H,10-11H2,1-4H3",WCEXWNUHYPYHDN-UHFFFAOYSA-N,False
1,CCCCCCCCOC(=O)C1=CC=CC=C1,"InChI=1S/C15H22O2/c1-2-3-4-5-6-10-13-17-15(16)14-11-8-7-9-12-14/h7-9,11-12H,2-6,10,13H2,1H3",VECVSKFWRQYTAL-UHFFFAOYSA-N,False
1,CCCCCCCC(=O)OCC1=CC=CC=C1,"InChI=1S/C15H22O2/c1-2-3-4-5-9-12-15(16)17-13-14-10-7-6-8-11-14/h6-8,10-11H,2-5,9,12-13H2,1H3",MWQWCHLIPMDVLS-UHFFFAOYSA-N,False
1,CCCCCCCOC(=O)CC1=CC=CC=C1,"InChI=1S/C15H22O2/c1-2-3-4-5-9-12-17-15(16)13-14-10-7-6-8-11-14/h6-8,10-11H,2-5,9,12-13H2,1H3",MFCMCQJYPOAXCB-UHFFFAOYSA-N,False
1,CCCCCCC(=O)OCCC1=CC=CC=C1,"InChI=1S/C15H22O2/c1-2-3-4-8-11-15(16)17-13-12-14-9-6-5-7-10-14/h5-7,9-10H,2-4,8,11-13H2,1H3",YMPDQHXHLKFWNN-UHFFFAOYSA-N,False
1,CCCCCCCC(=O)OC1=CC=C(C)C=C1,"InChI=1S/C15H22O2/c1-3-4-5-6-7-8-15(16)17-14-11-9-13(2)10-12-14/h9-12H,3-8H2,1-2H3",ALRYNTSLFYRKGF-UHFFFAOYSA-N,False
1,CCCCC(CC)COC(=O)C1=CC=CC=C1,"InChI=1S/C15H22O2/c1-3-5-9-13(4-2)12-17-15(16)14-10-7-6-8-11-14/h6-8,10-11,13H,3-5,9,12H2,1-2H3",UADWUILHKRXHMM-UHFFFAOYSA-N,False
1,CCCCC(CC)COC(=O)C1=CC=CC=C1O,"InChI=1S/C15H22O3/c1-3-5-8-12(4-2)11-18-15(17)13-9-6-7-10-14(13)16/h6-7,9-10,12,16H,3-5,8,11H2,1-2H3",FMRHJJZUHUTGKE-UHFFFAOYSA-N,False
1,CCOC1=C(O)C=CC(C2OC(C)CC(C)(C)O2)=C1,"InChI=1S/C15H22O4/c1-5-17-13-8-11(6-7-12(13)16)14-18-10(2)9-15(3,4)19-14/h6-8,10,14,16H,5,9H2,1-4H3",RTAZBUSLAYSJCD-UHFFFAOYSA-N,False
1,CC(C)=C1CCC(C)C2=C(C1)C(C)CC2,"InChI=1S/C15H24/c1-10(2)13-7-5-11(3)14-8-6-12(4)15(14)9-13/h11-12H,5-9H2,1-4H3",GIBQERSGRNPMEH-UHFFFAOYSA-N,False
1,C=C(C)C1CCC(C)C2=C(C1)C(C)CC2,"InChI=1S/C15H24/c1-10(2)13-7-5-11(3)14-8-6-12(4)15(14)9-13/h11-13H,1,5-9H2,2-4H3",ADIDQIZBYUABQK-UHFFFAOYSA-N,False
1,CC1=CCC2C(C)=CCC(C(C)C)C2C1,"InChI=1S/C15H24/c1-10(2)13-8-6-12(4)14-7-5-11(3)9-15(13)14/h5-6,10,13-15H,7-9H2,1-4H3",USDOQCCMRDNVAH-UHFFFAOYSA-N,False
1,CC1=CC2C(=C(C)CCC2C(C)C)CC1,"InChI=1S/C15H24/c1-10(2)13-8-6-12(4)14-7-5-11(3)9-15(13)14/h9-10,13,15H,5-8H2,1-4H3",FUCYIEXQVQJBKY-UHFFFAOYSA-N,False
1,C=C(C)C1CCC2(C)CCC=C(C)C2C1,"InChI=1S/C15H24/c1-11(2)13-7-9-15(4)8-5-6-12(3)14(15)10-13/h6,13-14H,1,5,7-10H2,2-4H3",OZQAPQSEYFAMCY-UHFFFAOYSA-N,False
1,C=C1C=CC(C(C)CCC=C(C)C)CC1,"InChI=1S/C15H24/c1-12(2)6-5-7-14(4)15-10-8-13(3)9-11-15/h6,8,10,14-15H,3,5,7,9,11H2,1-2,4H3",PHWISBHSBNDZDX-UHFFFAOYSA-N,False
1,CC(C)=CCCC(C)=C1CC=C(C)CC1,"InChI=1S/C15H24/c1-12(2)6-5-7-14(4)15-10-8-13(3)9-11-15/h6,8H,5,7,9-11H2,1-4H3",XBGUIVFBMBVUEG-UHFFFAOYSA-N,False
1,CC(C)=CCC=C(C)C1CC=C(C)CC1,"InChI=1S/C15H24/c1-12(2)6-5-7-14(4)15-10-8-13(3)9-11-15/h6-8,15H,5,9-11H2,1-4H3",YHBUQBJHSRGZNF-UHFFFAOYSA-N,False
1,C=CC(C)=CCC=C(C)CCC=C(C)C,"InChI=1S/C15H24/c1-6-14(4)10-8-12-15(5)11-7-9-13(2)3/h6,9-10,12H,1,7-8,11H2,2-5H3",CXENHBSYCFFKJS-UHFFFAOYSA-N,False
1,CC(=CCCC1(C)C2CC3C(C2)C31C)CO,"InChI=1S/C15H24O/c1-10(9-16)5-4-6-14(2)11-7-12-13(8-11)15(12,14)3/h5,11-13,16H,4,6-9H2,1-3H3",PDEQKAVEYSOLJX-UHFFFAOYSA-N,False
1,CC1=CC(C(C)(C)C)=C(O)C(C(C)(C)C)=C1,"InChI=1S/C15H24O/c1-10-8-11(14(2,3)4)13(16)12(9-10)15(5,6)7/h8-9,16H,1-7H3",NLZUEZXRPGMBCV-UHFFFAOYSA-N,False
1,CC1=C(C=CC(=O)C(C)C)C(C)(C)CCC1,"InChI=1S/C15H24O/c1-11(2)14(16)9-8-13-12(3)7-6-10-15(13,4)5/h8-9,11H,6-7,10H2,1-5H3",PJDDIEPZHDBQQR-UHFFFAOYSA-N,False
1,CC1=CCC(C(C)CC2CCCC2=O)CC1,"InChI=1S/C15H24O/c1-11-6-8-13(9-7-11)12(2)10-14-4-3-5-15(14)16/h6,12-14H,3-5,7-10H2,1-2H3",KNHGOYVXAHUDHP-UHFFFAOYSA-N,False
1,CC1(C)CCC2OC23C(C)(C)C2CCC13C2,"InChI=1S/C15H24O/c1-12(2)7-6-11-15(16-11)13(3,4)10-5-8-14(12,15)9-10/h10-11H,5-9H2,1-4H3",VQHLGZRKOZIABH-UHFFFAOYSA-N,False
1,CC12CCCC3(CC1)C1(C)OC1CCC23C,"InChI=1S/C15H24O/c1-12-6-4-7-15(10-9-12)13(12,2)8-5-11-14(15,3)16-11/h11H,4-10H2,1-3H3",HDKRRWIYNADEKA-UHFFFAOYSA-N,False
1,CC(C)=CCCC(C)=CCCC(C)=CC=O,"InChI=1S/C15H24O/c1-13(2)7-5-8-14(3)9-6-10-15(4)11-12-16/h7,9,11-12H,5-6,8,10H2,1-4H3",YHRUHBBTQZKMEX-UHFFFAOYSA-N,False
1,C=C(CC=O)CCC=C(C)CCC=C(C)C,"InChI=1S/C15H24O/c1-13(2)7-5-8-14(3)9-6-10-15(4)11-12-16/h7,9,12H,4-6,8,10-11H2,1-3H3",VODHRFXBUVHVHL-UHFFFAOYSA-N,False
1,CC1(C)C2CCC3(C2)C1C(=O)CCC3(C)C,"InChI=1S/C15H24O/c1-13(2)7-6-11(16)12-14(3,4)10-5-8-15(12,13)9-10/h10,12H,5-9H2,1-4H3",VCOCESNMLNDPLX-UHFFFAOYSA-N,False
1,CCC(=O)C(C)=CC1=C(C)CCCC1(C)C,"InChI=1S/C15H24O/c1-6-14(16)12(3)10-13-11(2)8-7-9-15(13,4)5/h10H,6-9H2,1-5H3",KTGXDHVCKICOMQ-UHFFFAOYSA-N,False
1,CC1=CC2C(=CC1O)C(C)CCC2C(C)C,"InChI=1S/C15H24O/c1-9(2)12-6-5-10(3)13-8-15(16)11(4)7-14(12)13/h7-10,12,14-16H,5-6H2,1-4H3",PDDMWQFBZZFOQR-UHFFFAOYSA-N,False
1,CC1=CC(O)CC(C)C2CC(=C(C)C)CC12,"InChI=1S/C15H24O/c1-9(2)12-7-14-10(3)5-13(16)6-11(4)15(14)8-12/h5,11,13-16H,6-8H2,1-4H3",INIOTLARNNSXAE-UHFFFAOYSA-N,False
1,CC(=O)OC(C)C=CC1C(C)=CCCC1(C)C,"InChI=1S/C15H24O2/c1-11-7-6-10-15(4,5)14(11)9-8-12(2)17-13(3)16/h7-9,12,14H,6,10H2,1-5H3",WHHAWKIPTSGTNC-UHFFFAOYSA-N,False
1,CC(=O)OC(C)C=CC1=C(C)CCCC1(C)C,"InChI=1S/C15H24O2/c1-11-7-6-10-15(4,5)14(11)9-8-12(2)17-13(3)16/h8-9,12H,6-7,10H2,1-5H3",WODKSVNXBYBTQC-UHFFFAOYSA-N,False
1,CC1=CCCC2(C)C(OC=O)C(C)CCC12C,"InChI=1S/C15H24O2/c1-11-7-9-14(3)12(2)6-5-8-15(14,4)13(11)17-10-16/h6,10-11,13H,5,7-9H2,1-4H3",DAWDTDPJINNEJM-UHFFFAOYSA-N,False
1,CC1=CC2CC(C3OCCO3)C1CC2C(C)C,"InChI=1S/C15H24O2/c1-9(2)12-8-13-10(3)6-11(12)7-14(13)15-16-4-5-17-15/h6,9,11-15H,4-5,7-8H2,1-3H3",QSWPBUXWYKVPMT-UHFFFAOYSA-N,False
1,CCCCCCCCCC(=O)OCC1=CC=CO1,"InChI=1S/C15H24O3/c1-2-3-4-5-6-7-8-11-15(16)18-13-14-10-9-12-17-14/h9-10,12H,2-8,11,13H2,1H3",ATRAUOWSKCEACM-UHFFFAOYSA-N,False
1,CCCCCC1CC(=O)C=C(C)C1C(=O)OCC,"InChI=1S/C15H24O3/c1-4-6-7-8-12-10-13(16)9-11(3)14(12)15(17)18-5-2/h9,12,14H,4-8,10H2,1-3H3",ZJLHQWGPVWXKME-UHFFFAOYSA-N,False
1,CC(C)C1CCC2CC(=O)CC(C)C2(C)C1,"InChI=1S/C15H26O/c1-10(2)12-5-6-13-8-14(16)7-11(3)15(13,4)9-12/h10-13H,5-9H2,1-4H3",DDJJLKQSWUBTKH-UHFFFAOYSA-N,False
1,CC1=C(C)C2(C)CCC1(C)C(C)(C)C2(C)O,"InChI=1S/C15H26O/c1-10-11(2)14(6)9-8-13(10,5)12(3,4)15(14,7)16/h16H,8-9H2,1-7H3",JFTZOJLENZMCHP-UHFFFAOYSA-N,False
1,CC1CCC2OC2(C)CCC2C1CC2(C)C,"InChI=1S/C15H26O/c1-10-5-6-13-15(4,16-13)8-7-12-11(10)9-14(12,2)3/h10-13H,5-9H2,1-4H3",RBQQAPZKUGJMCR-UHFFFAOYSA-N,False
1,CC1=C2CCC(C)C2CC(C(C)(C)O)CC1,"InChI=1S/C15H26O/c1-10-5-7-12(15(3,4)16)9-14-11(2)6-8-13(10)14/h11-12,14,16H,5-9H2,1-4H3",LGOFSGDSFQNIAT-UHFFFAOYSA-N,False
1,CC(C)=CCCC(C)C1(O)CC=C(C)CC1,"InChI=1S/C15H26O/c1-12(2)6-5-7-14(4)15(16)10-8-13(3)9-11-15/h6,8,14,16H,5,7,9-11H2,1-4H3",WTVHAMTYZJGJLJ-UHFFFAOYSA-N,False
1,CC(C)=CCCC(C)=CCCC(C)=CCO,"InChI=1S/C15H26O/c1-13(2)7-5-8-14(3)9-6-10-15(4)11-12-16/h7,9,11,16H,5-6,8,10,12H2,1-4H3",CRDAMVZIKSXKFV-UHFFFAOYSA-N,False
1,CC1(C)CCCC2(C)C3CCOC3CCC12,"InChI=1S/C15H26O/c1-14(2)8-4-9-15(3)11-7-10-16-12(11)5-6-13(14)15/h11-13H,4-10H2,1-3H3",IPEPBOBQYDJNON-UHFFFAOYSA-N,False
1,CC1(C)C2CCC1C(C1CCCCC1O)C2,"InChI=1S/C15H26O/c1-15(2)10-7-8-13(15)12(9-10)11-5-3-4-6-14(11)16/h10-14,16H,3-9H2,1-2H3",QXPIZWAQIIGDDU-UHFFFAOYSA-N,False
1,CCC12CCC(C1)C(C1(O)CCCCC1)C2,"InChI=1S/C15H26O/c1-2-14-9-6-12(10-14)13(11-14)15(16)7-4-3-5-8-15/h12-13,16H,2-11H2,1H3",XVOKPNRYHDZDMX-UHFFFAOYSA-N,False
1,C=CC(C)(O)CCC=C(C)CCC=C(C)C,"InChI=1S/C15H26O/c1-6-15(5,16)12-8-11-14(4)10-7-9-13(2)3/h6,9,11,16H,1,7-8,10,12H2,2-5H3",FQTLCLSUCSAZDY-UHFFFAOYSA-N,False
1,C=C1C2CCC(C)(OCC)C1CCC2(C)C,"InChI=1S/C15H26O/c1-6-16-15(5)10-8-12-11(2)13(15)7-9-14(12,3)4/h12-13H,2,6-10H2,1,3-5H3",LUNAXRIJWWBQTE-UHFFFAOYSA-N,False
1,C=CC1(C)CCC(C(C)(C)O)CC1C(=C)C,"InChI=1S/C15H26O/c1-7-15(6)9-8-12(14(4,5)16)10-13(15)11(2)3/h7,12-13,16H,1-2,8-10H2,3-6H3",GFJIQNADMLPFOW-UHFFFAOYSA-N,False
1,CC1CCC2C1C1C(CCC2(C)O)C1(C)C,"InChI=1S/C15H26O/c1-9-5-6-10-12(9)13-11(14(13,2)3)7-8-15(10,4)16/h9-13,16H,5-8H2,1-4H3",AYXPYQRXGNDJFU-UHFFFAOYSA-N,False
1,CC(C)CC(=O)OC1C2(C)CCC(C2)C1(C)C,"InChI=1S/C15H26O2/c1-10(2)8-12(16)17-13-14(3,4)11-6-7-15(13,5)9-11/h10-11,13H,6-9H2,1-5H3",UWEYUMKZEVARAF-UHFFFAOYSA-N,False
1,CC1=CCC(C(C)(C)OC(=O)CC(C)C)CC1,"InChI=1S/C15H26O2/c1-11(2)10-14(16)17-15(4,5)13-8-6-12(3)7-9-13/h6,11,13H,7-10H2,1-5H3",XRADSECIALQFFY-UHFFFAOYSA-N,False
1,CC(C)=CCCC(C)CCOC(=O)C=C(C)C,"InChI=1S/C15H26O2/c1-12(2)7-6-8-14(5)9-10-17-15(16)11-13(3)4/h7,11,14H,6,8-10H2,1-5H3",DCEUMOZSMAUPSP-UHFFFAOYSA-N,False
1,CC(=O)OC(C)CCC=C(C)CCC=C(C)C,"InChI=1S/C15H26O2/c1-12(2)8-6-9-13(3)10-7-11-14(4)17-15(5)16/h8,10,14H,6-7,9,11H2,1-5H3",BXGLLMNDXKACMT-UHFFFAOYSA-N,False
1,C=CCOC(=O)CCCCCC1CCCCC1,"InChI=1S/C15H26O2/c1-2-13-17-15(16)12-8-4-7-11-14-9-5-3-6-10-14/h2,14H,1,3-13H2",MMVNCZIEXUKMHF-UHFFFAOYSA-N,False
1,CCCCC(=O)OC(C)(C)C1CC=C(C)CC1,"InChI=1S/C15H26O2/c1-5-6-7-14(16)17-15(3,4)13-10-8-12(2)9-11-13/h8,13H,5-7,9-11H2,1-4H3",GIHNOWFSKYCHNL-UHFFFAOYSA-N,False
1,C=CC(C)(CCC=C(C)C)OC(=O)CCCC,"InChI=1S/C15H26O2/c1-6-8-11-14(16)17-15(5,7-2)12-9-10-13(3)4/h7,10H,2,6,8-9,11-12H2,1,3-5H3",BYTYEUINJPKZIB-UHFFFAOYSA-N,False
1,C=CC(C)(CCC=C(C)C)OC(=O)CC(C)C,"InChI=1S/C15H26O2/c1-7-15(6,10-8-9-12(2)3)17-14(16)11-13(4)5/h7,9,13H,1,8,10-11H2,2-6H3",WCDGWAIZRYMVOW-UHFFFAOYSA-N,False
1,O=C1CCCCCCCCCCC(=O)OCCC1,InChI=1S/C15H26O3/c16-14-10-7-5-3-1-2-4-6-8-12-15(17)18-13-9-11-14/h1-13H2,QFRZEGADDLNLLM-UHFFFAOYSA-N,False
1,CC1CCC(C(C)C)C(OC(=O)CCCC(=O)O)C1,"InChI=1S/C15H26O4/c1-10(2)12-8-7-11(3)9-13(12)19-15(18)6-4-5-14(16)17/h10-13H,4-9H2,1-3H3,(H,16,17)",CTMTYSVTTGVYAW-UHFFFAOYSA-N,False
1,CCC(=O)OCC(=O)OC(C)C1CCCC(C)(C)C1,"InChI=1S/C15H26O4/c1-5-13(16)18-10-14(17)19-11(2)12-7-6-8-15(3,4)9-12/h11-12H,5-10H2,1-4H3",PDUFSBFWOJELLV-UHFFFAOYSA-N,False
1,O=C1CCCCCCCCCCCC(=O)OCCO1,InChI=1S/C15H26O4/c16-14-10-8-6-4-2-1-3-5-7-9-11-15(17)19-13-12-18-14/h1-13H2,XRHCAGNSDHCHFJ-UHFFFAOYSA-N,False
1,CCCC(=O)OCC(COC(=O)CCC)OC(=O)CCC,"InChI=1S/C15H26O6/c1-4-7-13(16)19-10-12(21-15(18)9-6-3)11-20-14(17)8-5-2/h12H,4-11H2,1-3H3",UYXTWWCETRIEDR-UHFFFAOYSA-N,False
1,CC(C)=CCCC(C)=CCCC(C)CCO,"InChI=1S/C15H28O/c1-13(2)7-5-8-14(3)9-6-10-15(4)11-12-16/h7,9,15-16H,5-6,8,10-12H2,1-4H3",OOOOFOPLSIWRAR-UHFFFAOYSA-N,False
1,O=C1CCCCCCCCCCCCCC1,InChI=1S/C15H28O/c16-15-13-11-9-7-5-3-1-2-4-6-8-10-12-14-15/h1-14H2,OSOIQJGOYGSIMF-UHFFFAOYSA-N,False
1,CC(C)CC(=O)OC1CC(C)CCC1C(C)C,"InChI=1S/C15H28O2/c1-10(2)8-15(16)17-14-9-12(5)6-7-13(14)11(3)4/h10-14H,6-9H2,1-5H3",VYQSSWZYPCCBRN-UHFFFAOYSA-N,False
1,CC(=O)OC(C)CCC1C(C)CCCC1(C)C,"InChI=1S/C15H28O2/c1-11-7-6-10-15(4,5)14(11)9-8-12(2)17-13(3)16/h11-12,14H,6-10H2,1-5H3",OAKWLQFVIYUNRW-UHFFFAOYSA-N,False
1,C=C(C)CCCC(C)CCOC(=O)CC(C)C,"InChI=1S/C15H28O2/c1-12(2)7-6-8-14(5)9-10-17-15(16)11-13(3)4/h13-14H,1,6-11H2,2-5H3",OZAWINZSOFVOBJ-UHFFFAOYSA-N,False
1,CC(C)=CCCC(C)CCOC(=O)CC(C)C,"InChI=1S/C15H28O2/c1-12(2)7-6-8-14(5)9-10-17-15(16)11-13(3)4/h7,13-14H,6,8-11H2,1-5H3",WZTNQQJXPYEGAF-UHFFFAOYSA-N,False
1,C=CCCCCCCCCC(=O)OCCCC,"InChI=1S/C15H28O2/c1-3-5-7-8-9-10-11-12-13-15(16)17-14-6-4-2/h3H,1,4-14H2,2H3",GRAORJFMGCQWRN-UHFFFAOYSA-N,False
1,C=CCCCCCCCCC(=O)OCC(C)C,"InChI=1S/C15H28O2/c1-4-5-6-7-8-9-10-11-12-15(16)17-13-14(2)3/h4,14H,1,5-13H2,2-3H3",YXJSBTYPYXKWDB-UHFFFAOYSA-N,False
1,CCCCC(=O)OCCC(C)CCC=C(C)C,"InChI=1S/C15H28O2/c1-5-6-10-15(16)17-12-11-14(4)9-7-8-13(2)3/h8,14H,5-7,9-12H2,1-4H3",PFOJEJPZUVQHEH-UHFFFAOYSA-N,False
1,O=C1CCCCCCCCCCCCCCO1,InChI=1S/C15H28O2/c16-15-13-11-9-7-5-3-1-2-4-6-8-10-12-14-17-15/h1-14H2,FKUPPRZPSYCDRS-UHFFFAOYSA-N,False
1,O=C1CCCCCCCCOCCCCCCO1,InChI=1S/C15H28O3/c16-15-11-7-3-1-2-4-8-12-17-13-9-5-6-10-14-18-15/h1-14H2,MZLRFHKWWCSGHB-UHFFFAOYSA-N,False
1,O=C1CCCCCCCCCOCCCCCO1,InChI=1S/C15H28O3/c16-15-11-7-4-2-1-3-5-8-12-17-13-9-6-10-14-18-15/h1-14H2,MKEIDVFLAWJKMY-UHFFFAOYSA-N,False
1,O=C1CCCCCCCCCCOCCCCO1,InChI=1S/C15H28O3/c16-15-11-7-5-3-1-2-4-6-8-12-17-13-9-10-14-18-15/h1-14H2,MRMOPGVGWFNHIN-UHFFFAOYSA-N,False
1,CC(CO)C1CCCCCCCCCCC1,"InChI=1S/C15H30O/c1-14(13-16)15-11-9-7-5-3-2-4-6-8-10-12-15/h14-16H,2-13H2,1H3",WKHTUDYDJUHYMK-UHFFFAOYSA-N,False
1,CCCCCCCCCCCCCCC=O,"InChI=1S/C15H30O/c1-2-3-4-5-6-7-8-9-10-11-12-13-14-15-16/h15H,2-14H2,1H3",XGQJZNCFDLXSIJ-UHFFFAOYSA-N,False
1,CCCCCCCCCCCCCC(C)=O,"InChI=1S/C15H30O/c1-3-4-5-6-7-8-9-10-11-12-13-14-15(2)16/h3-14H2,1-2H3",CJPNOLIZCWDHJK-UHFFFAOYSA-N,False
1,CCCC(O)CCC1C(C)CCCC1(C)C,"InChI=1S/C15H30O/c1-5-7-13(16)9-10-14-12(2)8-6-11-15(14,3)4/h12-14,16H,5-11H2,1-4H3",BVDMQAQCEBGIJR-UHFFFAOYSA-N,False
1,CCOCOC1CCCCCCCCCCC1,"InChI=1S/C15H30O2/c1-2-16-14-17-15-12-10-8-6-4-3-5-7-9-11-13-15/h15H,2-14H2,1H3",VQNUNMBDOKEZHS-UHFFFAOYSA-N,False
1,CCCCCCCCCCCCCCC(=O)O,"InChI=1S/C15H30O2/c1-2-3-4-5-6-7-8-9-10-11-12-13-14-15(16)17/h2-14H2,1H3,(H,16,17)",WQEPLUUGTLDZJY-UHFFFAOYSA-N,False
1,CCCCCCCCCCCCCC(=O)OC,"InChI=1S/C15H30O2/c1-3-4-5-6-7-8-9-10-11-12-13-14-15(16)17-2/h3-14H2,1-2H3",ZAZKJZBWRNNLDS-UHFFFAOYSA-N,False
1,CCCCCCCCCCCCOC(=O)CC,"InChI=1S/C15H30O2/c1-3-5-6-7-8-9-10-11-12-13-14-17-15(16)4-2/h3-14H2,1-2H3",FVGJPCFYGPKBKJ-UHFFFAOYSA-N,False
1,CCCCCCCCCCCOC(=O)CCC,"InChI=1S/C15H30O2/c1-3-5-6-7-8-9-10-11-12-14-17-15(16)13-4-2/h3-14H2,1-2H3",DPMDQRRFSVRUMR-UHFFFAOYSA-N,False
1,CCCCCCCCCC(=O)OCCCCC,"InChI=1S/C15H30O2/c1-3-5-7-8-9-10-11-13-15(16)17-14-12-6-4-2/h3-14H2,1-2H3",BGYFCELTJPRWBA-UHFFFAOYSA-N,False
1,CCCCCCCCC(=O)OCCCCCC,"InChI=1S/C15H30O2/c1-3-5-7-9-10-11-13-15(16)17-14-12-8-6-4-2/h3-14H2,1-2H3",GPHBCFMWKGZPRP-UHFFFAOYSA-N,False
1,CCCCCCCCOC(=O)CCCCCC,"InChI=1S/C15H30O2/c1-3-5-7-9-10-12-14-17-15(16)13-11-8-6-4-2/h3-14H2,1-2H3",XAZROQGRFWCMBU-UHFFFAOYSA-N,False
1,CCCCCCCOC(=O)CCCCCCC,"InChI=1S/C15H30O2/c1-3-5-7-9-11-13-15(16)17-14-12-10-8-6-4-2/h3-14H2,1-2H3",TZXWLJYLYILFGM-UHFFFAOYSA-N,False
1,CCCCCCCCCC(=O)OCCC(C)C,"InChI=1S/C15H30O2/c1-4-5-6-7-8-9-10-11-15(16)17-13-12-14(2)3/h14H,4-13H2,1-3H3",XDOGFYDZGUDBQY-UHFFFAOYSA-N,False
1,CC(C)CC1OC(CC(C)C)OC(CC(C)C)O1,"InChI=1S/C15H30O3/c1-10(2)7-13-16-14(8-11(3)4)18-15(17-13)9-12(5)6/h10-15H,7-9H2,1-6H3",SBVHSWJZXOYLFE-UHFFFAOYSA-N,False
1,CCCCCCCCCCCCOC(=O)C(C)O,"InChI=1S/C15H30O3/c1-3-4-5-6-7-8-9-10-11-12-13-18-15(17)14(2)16/h14,16H,3-13H2,1-2H3",QQQMUBLXDAFBRH-UHFFFAOYSA-N,False
1,CCCCCCCC(O)CCCC(=O)OCC(O)CO,"InChI=1S/C15H30O5/c1-2-3-4-5-6-8-13(17)9-7-10-15(19)20-12-14(18)11-16/h13-14,16-18H,2-12H2,1H3",KCEQGTJBAICOKH-UHFFFAOYSA-N,False
1,CC(C)CC1NC(CC(C)C)SC(CC(C)C)S1,"InChI=1S/C15H31NS2/c1-10(2)7-13-16-14(8-11(3)4)18-15(17-13)9-12(5)6/h10-16H,7-9H2,1-6H3",RQGPQWUKHADVPF-UHFFFAOYSA-N,False
1,CCCCCCCCCCCCCCC,"InChI=1S/C15H32/c1-3-5-7-9-11-13-15-14-12-10-8-6-4-2/h3-15H2,1-2H3",YCOZIPAWZNQLMR-UHFFFAOYSA-N,False
1,CCOC(C)OCC(COC(C)OCC)OC(C)OCC,"InChI=1S/C15H32O6/c1-7-16-12(4)19-10-15(21-14(6)18-9-3)11-20-13(5)17-8-2/h12-15H,7-11H2,1-6H3",NSVOKCWMHBVBIU-UHFFFAOYSA-N,False
0,O=C(O)C1=CC(C2=CC=CC=C2)=NC2=CC=CC=C21,"InChI=1S/C16H11NO2/c18-16(19)13-10-15(11-6-2-1-3-7-11)17-14-9-5-4-8-12(13)14/h1-10H,(H,18,19)",YTRMTPPVNRALON-UHFFFAOYSA-N,False
0,CN1C(=O)CN=C(C2=CC=CC=C2)C2=C1C=CC(Cl)=C2,"InChI=1S/C16H13ClN2O/c1-19-14-8-7-12(17)9-13(14)16(18-10-15(19)20)11-5-3-2-4-6-11/h2-9H,10H2,1H3",AAOVKJBEBIDNHE-UHFFFAOYSA-N,False
0,COC(=O)C(C)OC1=CC=C(OC2=C(Cl)C=C(Cl)C=C2)C=C1,"InChI=1S/C16H14Cl2O4/c1-10(16(19)20-2)21-12-4-6-13(7-5-12)22-15-8-3-11(17)9-14(15)18/h3-10H,1-2H3",BACHBFVBHLGWSL-UHFFFAOYSA-N,False
0,CN=C1CN(O)C(C2=CC=CC=C2)=C2C=C(Cl)C=CC2=N1,"InChI=1S/C16H14ClN3O/c1-18-15-10-20(21)16(11-5-3-2-4-6-11)13-9-12(17)7-8-14(13)19-15/h2-9,21H,10H2,1H3",BUCORZSTKDOEKQ-UHFFFAOYSA-N,False
0,CC1=C(OCC(F)(F)F)C=CN=C1C[S+]([O-])C1=NC2=CC=CC=C2N1,"InChI=1S/C16H14F3N3O2S/c1-10-13(20-7-6-14(10)24-9-16(17,18)19)8-25(23)15-21-11-4-2-3-5-12(11)22-15/h2-7H,8-9H2,1H3,(H,21,22)",MJIHNNLFOKEZEW-UHFFFAOYSA-N,False
0,CC1=CC=CC=C1N1C(=O)C2=CC=CC=C2N=C1C,"InChI=1S/C16H14N2O/c1-11-7-3-6-10-15(11)18-12(2)17-14-9-5-4-8-13(14)16(18)19/h3-10H,1-2H3",JEYCTXHKTXCGPB-UHFFFAOYSA-N,False
1,O=C(C=CC1=CC=CC=C1)OCC1=CC=CC=C1,"InChI=1S/C16H14O2/c17-16(12-11-14-7-3-1-4-8-14)18-13-15-9-5-2-6-10-15/h1-12H,13H2",NGHOLYJTSCBCGC-UHFFFAOYSA-N,False
1,O=C(OCC=CC1=CC=CC=C1)C1=CC=CC=C1,"InChI=1S/C16H14O2/c17-16(15-11-5-2-6-12-15)18-13-7-10-14-8-3-1-4-9-14/h1-12H,13H2",UARVBDPGNUHYQT-UHFFFAOYSA-N,False
1,COC1=CC(C=O)=CC(C2=C(O)C(OC)=CC(C=O)=C2)=C1O,"InChI=1S/C16H14O6/c1-21-13-5-9(7-17)3-11(15(13)19)12-4-10(8-18)6-14(22-2)16(12)20/h3-8,19-20H,1-2H3",NSTQUZVZBUTVPY-UHFFFAOYSA-N,False
1,NC1=CC=CC=C1C(=O)OCC=CC1=CC=CC=C1,"InChI=1S/C16H15NO2/c17-15-11-5-4-10-14(15)16(18)19-12-6-9-13-7-2-1-3-8-13/h1-11H,12,17H2",GABQNAFEZZDSCM-UHFFFAOYSA-N,False
1,COC(=O)C1=CC=CC=C1N=CC1=CC=C(OC)C=C1,"InChI=1S/C16H15NO3/c1-19-13-9-7-12(8-10-13)11-17-15-6-4-3-5-14(15)16(18)20-2/h3-11H,1-2H3",VYSXJKIBCGUXTM-UHFFFAOYSA-N,False
0,CC1=CC=CC=C1N1C(=O)C2=CC(S(N)(=O)=O)=C(Cl)C=C2NC1C,"InChI=1S/C16H16ClN3O3S/c1-9-5-3-4-6-14(9)20-10(2)19-13-8-12(17)15(24(18,22)23)7-11(13)16(20)21/h3-8,10,19H,1-2H3,(H2,18,22,23)",AQCHWTWZEMGIFD-UHFFFAOYSA-N,False
0,COC(=O)NC1=CC(OC(=O)NC2=CC=CC(C)=C2)=CC=C1,"InChI=1S/C16H16N2O4/c1-11-5-3-6-12(9-11)18-16(20)22-14-8-4-7-13(10-14)17-15(19)21-2/h3-10H,1-2H3,(H,17,19)(H,18,20)",IDOWTHOLJBTAFI-UHFFFAOYSA-N,False
1,O=C(CC1=CC=CC=C1)OCCC1=CC=CC=C1,"InChI=1S/C16H16O2/c17-16(13-15-9-5-2-6-10-15)18-12-11-14-7-3-1-4-8-14/h1-10H,11-13H2",ZOZIRNMDEZKZHM-UHFFFAOYSA-N,False
1,COC1=CC=C(COC(=O)CC2=CC=CC=C2)C=C1,"InChI=1S/C16H16O3/c1-18-15-9-7-14(8-10-15)12-19-16(17)11-13-5-3-2-4-6-13/h2-10H,11-12H2,1H3",VCYWCSZLXMMLLE-UHFFFAOYSA-N,False
0,CN(C)C(=O)C(C1=CC=CC=C1)C1=CC=CC=C1,"InChI=1S/C16H17NO/c1-17(2)16(18)15(13-9-5-3-6-10-13)14-11-7-4-8-12-14/h3-12,15H,1-2H3",QAHFOPIILNICLA-UHFFFAOYSA-N,False
0,CCOC(=O)NC1=C(N)C=C(NCC2=CC=C(F)C=C2)C=C1,"InChI=1S/C16H18FN3O2/c1-2-22-16(21)20-15-8-7-13(9-14(15)18)19-10-11-3-5-12(17)6-4-11/h3-9,19H,2,10,18H2,1H3,(H,20,21)",PCOBBVZJEWWZFR-UHFFFAOYSA-N,False
0,CCS(=O)(=O)C1=C(S(=O)(=O)NC(=O)NC2=NC(OC)=CC(OC)=N2)N2C=CC=CC2=N1,"InChI=1S/C16H18N6O7S2/c1-4-30(24,25)13-14(22-8-6-5-7-10(22)17-13)31(26,27)21-16(23)20-15-18-11(28-2)9-12(19-15)29-3/h5-9H,4H2,1-3H3,(H2,18,19,20,21,23)",RBSXHDIPCIWOMG-UHFFFAOYSA-N,False
1,CC(=O)C1=CC2=C(C=C1)C(C)(C)C(C)C2(C)C,"InChI=1S/C16H22O/c1-10(17)12-7-8-13-14(9-12)16(5,6)11(2)15(13,3)4/h7-9,11H,1-6H3",DALKDFNESXMXHW-UHFFFAOYSA-N,False
1,CCCCCCCC(C=O)=CC1=CC=CC=C1,"InChI=1S/C16H22O/c1-2-3-4-5-7-12-16(14-17)13-15-10-8-6-9-11-15/h6,8-11,13-14H,2-5,7,12H2,1H3",VXDUTTLHVAAEFQ-UHFFFAOYSA-N,False
1,C=C(C)C1CCC(C)(C(=O)C2CCCC2=O)C1=C,"InChI=1S/C16H22O2/c1-10(2)12-8-9-16(4,11(12)3)15(18)13-6-5-7-14(13)17/h12-13H,1,3,5-9H2,2,4H3",YJGPAVJDRYYIKH-UHFFFAOYSA-N,False
1,CCCCCCCC=NC1=CC=CC=C1C(=O)OC,"InChI=1S/C16H23NO2/c1-3-4-5-6-7-10-13-17-15-12-9-8-11-14(15)16(18)19-2/h8-9,11-13H,3-7,10H2,1-2H3",YHXKDPQWWGRLRC-UHFFFAOYSA-N,False
1,C=CCCC(=O)C=CC1=C(C)CCCC1(C)C,"InChI=1S/C16H24O/c1-5-6-9-14(17)10-11-15-13(2)8-7-12-16(15,3)4/h5,10-11H,1,6-9,12H2,2-4H3",BAVPUWMUHDMCAA-UHFFFAOYSA-N,False
1,CC1=CC(OC=O)CC(C)C2CC(=C(C)C)CC12,"InChI=1S/C16H24O2/c1-10(2)13-7-15-11(3)5-14(18-9-17)6-12(4)16(15)8-13/h5,9,12,14-16H,6-8H2,1-4H3",DMDRCZJUQQXMNF-UHFFFAOYSA-N,False
1,CCCCCCCCC(=O)OCC1=CC=CC=C1,"InChI=1S/C16H24O2/c1-2-3-4-5-6-10-13-16(17)18-14-15-11-8-7-9-12-15/h7-9,11-12H,2-6,10,13-14H2,1H3",KVIQEJMWUXBBQJ-UHFFFAOYSA-N,False
1,CCCCCCCCOC(=O)CC1=CC=CC=C1,"InChI=1S/C16H24O2/c1-2-3-4-5-6-10-13-18-16(17)14-15-11-8-7-9-12-15/h7-9,11-12H,2-6,10,13-14H2,1H3",VGYPAVUJUMQTGE-UHFFFAOYSA-N,False
1,CCCCCCCCCOC(=O)C1=CC=CC=C1,"InChI=1S/C16H24O2/c1-2-3-4-5-6-7-11-14-18-16(17)15-12-9-8-10-13-15/h8-10,12-13H,2-7,11,14H2,1H3",VUHMHACHBVTPMF-UHFFFAOYSA-N,False
1,CCCCCCCC(=O)OCCC1=CC=CC=C1,"InChI=1S/C16H24O2/c1-2-3-4-5-9-12-16(17)18-14-13-15-10-7-6-8-11-15/h6-8,10-11H,2-5,9,12-14H2,1H3",ASETYIALRXDVDF-UHFFFAOYSA-N,False
1,CCCCCC(=CC1=CC=CC=C1)C(OC)OC,"InChI=1S/C16H24O2/c1-4-5-7-12-15(16(17-2)18-3)13-14-10-8-6-9-11-14/h6,8-11,13,16H,4-5,7,12H2,1-3H3",QCHZKUPVENJLAW-UHFFFAOYSA-N,False
1,CCCCCCCCCOC(=O)C1=CC=CC=C1N,"InChI=1S/C16H25NO2/c1-2-3-4-5-6-7-10-13-19-16(18)14-11-8-9-12-15(14)17/h8-9,11-12H,2-7,10,13,17H2,1H3",KXSLATJQCYFGPZ-UHFFFAOYSA-N,False
1,CC(=O)C1(C)CCC2=C(C1C)C(C)(C)CCC2,"InChI=1S/C16H26O/c1-11-14-13(7-6-9-15(14,3)4)8-10-16(11,5)12(2)17/h11H,6-10H2,1-5H3",YQYKESUTYHZAGG-UHFFFAOYSA-N,False
1,CC(=O)C1(C)CC2=C(CCCC2(C)C)CC1C,"InChI=1S/C16H26O/c1-11-9-13-7-6-8-15(3,4)14(13)10-16(11,5)12(2)17/h11H,6-10H2,1-5H3",FVUGZKDGWGKCFE-UHFFFAOYSA-N,False
1,CC1=C(C=CC(=O)CC(C)C)C(C)(C)CCC1,"InChI=1S/C16H26O/c1-12(2)11-14(17)8-9-15-13(3)7-6-10-16(15,4)5/h8-9,12H,6-7,10-11H2,1-5H3",FPKXWDQMJXGPPI-UHFFFAOYSA-N,False
1,CC1(C)CCC(CO)C23C4CC(CC412)C3(C)C,"InChI=1S/C16H26O/c1-13(2)6-5-10(9-17)16-12-7-11(14(16,3)4)8-15(12,13)16/h10-12,17H,5-9H2,1-4H3",SJFICIAGRWSYBO-UHFFFAOYSA-N,False
1,CC1CC(CC(=O)C2CCCC2=O)CC(C)(C)C1,"InChI=1S/C16H26O2/c1-11-7-12(10-16(2,3)9-11)8-15(18)13-5-4-6-14(13)17/h11-13H,4-10H2,1-3H3",JIJOZOBTAJWEID-UHFFFAOYSA-N,False
1,CC(C)COC(CC1=CC=CC=C1)OCC(C)C,"InChI=1S/C16H26O2/c1-13(2)11-17-16(18-12-14(3)4)10-15-8-6-5-7-9-15/h5-9,13-14,16H,10-12H2,1-4H3",IORFKGJOBOCHPX-UHFFFAOYSA-N,False
1,CCCCCCCCCC(=O)OCCC1=C(C)N=CS1,"InChI=1S/C16H27NO2S/c1-3-4-5-6-7-8-9-10-16(18)19-12-11-15-14(2)17-13-20-15/h13H,3-12H2,1-2H3",RUOLKIITSCGKJQ-UHFFFAOYSA-N,False
1,CC1C2CC(CC2C2CCC(O)CC2)C1(C)C,"InChI=1S/C16H28O/c1-10-14-8-12(16(10,2)3)9-15(14)11-4-6-13(17)7-5-11/h10-15,17H,4-9H2,1-3H3",PCFHYANYPQEMPU-UHFFFAOYSA-N,False
1,CC1C2CC(CC2C2CCCC(O)C2)C1(C)C,"InChI=1S/C16H28O/c1-10-14-8-12(16(10,2)3)9-15(14)11-5-4-6-13(17)7-11/h10-15,17H,4-9H2,1-3H3",BWVZAZPLUTUBKD-UHFFFAOYSA-N,False
1,CC1C2CCC(C3(O)CCCCC3)(C2)C1(C)C,"InChI=1S/C16H28O/c1-12-13-7-10-15(11-13,14(12,2)3)16(17)8-5-4-6-9-16/h12-13,17H,4-11H2,1-3H3",JMLPIRYUSKIOGR-UHFFFAOYSA-N,False
1,CC1(C)CCCC2(C)C1CCC1(C)OCCC12,"InChI=1S/C16H28O/c1-14(2)8-5-9-15(3)12(14)6-10-16(4)13(15)7-11-17-16/h12-13H,5-11H2,1-4H3",YPZUZOLGGMJZJO-UHFFFAOYSA-N,False
1,CC1(C)C2CCC(C3CCC(O)CC3)C1(C)C2,"InChI=1S/C16H28O/c1-15(2)12-6-9-14(16(15,3)10-12)11-4-7-13(17)8-5-11/h11-14,17H,4-10H2,1-3H3",DYAWFJGTISRTFV-UHFFFAOYSA-N,False
1,CC1(C)C2CCC1(C)C(C1CCC(O)CC1)C2,"InChI=1S/C16H28O/c1-15(2)12-8-9-16(15,3)14(10-12)11-4-6-13(17)7-5-11/h11-14,17H,4-10H2,1-3H3",LFHQKYSBKVWWOS-UHFFFAOYSA-N,False
1,C=CC(C)(CCC=C(C)C)OC(=O)CCCCC,"InChI=1S/C16H28O2/c1-6-8-9-12-15(17)18-16(5,7-2)13-10-11-14(3)4/h7,11H,2,6,8-10,12-13H2,1,3-5H3",ALKCLFLTXBBMMP-UHFFFAOYSA-N,False
1,O=C1CCCCC=CCCCCCCCCCO1,"InChI=1S/C16H28O2/c17-16-14-12-10-8-6-4-2-1-3-5-7-9-11-13-15-18-16/h4,6H,1-3,5,7-15H2",HMWPDRYGIBLSHB-UHFFFAOYSA-N,False
1,CC1CCCCCCCCCCCCC(=O)C1,"InChI=1S/C16H30O/c1-15-12-10-8-6-4-2-3-5-7-9-11-13-16(17)14-15/h15H,2-14H2,1H3",ALHUZKCOMYUFRB-UHFFFAOYSA-N,False
1,O=C1CCCCCCCCCCCCCCC1,InChI=1S/C16H30O/c17-16-14-12-10-8-6-4-2-1-3-5-7-9-11-13-15-16/h1-15H2,LXJDKGYSHYYKFJ-UHFFFAOYSA-N,False
1,CC(=O)OC(C)C(C)CC1C(C)CCCC1(C)C,"InChI=1S/C16H30O2/c1-11-8-7-9-16(5,6)15(11)10-12(2)13(3)18-14(4)17/h11-13,15H,7-10H2,1-6H3",URFHDVSDYWQMJU-UHFFFAOYSA-N,False
1,CCCCCCCCCCCC1CCCC(=O)O1,"InChI=1S/C16H30O2/c1-2-3-4-5-6-7-8-9-10-12-15-13-11-14-16(17)18-15/h15H,2-14H2,1H3",ZMJKQSSFLIFELJ-UHFFFAOYSA-N,False
1,CCCCCC(=O)OCCC(C)CCC=C(C)C,"InChI=1S/C16H30O2/c1-5-6-7-11-16(17)18-13-12-15(4)10-8-9-14(2)3/h9,15H,5-8,10-13H2,1-4H3",KNYRCCKTQMBSFP-UHFFFAOYSA-N,False
1,O=C1CCCCCCCCCCCCCCCO1,InChI=1S/C16H30O2/c17-16-14-12-10-8-6-4-2-1-3-5-7-9-11-13-15-18-16/h1-15H2,LOKPJYNMYCVCRM-UHFFFAOYSA-N,False
1,CCCCCC(O)CCCC(=O)OCC1COC(C)(C)O1,"InChI=1S/C16H30O5/c1-4-5-6-8-13(17)9-7-10-15(18)19-11-14-12-20-16(2,3)21-14/h13-14,17H,4-12H2,1-3H3",REYDYLGZGYQXQP-UHFFFAOYSA-N,False
1,CCCCCCCCCCCCCCC(C)=O,"InChI=1S/C16H32O/c1-3-4-5-6-7-8-9-10-11-12-13-14-15-16(2)17/h3-15H2,1-2H3",XCXKZBWAKKPFCJ-UHFFFAOYSA-N,False
1,CCCCCCCCCCCCCCOC(C)=O,"InChI=1S/C16H32O2/c1-3-4-5-6-7-8-9-10-11-12-13-14-15-18-16(2)17/h3-15H2,1-2H3",IOUUIFSIQMVYKP-UHFFFAOYSA-N,False
1,CCCCCCCCCCCCCC(=O)OCC,"InChI=1S/C16H32O2/c1-3-5-6-7-8-9-10-11-12-13-14-15-16(17)18-4-2/h3-15H2,1-2H3",MMKRHZKQPFCLLS-UHFFFAOYSA-N,False
1,CCCCCCCCCCCCOC(=O)CCC,"InChI=1S/C16H32O2/c1-3-5-6-7-8-9-10-11-12-13-15-18-16(17)14-4-2/h3-15H2,1-2H3",JEPXJYKYHMEESP-UHFFFAOYSA-N,False
1,CCCCCCCCCCCC(=O)OCCCC,"InChI=1S/C16H32O2/c1-3-5-7-8-9-10-11-12-13-14-16(17)18-15-6-4-2/h3-15H2,1-2H3",NDKYEUQMPZIGFN-UHFFFAOYSA-N,False
1,CCCCCCCCCOC(=O)CCCCCC,"InChI=1S/C16H32O2/c1-3-5-7-9-10-11-13-15-18-16(17)14-12-8-6-4-2/h3-15H2,1-2H3",XCQXSYSIKVLBKE-UHFFFAOYSA-N,False
1,CCCCCCCCC(=O)OCCCCCCC,"InChI=1S/C16H32O2/c1-3-5-7-9-10-12-14-16(17)18-15-13-11-8-6-4-2/h3-15H2,1-2H3",ARSLOAKOWGOSEX-UHFFFAOYSA-N,False
1,CCCCCCCCOC(=O)CCCCCCC,"InChI=1S/C16H32O2/c1-3-5-7-9-11-13-15-18-16(17)14-12-10-8-6-4-2/h3-15H2,1-2H3",DJNTZVRUYMHBTD-UHFFFAOYSA-N,False
1,CCCCCCCCCCCCOC(=O)C(C)C,"InChI=1S/C16H32O2/c1-4-5-6-7-8-9-10-11-12-13-14-18-16(17)15(2)3/h15H,4-14H2,1-3H3",LDPLLPONRGVDGK-UHFFFAOYSA-N,False
0,CCCCCCCCCCCCCCCC,"InChI=1S/C16H34/c1-3-5-7-9-11-13-15-16-14-12-10-8-6-4-2/h3-16H2,1-2H3",DCAYPVUWAIABOU-UHFFFAOYSA-N,False
1,CCCCCCCCCCCCCCCCO,"InChI=1S/C16H34O/c1-2-3-4-5-6-7-8-9-10-11-12-13-14-15-16-17/h17H,2-16H2,1H3",BXWNKGSJHAJOGX-UHFFFAOYSA-N,False
0,CCCCC(CC)COP(=O)(O)OCC(CC)CCCC,"InChI=1S/C16H35O4P/c1-5-9-11-15(7-3)13-19-21(17,18)20-14-16(8-4)12-10-6-2/h15-16H,5-14H2,1-4H3,(H,17,18)",SEGLCEQVOFDUPX-UHFFFAOYSA-N,False
0,N#CC1=CC=C(C(C2=CC=C(C#N)C=C2)N2C=NC=N2)C=C1,"InChI=1S/C17H11N5/c18-9-13-1-5-15(6-2-13)17(22-12-20-11-21-22)16-7-3-14(10-19)4-8-16/h1-8,11-12,17H",HPJKCIUCZWXJDR-UHFFFAOYSA-N,False
1,O=C(C1=CC=CC=C1)C1=CC2=CC=CC=C2C=C1,InChI=1S/C17H12O/c18-17(14-7-2-1-3-8-14)16-11-10-13-6-4-5-9-15(13)12-16/h1-12H,SJNXJRVDSTZUFB-UHFFFAOYSA-N,False
1,NC1=CC=CC=C1C(=O)OC1=CC2=CC=CC=C2C=C1,"InChI=1S/C17H13NO2/c18-16-8-4-3-7-15(16)17(19)20-14-10-9-12-5-1-2-6-13(12)11-14/h1-11H,18H2",YJFCKXVXEKHSEC-UHFFFAOYSA-N,False
1,O=C(CC1=CC=CC=C1)OCC=CC1=CC=CC=C1,"InChI=1S/C17H16O2/c18-17(14-16-10-5-2-6-11-16)19-13-7-12-15-8-3-1-4-9-15/h1-12H,13-14H2",SFXQCOMMEMBETJ-UHFFFAOYSA-N,False
1,C=CCC1=CC(OC)=C(OC(=O)C2=CC=CC=C2)C=C1,"InChI=1S/C17H16O3/c1-3-7-13-10-11-15(16(12-13)19-2)20-17(18)14-8-5-4-6-9-14/h3-6,8-12H,1,7H2,2H3",ZOGNBLKDKPCKGB-UHFFFAOYSA-N,False
1,CC(COC(=O)C1=CC=CC=C1)OC(=O)C1=CC=CC=C1,"InChI=1S/C17H16O4/c1-13(21-17(19)15-10-6-3-7-11-15)12-20-16(18)14-8-4-2-5-9-14/h2-11,13H,12H2,1H3",UMVMVEZHMZTUHD-UHFFFAOYSA-N,False
1,CC=CC1=CC(OC)=C(OCC2=CC=CC=C2)C=C1,"InChI=1S/C17H18O2/c1-3-7-14-10-11-16(17(12-14)18-2)19-13-15-8-5-4-6-9-15/h3-12H,13H2,1-2H3",YKSSSKBJDZDZTD-UHFFFAOYSA-N,False
1,C=CCC1=CC(OC)=C(OCC2=CC=CC=C2)C=C1,"InChI=1S/C17H18O2/c1-3-7-14-10-11-16(17(12-14)18-2)19-13-15-8-5-4-6-9-15/h3-6,8-12H,1,7,13H2,2H3",NSCLRALYUOMPCL-UHFFFAOYSA-N,False
1,O=C(CC1=CC=CC=C1)OCCCC1=CC=CC=C1,"InChI=1S/C17H18O2/c18-17(14-16-10-5-2-6-11-16)19-13-7-12-15-8-3-1-4-9-15/h1-6,8-11H,7,12-14H2",KBXZBPLAQDTVAW-UHFFFAOYSA-N,False
0,C1=CC=C(CN(CC2=NCCN2)C2=CC=CC=C2)C=C1,"InChI=1S/C17H19N3/c1-3-7-15(8-4-1)13-20(14-17-18-11-12-19-17)16-9-5-2-6-10-16/h1-10H,11-14H2,(H,18,19)",REYFJDPCWQRWAA-UHFFFAOYSA-N,False
0,COC1=C(NNC(=O)OC(C)C)C=C(C2=CC=CC=C2)C=C1,"InChI=1S/C17H20N2O3/c1-12(2)22-17(20)19-18-15-11-14(9-10-16(15)21-3)13-7-5-4-6-8-13/h4-12,18H,1-3H3,(H,19,20)",VHLKTXFWDRXILV-UHFFFAOYSA-N,False
0,CC1C(C2=CC=C(Cl)C=C2)SC(=O)N1C(=O)NC1CCCCC1,"InChI=1S/C17H21ClN2O2S/c1-11-15(12-7-9-13(18)10-8-12)23-17(22)20(11)16(21)19-14-5-3-2-4-6-14/h7-11,14-15H,2-6H2,1H3,(H,19,21)",XGWIJUOSCAQSSV-UHFFFAOYSA-N,False
0,CN(C)CCOC(C1=CC=CC=C1)C1=CC=CC=C1,"InChI=1S/C17H21NO/c1-18(2)13-14-19-17(15-9-5-3-6-10-15)16-11-7-4-8-12-16/h3-12,17H,13-14H2,1-2H3",ZZVUWRFHKOJYTH-UHFFFAOYSA-N,False
1,COC(=O)C1=CC=CC=C1N=CC1CCC(C)=CC1C,"InChI=1S/C17H21NO2/c1-12-8-9-14(13(2)10-12)11-18-16-7-5-4-6-15(16)17(19)20-3/h4-7,10-11,13-14H,8-9H2,1-3H3",GZMGSIZLVIFVKF-UHFFFAOYSA-N,False
1,CC(C)=CCCC(C)=CCOC(=O)C1=CC=CC=C1,"InChI=1S/C17H22O2/c1-14(2)8-7-9-15(3)12-13-19-17(18)16-10-5-4-6-11-16/h4-6,8,10-12H,7,9,13H2,1-3H3",YDVXYTIIPGKIJP-UHFFFAOYSA-N,False
1,CC1(C)C2CCC1(C)C(OC(=O)C1=CC=CC=C1)C2,"InChI=1S/C17H22O2/c1-16(2)13-9-10-17(16,3)14(11-13)19-15(18)12-7-5-4-6-8-12/h4-8,13-14H,9-11H2,1-3H3",FLOISDYCXINJOB-UHFFFAOYSA-N,False
1,C=CC(C)(CCC=C(C)C)OC(=O)C1=CC=CC=C1,"InChI=1S/C17H22O2/c1-5-17(4,13-9-10-14(2)3)19-16(18)15-11-7-6-8-12-15/h5-8,10-12H,1,9,13H2,2-4H3",BTJXBZZBBNNTOV-UHFFFAOYSA-N,False
1,CC1(C)C2CCC1(C)C(OC(=O)C1=CC=CC=C1O)C2,"InChI=1S/C17H22O3/c1-16(2)11-8-9-17(16,3)14(10-11)20-15(19)12-6-4-5-7-13(12)18/h4-7,11,14,18H,8-10H2,1-3H3",GAZVSNAEUUUDEK-UHFFFAOYSA-N,False
1,CC1=CCC(C(C)(C)OC(=O)C2=CC=CC=C2N)CC1,"InChI=1S/C17H23NO2/c1-12-8-10-13(11-9-12)17(2,3)20-16(19)14-6-4-5-7-15(14)18/h4-8,13H,9-11,18H2,1-3H3",UHUIKPAIJHOKNF-UHFFFAOYSA-N,False
1,C=CC(C)(CCC=C(C)C)OC(=O)C1=CC=CC=C1N,"InChI=1S/C17H23NO2/c1-5-17(4,12-8-9-13(2)3)20-16(19)14-10-6-7-11-15(14)18/h5-7,9-11H,1,8,12,18H2,2-4H3",WHIJSULEEDNKPD-UHFFFAOYSA-N,False
1,CC(=O)C1=CC2=C(C=C1C)C(C)(C)C(C)C2(C)C,"InChI=1S/C17H24O/c1-10-8-14-15(9-13(10)11(2)18)17(6,7)12(3)16(14,4)5/h8-9,12H,1-7H3",VDBHOHJWUDKDRW-UHFFFAOYSA-N,False
1,CC(=O)C1=C2CCC(C)(C)C2=CC(C(C)(C)C)=C1,"InChI=1S/C17H24O/c1-11(18)14-9-12(16(2,3)4)10-15-13(14)7-8-17(15,5)6/h9-10H,7-8H2,1-6H3",IKTHMQYJOWTSJO-UHFFFAOYSA-N,False
1,COC1=C(C=O)C(C)=CC2=C1C(C)(C)CCC2(C)C,"InChI=1S/C17H24O2/c1-11-9-13-14(15(19-6)12(11)10-18)17(4,5)8-7-16(13,2)3/h9-10H,7-8H2,1-6H3",WPUPOYSDTDHCGJ-UHFFFAOYSA-N,False
1,CC(C)=CCCC(C)CCOC(=O)C1=CC=CC=C1,"InChI=1S/C17H24O2/c1-14(2)8-7-9-15(3)12-13-19-17(18)16-10-5-4-6-11-16/h4-6,8,10-11,15H,7,9,12-13H2,1-3H3",UDPCCAUIDDVTEL-UHFFFAOYSA-N,False
1,CC1CCC(C(C)C)C(OC(=O)C2=CC=CC=C2N)C1,"InChI=1S/C17H25NO2/c1-11(2)13-9-8-12(3)10-16(13)20-17(19)14-6-4-5-7-15(14)18/h4-7,11-13,16H,8-10,18H2,1-3H3",SOXAGEOHPCXXIO-UHFFFAOYSA-N,False
1,CC(C)=CCCC(C)CCOC(=O)C1=CC=CC=C1N,"InChI=1S/C17H25NO2/c1-13(2)7-6-8-14(3)11-12-20-17(19)15-9-4-5-10-16(15)18/h4-5,7,9-10,14H,6,8,11-12,18H2,1-3H3",LSJVFMHIFWWGDY-UHFFFAOYSA-N,False
1,CCCCCCCCC=NC1=CC=CC=C1C(=O)OC,"InChI=1S/C17H25NO2/c1-3-4-5-6-7-8-11-14-18-16-13-10-9-12-15(16)17(19)20-2/h9-10,12-14H,3-8,11H2,1-2H3",KRMRLVKJOSLHQF-UHFFFAOYSA-N,False
1,CC(=O)C1=C(C)CCC=C(C)CCC=C(C)CC1,"InChI=1S/C17H26O/c1-13-7-5-8-14(2)11-12-17(16(4)18)15(3)10-6-9-13/h8-9H,5-7,10-12H2,1-4H3",ZZMIZQMLBCFMNI-UHFFFAOYSA-N,False
1,CC(=O)OC1C=C(C)C2CC(=C(C)C)CC2C(C)C1,"InChI=1S/C17H26O2/c1-10(2)14-8-16-11(3)6-15(19-13(5)18)7-12(4)17(16)9-14/h6,12,15-17H,7-9H2,1-5H3",UAVFEMBKDRODDE-UHFFFAOYSA-N,False
1,C=C1C2CCC(C2)C1(C)CCC=C(C)COC(C)=O,"InChI=1S/C17H26O2/c1-12(11-19-14(3)18)6-5-9-17(4)13(2)15-7-8-16(17)10-15/h6,15-16H,2,5,7-11H2,1,3-4H3",RCFGRZLLBGMERD-UHFFFAOYSA-N,False
1,CCCCCCCC(=O)CCC1=CC(OC)=C(O)C=C1,"InChI=1S/C17H26O3/c1-3-4-5-6-7-8-15(18)11-9-14-10-12-16(19)17(13-14)20-2/h10,12-13,19H,3-9,11H2,1-2H3",CZNLTCTYLMYLHL-UHFFFAOYSA-N,False
1,CCCCCCCCCCOC(=O)C1=CC=CC=C1N,"InChI=1S/C17H27NO2/c1-2-3-4-5-6-7-8-11-14-20-17(19)15-12-9-10-13-16(15)18/h9-10,12-13H,2-8,11,14,18H2,1H3",NMXZJPNAJUDMAC-UHFFFAOYSA-N,False
1,CC1CC(CC2C3CCC(C3)C2(C)C)CCC1=O,"InChI=1S/C17H28O/c1-11-8-12(4-7-16(11)18)9-15-13-5-6-14(10-13)17(15,2)3/h11-15H,4-10H2,1-3H3",TUCJTYGBRWODLS-UHFFFAOYSA-N,False
0,COC1OC(C(=O)O)C(OC2OC(C(=O)OCC(C)O)C(C)C(O)C2O)C(O)C1O,"InChI=1S/C17H28O13/c1-5(18)4-27-15(25)11-6(2)7(19)9(21)17(28-11)29-12-8(20)10(22)16(26-3)30-13(12)14(23)24/h5-13,16-22H,4H2,1-3H3,(H,23,24)",HDSBZMRLPLPFLQ-UHFFFAOYSA-N,False
1,CC(=O)OC(C)(C)C1CCC(C)C2=C(C1)C(C)CC2,"InChI=1S/C17H28O2/c1-11-6-8-14(17(4,5)19-13(3)18)10-16-12(2)7-9-15(11)16/h11-12,14H,6-10H2,1-5H3",DRFSOBZVMGLICQ-UHFFFAOYSA-N,False
1,CC(=O)OCC=C(C)CCC=C(C)CCC=C(C)C,"InChI=1S/C17H28O2/c1-14(2)8-6-9-15(3)10-7-11-16(4)12-13-19-17(5)18/h8,10,12H,6-7,9,11,13H2,1-5H3",ZGIGZINMAOQWLX-UHFFFAOYSA-N,False
1,C=C(C)C1CCC(C)=C1CC(C)(C)COC(=O)CC,"InChI=1S/C17H28O2/c1-7-16(18)19-11-17(5,6)10-15-13(4)8-9-14(15)12(2)3/h14H,2,7-11H2,1,3-6H3",RWSDULKUTPNPMB-UHFFFAOYSA-N,False
1,CCC(C)C1(C)COC(C2CCC(C)=CC2C)OC1,"InChI=1S/C17H30O2/c1-6-14(4)17(5)10-18-16(19-11-17)15-8-7-12(2)9-13(15)3/h9,13-16H,6-8,10-11H2,1-5H3",DASQRZJTRKBKPP-UHFFFAOYSA-N,False
1,O=C1CCCCCCCCCCCCCCCC1,InChI=1S/C17H32O/c18-17-15-13-11-9-7-5-3-1-2-4-6-8-10-12-14-16-17/h1-16H2,KBQDZEMXPBDNGH-UHFFFAOYSA-N,False
1,CCC(=O)OCC(C)(C)OC(C)C1CCCC(C)(C)C1,"InChI=1S/C17H32O3/c1-7-15(18)19-12-17(5,6)20-13(2)14-9-8-10-16(3,4)11-14/h13-14H,7-12H2,1-6H3",LSTSBZKIQFOPHA-UHFFFAOYSA-N,False
1,CCCCCCCCCCCCCCCC(=O)OC,"InChI=1S/C17H34O2/c1-3-4-5-6-7-8-9-10-11-12-13-14-15-16-17(18)19-2/h3-16H2,1-2H3",FLIACVVOZYBSBS-UHFFFAOYSA-N,False
1,CCCCCCCCCCCCCCC(=O)OCC,"InChI=1S/C17H34O2/c1-3-5-6-7-8-9-10-11-12-13-14-15-16-17(18)19-4-2/h3-16H2,1-2H3",PTEYJUIKYIKULL-UHFFFAOYSA-N,False
1,CCCCCCCCCCCC(=O)OCCCCC,"InChI=1S/C17H34O2/c1-3-5-7-8-9-10-11-12-13-15-17(18)19-16-14-6-4-2/h3-16H2,1-2H3",PQWBDPUBNMEITD-UHFFFAOYSA-N,False
1,CCCCCCCCCC(=O)OCCCCCCC,"InChI=1S/C17H34O2/c1-3-5-7-9-10-11-13-15-17(18)19-16-14-12-8-6-4-2/h3-16H2,1-2H3",MPLLSYWBBPPERF-UHFFFAOYSA-N,False
1,CCCCCCCCCOC(=O)CCCCCCC,"InChI=1S/C17H34O2/c1-3-5-7-9-10-12-14-16-19-17(18)15-13-11-8-6-4-2/h3-16H2,1-2H3",HSGQXSBXGSRINJ-UHFFFAOYSA-N,False
1,CCCCCCCCCCCCCC(=O)OC(C)C,"InChI=1S/C17H34O2/c1-4-5-6-7-8-9-10-11-12-13-14-15-17(18)19-16(2)3/h16H,4-15H2,1-3H3",AXISYYRBXTVTFY-UHFFFAOYSA-N,False
1,CCCCCCCCCCCC(=O)OCCC(C)C,"InChI=1S/C17H34O2/c1-4-5-6-7-8-9-10-11-12-13-17(18)19-15-14-16(2)3/h16H,4-15H2,1-3H3",FVKRIDSRWFEQME-UHFFFAOYSA-N,False
0,O=C1C2=CC=CC=C2C(=O)C1C1=NC2=C(S(=O)(=O)O)C=C(S(=O)(=O)O)C=C2C=C1,"InChI=1S/C18H11NO8S2/c20-17-11-3-1-2-4-12(11)18(21)15(17)13-6-5-9-7-10(28(22,23)24)8-14(16(9)19-13)29(25,26)27/h1-8,15H,(H,22,23,24)(H,25,26,27)",OESPFRYVCUTRKF-UHFFFAOYSA-N,False
0,ClC1=C(Cl)C2(Cl)C3CCC4C(CCC3C1(Cl)C2(Cl)Cl)C1(Cl)C(Cl)=C(Cl)C4(Cl)C1(Cl)Cl,"InChI=1S/C18H12Cl12/c19-9-10(20)15(25)7-3-4-8-6(2-1-5(7)13(9,23)17(15,27)28)14(24)11(21)12(22)16(8,26)18(14,29)30/h5-8H,1-4H2",UGQQAJOWXNCOPY-UHFFFAOYSA-N,False
0,O=C(NC1=CC=CC=C1C1=CC=C(Cl)C=C1)C1=C(Cl)N=CC=C1,"InChI=1S/C18H12Cl2N2O/c19-13-9-7-12(8-10-13)14-4-1-2-6-16(14)22-18(23)15-5-3-11-21-17(15)20/h1-11H,(H,22,23)",WYEMLYFITZORAB-UHFFFAOYSA-N,False
0,C1=CC=C(P(C2=CC=CC=C2)C2=CC=CC=C2)C=C1,InChI=1S/C18H15P/c1-4-10-16(11-5-1)19(17-12-6-2-7-13-17)18-14-8-3-9-15-18/h1-15H,RIOQSEWOXXDEQQ-UHFFFAOYSA-N,False
1,O=C(C=CC1=CC=CC=C1)OCC=CC1=CC=CC=C1,"InChI=1S/C18H16O2/c19-18(14-13-17-10-5-2-6-11-17)20-15-7-12-16-8-3-1-4-9-16/h1-14H,15H2",NQBWNECTZUOWID-UHFFFAOYSA-N,False
0,CCC(C1=CC=CC=C1)C1=C(O)C2=CC=CC=C2OC1=O,"InChI=1S/C18H16O3/c1-2-13(12-8-4-3-5-9-12)16-17(19)14-10-6-7-11-15(14)21-18(16)20/h3-11,13,19H,2H2,1H3",DQDAYGNAKTZFIW-UHFFFAOYSA-N,False
1,O=C(C=CC1=CC=CC=C1)OCCCC1=CC=CC=C1,"InChI=1S/C18H18O2/c19-18(14-13-17-10-5-2-6-11-17)20-15-7-12-16-8-3-1-4-9-16/h1-6,8-11,13-14H,7,12,15H2",LYRAHIUDQRJGGZ-UHFFFAOYSA-N,False
1,CC=CC1=CC(OC)=C(OC(=O)CC2=CC=CC=C2)C=C1,"InChI=1S/C18H18O3/c1-3-7-14-10-11-16(17(12-14)20-2)21-18(19)13-15-8-5-4-6-9-15/h3-12H,13H2,1-2H3",YYLCMLYMJHKLEJ-UHFFFAOYSA-N,False
1,C=CCC1=CC(OC)=C(OC(=O)CC2=CC=CC=C2)C=C1,"InChI=1S/C18H18O3/c1-3-7-14-10-11-16(17(12-14)20-2)21-18(19)13-15-8-5-4-6-9-15/h3-6,8-12H,1,7,13H2,2H3",JEEUACXJJPNYOL-UHFFFAOYSA-N,False
0,CC=C(C1=CC=C(O)C=C1)C(CC)C1=CC=C(O)C=C1,"InChI=1S/C18H20O2/c1-3-17(13-5-9-15(19)10-6-13)18(4-2)14-7-11-16(20)12-8-14/h3,5-12,18-20H,4H2,1-2H3",CEHDRGBLVBQUPH-UHFFFAOYSA-N,False
0,CN1CCN(C(C2=CC=CC=C2)C2=CC=CC=C2)CC1,"InChI=1S/C18H22N2/c1-19-12-14-20(15-13-19)18(16-8-4-2-5-9-16)17-10-6-3-7-11-17/h2-11,18H,12-15H2,1H3",UVKZSORBKUEBAZ-UHFFFAOYSA-N,False
0,CCC(C1=CC=C(O)C=C1)C(CC)C1=CC=C(O)C=C1,"InChI=1S/C18H22O2/c1-3-17(13-5-9-15(19)10-6-13)18(4-2)14-7-11-16(20)12-8-14/h5-12,17-20H,3-4H2,1-2H3",PBBGSZCBWVPOOL-UHFFFAOYSA-N,False
1,CC(C)=CCCC(C)=CCOC(=O)CC1=CC=CC=C1,"InChI=1S/C18H24O2/c1-15(2)8-7-9-16(3)12-13-20-18(19)14-17-10-5-4-6-11-17/h4-6,8,10-12H,7,9,13-14H2,1-3H3",UXAIJXIHZDZMSK-UHFFFAOYSA-N,False
1,CC1(C)C2CCC1(C)C(OC(=O)CC1=CC=CC=C1)C2,"InChI=1S/C18H24O2/c1-17(2)14-9-10-18(17,3)15(12-14)20-16(19)11-13-7-5-4-6-8-13/h4-8,14-15H,9-12H2,1-3H3",OVTUPLGIFCUERT-UHFFFAOYSA-N,False
1,C=CC(C)(CCC=C(C)C)OC(=O)CC1=CC=CC=C1,"InChI=1S/C18H24O2/c1-5-18(4,13-9-10-15(2)3)20-17(19)14-16-11-7-6-8-12-16/h5-8,10-12H,1,9,13-14H2,2-4H3",RROUXOOIXJRTOM-UHFFFAOYSA-N,False
0,CCCCOC(=O)COC(=O)C1=CC=CC=C1C(=O)OCCCC,"InChI=1S/C18H24O6/c1-3-5-11-22-16(19)13-24-18(21)15-10-8-7-9-14(15)17(20)23-12-6-4-2/h7-10H,3-6,11-13H2,1-2H3",GOJCZVPJCKEBQV-UHFFFAOYSA-N,False
1,COC(=O)C1=CC=CC=C1N=CCC(C)CCC=C(C)C,"InChI=1S/C18H25NO2/c1-14(2)8-7-9-15(3)12-13-19-17-11-6-5-10-16(17)18(20)21-4/h5-6,8,10-11,13,15H,7,9,12H2,1-4H3",FOIQCUQRLOGHEZ-UHFFFAOYSA-N,False
1,CCOC(=O)C1=CC=CC=C1NCC1CCC(C)=CC1C,"InChI=1S/C18H25NO2/c1-4-21-18(20)16-7-5-6-8-17(16)19-12-15-10-9-13(2)11-14(15)3/h5-8,11,14-15,19H,4,9-10,12H2,1-3H3",LMNKTHVCBXOUSI-UHFFFAOYSA-N,False
0,CCN(CC)CCCC(C)NC1=C2C=CC(Cl)=CC2=NC=C1,"InChI=1S/C18H26ClN3/c1-4-22(5-2)12-6-7-14(3)21-17-10-11-20-18-13-15(19)8-9-16(17)18/h8-11,13-14H,4-7,12H2,1-3H3,(H,20,21)",WHTVZRBIWZFKQO-UHFFFAOYSA-N,False
1,CC(=O)C1=CC2=C(C=C1C)C(C)(C)C(C)C2C(C)C,"InChI=1S/C18H26O/c1-10(2)17-12(4)18(6,7)16-8-11(3)14(13(5)19)9-15(16)17/h8-10,12,17H,1-7H3",IMRYETFJNLKUHK-UHFFFAOYSA-N,False
1,CC(=O)C1=CC2=C(C=C1C)C(C)(C)C(C)CC2(C)C,"InChI=1S/C18H26O/c1-11-8-16-15(9-14(11)13(3)19)17(4,5)10-12(2)18(16,6)7/h8-9,12H,10H2,1-7H3",DNRJTBAOUJJKDY-UHFFFAOYSA-N,False
1,CC1COCC2=CC3=C(C=C21)C(C)(C)C(C)C3(C)C,"InChI=1S/C18H26O/c1-11-9-19-10-13-7-15-16(8-14(11)13)18(5,6)12(2)17(15,3)4/h7-8,11-12H,9-10H2,1-6H3",ONKNPOPIGWHAQC-UHFFFAOYSA-N,False
1,CC1COCC2=CC3=C(C=C21)C(C)(C)CCC3(C)C,"InChI=1S/C18H26O/c1-12-10-19-11-13-8-15-16(9-14(12)13)18(4,5)7-6-17(15,2)3/h8-9,12H,6-7,10-11H2,1-5H3",HIEQGQHLWHRFOV-UHFFFAOYSA-N,False
1,CCC1=CC2=C(C=C1C(C)=O)C(C)(C)CCC2(C)C,"InChI=1S/C18H26O/c1-7-13-10-15-16(11-14(13)12(2)19)18(5,6)9-8-17(15,3)4/h10-11H,7-9H2,1-6H3",KSEZPRJUTHMFGZ-UHFFFAOYSA-N,False
1,C=C(C)CCCC(C)CCOC(=O)CC1=CC=CC=C1,"InChI=1S/C18H26O2/c1-15(2)8-7-9-16(3)12-13-20-18(19)14-17-10-5-4-6-11-17/h4-6,10-11,16H,1,7-9,12-14H2,2-3H3",SKZDJVXLRPCFQC-UHFFFAOYSA-N,False
1,CC(C)=CCCC(C)CCOC(=O)CC1=CC=CC=C1,"InChI=1S/C18H26O2/c1-15(2)8-7-9-16(3)12-13-20-18(19)14-17-10-5-4-6-11-17/h4-6,8,10-11,16H,7,9,12-14H2,1-3H3",CVJBFMVLVJZZMM-UHFFFAOYSA-N,False
0,CCCCCOC(=O)C1=CC=CC=C1C(=O)OCCCCC,"InChI=1S/C18H26O4/c1-3-5-9-13-21-17(19)15-11-7-8-12-16(15)18(20)22-14-10-6-4-2/h7-8,11-12H,3-6,9-10,13-14H2,1-2H3",IPKKHRVROFYTEK-UHFFFAOYSA-N,False
1,CCCCCCCCCC=NC1=CC=CC=C1C(=O)OC,"InChI=1S/C18H27NO2/c1-3-4-5-6-7-8-9-12-15-19-17-14-11-10-13-16(17)18(20)21-2/h10-11,13-15H,3-9,12H2,1-2H3",IKRROOGGEXPVSO-UHFFFAOYSA-N,False
1,COC(=O)C1=CC=CC=C1N=CCC(C)CCCC(C)(C)O,"InChI=1S/C18H27NO3/c1-14(8-7-12-18(2,3)21)11-13-19-16-10-6-5-9-15(16)17(20)22-4/h5-6,9-10,13-14,21H,7-8,11-12H2,1-4H3",BFBPISPWJZMWJN-UHFFFAOYSA-N,False
1,CC1CCC(C(C)C)C(C(=O)NCCC2=CC=CC=N2)C1,"InChI=1S/C18H28N2O/c1-13(2)16-8-7-14(3)12-17(16)18(21)20-11-9-15-6-4-5-10-19-15/h4-6,10,13-14,16-17H,7-9,11-12H2,1-3H3,(H,20,21)",WXABJFUNSDXVNH-UHFFFAOYSA-N,False
1,CC(C)CCCC(C)CCOC(=O)CC1=CC=CC=C1,"InChI=1S/C18H28O2/c1-15(2)8-7-9-16(3)12-13-20-18(19)14-17-10-5-4-6-11-17/h4-6,10-11,15-16H,7-9,12-14H2,1-3H3",ZLNHKBABSKKKMS-UHFFFAOYSA-N,False
1,CCCCCC(=CC1=CC=CC=C1)C(OCC)OCC,"InChI=1S/C18H28O2/c1-4-7-9-14-17(18(19-5-2)20-6-3)15-16-12-10-8-11-13-16/h8,10-13,15,18H,4-7,9,14H2,1-3H3",MPKOLWUWOADQCX-UHFFFAOYSA-N,False
1,CCC(=O)OC1C=C(C)C2CC(=C(C)C)CC2C(C)C1,"InChI=1S/C18H28O2/c1-6-18(19)20-15-7-12(4)16-9-14(11(2)3)10-17(16)13(5)8-15/h7,13,15-17H,6,8-10H2,1-5H3",ZXXZNGHSKXHZPG-UHFFFAOYSA-N,False
1,CC(=O)CCC=C(C)CCC=C(C)CCC=C(C)C,"InChI=1S/C18H30O/c1-15(2)9-6-10-16(3)11-7-12-17(4)13-8-14-18(5)19/h9,11,13H,6-8,10,12,14H2,1-5H3",LTUMRKDLVGQMJU-UHFFFAOYSA-N,False
1,CC(C)CCOC(CC1=CC=CC=C1)OCCC(C)C,"InChI=1S/C18H30O2/c1-15(2)10-12-19-18(20-13-11-16(3)4)14-17-8-6-5-7-9-17/h5-9,15-16,18H,10-14H2,1-4H3",SVLVFYGIGOCFCD-UHFFFAOYSA-N,False
1,C=CC(C)(CCC=C(C)CCC=C(C)C)OC(=O)CC,"InChI=1S/C18H30O2/c1-7-17(19)20-18(6,8-2)14-10-13-16(5)12-9-11-15(3)4/h8,11,13H,2,7,9-10,12,14H2,1,3-6H3",NPSBIIPKEQTFPA-UHFFFAOYSA-N,False
1,CC1C(C)(C)C2CCC3CC(C)(C)OC3C2C1(C)C,"InChI=1S/C18H32O/c1-11-17(4,5)13-9-8-12-10-16(2,3)19-15(12)14(13)18(11,6)7/h11-15H,8-10H2,1-7H3",HUYXPANWJVOYCI-UHFFFAOYSA-N,False
1,C=CC(C)(CCC=C(C)C)OC(=O)CCCCCCC,"InChI=1S/C18H32O2/c1-6-8-9-10-11-14-17(19)20-18(5,7-2)15-12-13-16(3)4/h7,13H,2,6,8-12,14-15H2,1,3-5H3",OJKMRECJBIPPRG-UHFFFAOYSA-N,False
1,CC(OC(C)(C)COC(=O)C1CC1)C1CCCC(C)(C)C1,"InChI=1S/C18H32O3/c1-13(15-7-6-10-17(2,3)11-15)21-18(4,5)12-20-16(19)14-8-9-14/h13-15H,6-12H2,1-5H3",BZLYOWSSNHNYKW-UHFFFAOYSA-N,False
1,CCCCCCCCC=CCCCCCCCC=O,"InChI=1S/C18H34O/c1-2-3-4-5-6-7-8-9-10-11-12-13-14-15-16-17-18-19/h9-10,18H,2-8,11-17H2,1H3",ZENZJGDPWWLORF-UHFFFAOYSA-N,False
1,CCCCCCCCCCCCCCC1CCC(=O)O1,"InChI=1S/C18H34O2/c1-2-3-4-5-6-7-8-9-10-11-12-13-14-17-15-16-18(19)20-17/h17H,2-16H2,1H3",GYDWWIHJZSCRGV-UHFFFAOYSA-N,False
1,CCCCCCCCCCCCCC1CCCC(=O)O1,"InChI=1S/C18H34O2/c1-2-3-4-5-6-7-8-9-10-11-12-14-17-15-13-16-18(19)20-17/h17H,2-16H2,1H3",VVLRVPJYFLFSQG-UHFFFAOYSA-N,False
1,CC(=O)CCCC(C)CCCC(C)CCCC(C)C,"InChI=1S/C18H36O/c1-15(2)9-6-10-16(3)11-7-12-17(4)13-8-14-18(5)19/h15-17H,6-14H2,1-5H3",WHWDWIHXSPCOKZ-UHFFFAOYSA-N,False
1,CCCCCCCCCCCCCCCCCC(=O)O,"InChI=1S/C18H36O2/c1-2-3-4-5-6-7-8-9-10-11-12-13-14-15-16-17-18(19)20/h2-17H2,1H3,(H,19,20)",QIQXTHQIDYTFRH-UHFFFAOYSA-N,False
0,CCCCCCCCCCCCCCCCCC(=O)[O-],"InChI=1S/C18H36O2/c1-2-3-4-5-6-7-8-9-10-11-12-13-14-15-16-17-18(19)20/h2-17H2,1H3,(H,19,20)/p-1",QIQXTHQIDYTFRH-UHFFFAOYSA-M,False
1,CCCCCCCCCCCCCCCC(=O)OCC,"InChI=1S/C18H36O2/c1-3-5-6-7-8-9-10-11-12-13-14-15-16-17-18(19)20-4-2/h3-17H2,1-2H3",XIRNKXNNONJFQO-UHFFFAOYSA-N,False
1,CCCCCCCCCCCCCC(=O)OCCCC,"InChI=1S/C18H36O2/c1-3-5-7-8-9-10-11-12-13-14-15-16-18(19)20-17-6-4-2/h3-17H2,1-2H3",DHAZIUXMHRHVMP-UHFFFAOYSA-N,False
1,CCCCCCCCCC(=O)OCCCCCCCC,"InChI=1S/C18H36O2/c1-3-5-7-9-11-12-14-16-18(19)20-17-15-13-10-8-6-4-2/h3-17H2,1-2H3",HRPZGPXWSVHWPB-UHFFFAOYSA-N,False
1,CCCCCCCCCOC(=O)CCCCCCCC,"InChI=1S/C18H36O2/c1-3-5-7-9-11-13-15-17-20-18(19)16-14-12-10-8-6-4-2/h3-17H2,1-2H3",WWDHABCVIVMHKP-UHFFFAOYSA-N,False
1,CCCCCCCCCCCCCCCCCC,"InChI=1S/C18H38/c1-3-5-7-9-11-13-15-17-18-16-14-12-10-8-6-4-2/h3-18H2,1-2H3",RZJRJXONCZWCBN-UHFFFAOYSA-N,False
1,CCCCCCCCCCCCCCCCCCO,"InChI=1S/C18H38O/c1-2-3-4-5-6-7-8-9-10-11-12-13-14-15-16-17-18-19/h19H,2-18H2,1H3",GLDOVTGHNKAZLK-UHFFFAOYSA-N,False
1,CCCCCCOC(CCCCC)OCCCCCC,"InChI=1S/C18H38O2/c1-4-7-10-13-16-19-18(15-12-9-6-3)20-17-14-11-8-5-2/h18H,4-17H2,1-3H3",JAMIQGJXDPTFJL-UHFFFAOYSA-N,False
0,CC(=O)CC(C1=CC=C([N+](=O)[O-])C=C1)C1=C(O)C2=CC=CC=C2OC1=O,"InChI=1S/C19H15NO6/c1-11(21)10-15(12-6-8-13(9-7-12)20(24)25)17-18(22)14-4-2-3-5-16(14)26-19(17)23/h2-9,15,22H,10H2,1H3",VABCILAOYCMVPS-UHFFFAOYSA-N,False
0,COC1=CC2=C(C=C1)N(C(=O)C1=CC=C(Cl)C=C1)C(C)=C2CC(=O)O,"InChI=1S/C19H16ClNO4/c1-11-15(10-18(22)23)16-9-14(25-2)7-8-17(16)21(11)19(24)12-3-5-13(20)6-4-12/h3-9H,10H2,1-2H3,(H,22,23)",CGIGDMFJXJATDK-UHFFFAOYSA-N,False
0,O=C1C2=CC=CC=C2OC(O)=C1C1CCCC2=CC=CC=C21,"InChI=1S/C19H16O3/c20-18-15-9-3-4-11-16(15)22-19(21)17(18)14-10-5-7-12-6-1-2-8-13(12)14/h1-4,6,8-9,11,14,21H,5,7,10H2",KIGBUEKEZHTCDR-UHFFFAOYSA-N,False
0,CC(=O)CC(C1=CC=CC=C1)C1=C(O)C2=CC=CC=C2OC1=O,"InChI=1S/C19H16O4/c1-12(20)11-15(13-7-3-2-4-8-13)17-18(21)14-9-5-6-10-16(14)23-19(17)22/h2-10,15,21H,11H2,1H3",PJVWKTKQMONHTI-UHFFFAOYSA-N,False
0,CC1COC(CN2C=NC=N2)(C2=C(Cl)C=C(OC3=CC=C(Cl)C=C3)C=C2)O1,"InChI=1S/C19H17Cl2N3O3/c1-13-9-25-19(27-13,10-24-12-22-11-23-24)17-7-6-16(8-18(17)21)26-15-4-2-14(20)3-5-15/h2-8,11-13H,9-10H2,1H3",BQYJATMQXGBDHF-UHFFFAOYSA-N,False
0,CC1=CC=C(OP(=O)(OC2=CC=CC=C2)OC2=CC=CC=C2)C=C1,"InChI=1S/C19H17O4P/c1-16-12-14-19(15-13-16)23-24(20,21-17-8-4-2-5-9-17)22-18-10-6-3-7-11-18/h2-15H,1H3",OJUZRFGUKHQNJX-UHFFFAOYSA-N,False
0,COC(=O)N(OC)C1=CC=CC=C1COC1=NN(C2=CC=C(Cl)C=C2)C=C1,"InChI=1S/C19H18ClN3O4/c1-25-19(24)23(26-2)17-6-4-3-5-14(17)13-27-18-11-12-22(21-18)16-9-7-15(20)8-10-16/h3-12H,13H2,1-2H3",HZRSNVGNWUDEFX-UHFFFAOYSA-N,False
0,CCCCOC(=O)C(C)OC1=CC=C(OC2=NC=C(C(F)(F)F)C=C2)C=C1,"InChI=1S/C19H20F3NO4/c1-3-4-11-25-18(24)13(2)26-15-6-8-16(9-7-15)27-17-10-5-14(12-23-17)19(20,21)22/h5-10,12-13H,3-4,11H2,1-2H3",VAIZTNZGPYBOGF-UHFFFAOYSA-N,False
0,CCCCC1=C(O)N(C2=CC=CC=C2)N(C2=CC=CC=C2)C1=O,"InChI=1S/C19H20N2O2/c1-2-3-14-17-18(22)20(15-10-6-4-7-11-15)21(19(17)23)16-12-8-5-9-13-16/h4-13,22H,2-3,14H2,1H3",PKYKNPLSFOKASK-UHFFFAOYSA-N,False
0,CCCCC1=C(O)N(C2=CC=C(O)C=C2)N(C2=CC=CC=C2)C1=O,"InChI=1S/C19H20N2O3/c1-2-3-9-17-18(23)20(14-7-5-4-6-8-14)21(19(17)24)15-10-12-16(22)13-11-15/h4-8,10-13,22,24H,2-3,9H2,1H3",GFMGHHYHOFNBHB-UHFFFAOYSA-N,False
0,CN(C)CCC=C1C2=CC=CC=C2COC2=CC=CC=C21,"InChI=1S/C19H21NO/c1-20(2)13-7-11-17-16-9-4-3-8-15(16)14-21-19-12-6-5-10-18(17)19/h3-6,8-12H,7,13-14H2,1-2H3",ODQWQRRAPPTVAG-UHFFFAOYSA-N,False
1,COC(=O)C1=CC=CC=C1N=CC(C)CC1=CC=C(OC)C=C1,"InChI=1S/C19H21NO3/c1-14(12-15-8-10-16(22-2)11-9-15)13-20-18-7-5-4-6-17(18)19(21)23-3/h4-11,13-14H,12H2,1-3H3",DCVGBQPSFNIPPI-UHFFFAOYSA-N,False
1,CC1=CCC(C(C)(C)OC(=O)C=CC2=CC=CC=C2)CC1,"InChI=1S/C19H24O2/c1-15-9-12-17(13-10-15)19(2,3)21-18(20)14-11-16-7-5-4-6-8-16/h4-9,11,14,17H,10,12-13H2,1-3H3",CKYQZYGVFMSSKH-UHFFFAOYSA-N,False
0,CC12CCC3C(CC=C4CC(=O)C=CC43C)C1CCC(=O)O2,"InChI=1S/C19H24O3/c1-18-9-7-13(20)11-12(18)3-4-14-15(18)8-10-19(2)16(14)5-6-17(21)22-19/h3,7,9,14-16H,4-6,8,10-11H2,1-2H3",HSRPJESMZTZQKG-UHFFFAOYSA-N,False
0,CC(C)(C)C1=CC=C(CSC2=C(Cl)C(=O)N(C(C)(C)C)N=C2)C=C1,"InChI=1S/C19H25ClN2OS/c1-18(2,3)14-9-7-13(8-10-14)12-24-15-11-21-22(19(4,5)6)17(23)16(15)20/h7-11H,12H2,1-6H3",DWFZBUWUXWZWKD-UHFFFAOYSA-N,False
0,CC(CCC1=CC=CC=C1)NC(C)C(O)C1=CC=C(O)C=C1,"InChI=1S/C19H25NO2/c1-14(8-9-16-6-4-3-5-7-16)20-15(2)19(22)17-10-12-18(21)13-11-17/h3-7,10-15,19-22H,8-9H2,1-2H3",PTGXAUBQBSGPKF-UHFFFAOYSA-N,False
0,CC(C)=CCN1CCC2(C)C3=C(C=CC(O)=C3)CC1C2C,"InChI=1S/C19H27NO/c1-13(2)7-9-20-10-8-19(4)14(3)18(20)11-15-5-6-16(21)12-17(15)19/h5-7,12,14,18,21H,8-11H2,1-4H3",VOKSWYLNZZRQPF-UHFFFAOYSA-N,False
1,CC1COC(C)(C2=CC3=C(C=C2)C(C)(C)CCC3(C)C)O1,"InChI=1S/C19H28O2/c1-13-12-20-19(6,21-13)14-7-8-15-16(11-14)18(4,5)10-9-17(15,2)3/h7-8,11,13H,9-10,12H2,1-6H3",JEPWTUCYPWOCQV-UHFFFAOYSA-N,False
1,CCCCCC(=CC1=CC=CC=C1)COC(=O)CC(C)C,"InChI=1S/C19H28O2/c1-4-5-7-12-18(14-17-10-8-6-9-11-17)15-21-19(20)13-16(2)3/h6,8-11,14,16H,4-5,7,12-13,15H2,1-3H3",RNKTVAMGERKTEZ-UHFFFAOYSA-N,False
1,CCCCCCCCCCCC(=O)OCC1=CC=CC=C1,"InChI=1S/C19H30O2/c1-2-3-4-5-6-7-8-9-13-16-19(20)21-17-18-14-11-10-12-15-18/h10-12,14-15H,2-9,13,16-17H2,1H3",QNRYOQRUGRVBRL-UHFFFAOYSA-N,False
1,CCCCCCCCCCCC(=O)OC1=CC=C(C)C=C1,"InChI=1S/C19H30O2/c1-3-4-5-6-7-8-9-10-11-12-19(20)21-18-15-13-17(2)14-16-18/h13-16H,3-12H2,1-2H3",GRSHNQARIXQRDQ-UHFFFAOYSA-N,False
1,CCC=CCC=CCC=CCCCCCCCC(=O)OC,"InChI=1S/C19H32O2/c1-3-4-5-6-7-8-9-10-11-12-13-14-15-16-17-18-19(20)21-2/h4-5,7-8,10-11H,3,6,9,12-18H2,1-2H3",DVWSXZIHSUZZKJ-UHFFFAOYSA-N,False
1,CCCCCCCC(=O)OCC(C)OC(=O)CCCCCCC,"InChI=1S/C19H36O4/c1-4-6-8-10-12-14-18(20)22-16-17(3)23-19(21)15-13-11-9-7-5-2/h17H,4-16H2,1-3H3",OVYMWJFNQQOJBU-UHFFFAOYSA-N,False
1,CCCCCCCCCCCCCCCCCC(=O)OC,"InChI=1S/C19H38O2/c1-3-4-5-6-7-8-9-10-11-12-13-14-15-16-17-18-19(20)21-2/h3-18H2,1-2H3",HPEUJPJOZXNMSJ-UHFFFAOYSA-N,False
1,CCCCCCCCCCCCCCCC(=O)OC(C)C,"InChI=1S/C19H38O2/c1-4-5-6-7-8-9-10-11-12-13-14-15-16-17-19(20)21-18(2)3/h18H,4-17H2,1-3H3",XUGNVMKQXJXZCD-UHFFFAOYSA-N,False
1,CCCCCCCCCCCCCCCCOC(=O)C(C)O,"InChI=1S/C19H38O3/c1-3-4-5-6-7-8-9-10-11-12-13-14-15-16-17-22-19(21)18(2)20/h18,20H,3-17H2,1-2H3",WUKXMJCZWYUIRZ-UHFFFAOYSA-N,False
0,CCCCCCCCCCCCCCCCCCC,"InChI=1S/C19H40/c1-3-5-7-9-11-13-15-17-19-18-16-14-12-10-8-6-4-2/h3-19H2,1-2H3",LQERIDTXQFOHKA-UHFFFAOYSA-N,False
0,C1=CC=C2C(=C1)C=C1C=CC3=CC=CC4=CC=C2C1=C34,InChI=1S/C20H12/c1-2-7-17-15(4-1)12-16-9-8-13-5-3-6-14-10-11-18(17)20(16)19(13)14/h1-12H,FMMWHPNWAFZXNH-UHFFFAOYSA-N,False
0,O=C1OC(C2=CC=C(O)C=C2)(C2=CC=C(O)C=C2)C2=CC=CC=C12,"InChI=1S/C20H14O4/c21-15-9-5-13(6-10-15)20(14-7-11-16(22)12-8-14)18-4-2-1-3-17(18)19(23)24-20/h1-12,21-22H",KJFMBFZCATUALV-UHFFFAOYSA-N,False
0,CC1=C2C=CC3=CC=CC=C3C2=C(C)C2=CC=CC=C21,"InChI=1S/C20H16/c1-13-16-8-5-6-9-17(16)14(2)20-18(13)12-11-15-7-3-4-10-19(15)20/h3-12H,1-2H3",ARSRBNBHOADGJU-UHFFFAOYSA-N,False
0,CON=C(C(=O)OC)C1=CC=CC=C1CON=C(C)C1=CC(C(F)(F)F)=CC=C1,"InChI=1S/C20H19F3N2O4/c1-13(14-8-6-9-16(11-14)20(21,22)23)24-29-12-15-7-4-5-10-17(15)18(25-28-3)19(26)27-2/h4-11H,12H2,1-3H3",ONCZDRURRATYFI-UHFFFAOYSA-N,False
0,C=CC1CN2CCC1CC2C(O)C1=CC=NC2=CC=C(OC)C=C21,"InChI=1S/C20H24N2O2/c1-3-13-12-22-9-7-14(13)10-19(22)20(23)16-6-8-21-18-5-4-15(24-2)11-17(16)18/h3-6,8,11,13-14,19-20,23H,1,7,9-10,12H2,2H3",LOUPRKONTZGTKE-UHFFFAOYSA-N,False
0,C#CC1(O)CCC2C3CC=C4CC(=O)CCC4C3CCC21C,"InChI=1S/C20H26O2/c1-3-20(22)11-9-18-17-6-4-13-12-14(21)5-7-15(13)16(17)8-10-19(18,20)2/h1,4,15-18,22H,5-12H2,2H3",QGQUHXSBTSDAML-UHFFFAOYSA-N,False
0,CC1(O)CCC2C3CC=C4CC(=O)CCC4(C)C3(F)C(O)CC21C,"InChI=1S/C20H29FO3/c1-17-8-6-13(22)10-12(17)4-5-15-14-7-9-19(3,24)18(14,2)11-16(23)20(15,17)21/h4,14-16,23-24H,5-11H2,1-3H3",WIMXESZJAILKCH-UHFFFAOYSA-N,False
0,CCCCOC1=NC2=CC=CC=C2C(C(=O)NCCN(CC)CC)=C1,"InChI=1S/C20H29N3O2/c1-4-7-14-25-19-15-17(16-10-8-9-11-18(16)22-19)20(24)21-12-13-23(5-2)6-3/h8-11,15H,4-7,12-14H2,1-3H3,(H,21,24)",PUFQVTATUTYEAL-UHFFFAOYSA-N,False
1,CC(C)C1=CC2=C(C=C1)C1(C)CCCC(C)(C)C1CC2,"InChI=1S/C20H30/c1-14(2)15-7-9-17-16(13-15)8-10-18-19(3,4)11-6-12-20(17,18)5/h7,9,13-14,18H,6,8,10-12H2,1-5H3",QUUCYKKMFLJLFS-UHFFFAOYSA-N,False
0,CCC1(O)CCC2C3CCC4=CCCCC4C3CCC21C,"InChI=1S/C20H32O/c1-3-20(21)13-11-18-17-9-8-14-6-4-5-7-15(14)16(17)10-12-19(18,20)2/h6,15-18,21H,3-5,7-13H2,1-2H3",AOXRBFRFYPMWLR-UHFFFAOYSA-N,False
1,C=CC(C)(O)CCC=C(C)CCC=C(C)CCC=C(C)C,"InChI=1S/C20H34O/c1-7-20(6,21)16-10-15-19(5)14-9-13-18(4)12-8-11-17(2)3/h7,11,13,15,21H,1,8-10,12,14,16H2,2-6H3",IQDXAJNQKSIPGB-UHFFFAOYSA-N,False
1,CCCCOC(=O)CC(CC(=O)OCCCC)(OC(C)=O)C(=O)OCCCC,"InChI=1S/C20H34O8/c1-5-8-11-25-17(22)14-20(28-16(4)21,19(24)27-13-10-7-3)15-18(23)26-12-9-6-2/h5-15H2,1-4H3",QZCLKYGREBVARF-UHFFFAOYSA-N,False
0,COCCNC(=O)CN(CCN(CCN(CC(=O)[O-])CC(=O)NCCOC)CC(=O)[O-])CC(=O)[O-],"InChI=1S/C20H37N5O10/c1-34-9-3-21-16(26)11-24(14-19(30)31)7-5-23(13-18(28)29)6-8-25(15-20(32)33)12-17(27)22-4-10-35-2/h3-15H2,1-2H3,(H,21,26)(H,22,27)(H,28,29)(H,30,31)(H,32,33)/p-3",AXFGWXLCWCNPHP-UHFFFAOYSA-K,False
1,CC(=CCO)CCCC(C)CCCC(C)CCCC(C)C,"InChI=1S/C20H40O/c1-17(2)9-6-10-18(3)11-7-12-19(4)13-8-14-20(5)15-16-21/h15,17-19,21H,6-14,16H2,1-5H3",BOTWFXYSPFMFNR-UHFFFAOYSA-N,False
1,C=CC(C)(O)CCCC(C)CCCC(C)CCCC(C)C,"InChI=1S/C20H40O/c1-7-20(6,21)16-10-15-19(5)14-9-13-18(4)12-8-11-17(2)3/h7,17-19,21H,1,8-16H2,2-6H3",KEVYVLWNCKMXJX-UHFFFAOYSA-N,False
1,CCCCCCCCCCCCCCCCCC(=O)OCC,"InChI=1S/C20H40O2/c1-3-5-6-7-8-9-10-11-12-13-14-15-16-17-18-19-20(21)22-4-2/h3-19H2,1-2H3",MVLVMROFTAUDAG-UHFFFAOYSA-N,False
1,CCCCCCCCCCCCCCCCCCCC,"InChI=1S/C20H42/c1-3-5-7-9-11-13-15-17-19-20-18-16-14-12-10-8-6-4-2/h3-20H2,1-2H3",CBFCDTFDPHXCNY-UHFFFAOYSA-N,False
0,O=C(NC(=O)C1=C(F)C=CC=C1F)NC1=C(F)C=C(OC2=C(Cl)C=C(C(F)(F)F)C=C2)C=C1,"InChI=1S/C21H11ClF6N2O3/c22-12-8-10(21(26,27)28)4-7-17(12)33-11-5-6-16(15(25)9-11)29-20(32)30-19(31)18-13(23)2-1-3-14(18)24/h1-9H,(H2,29,30,31,32)",RYLHNOVXKPXDIP-UHFFFAOYSA-N,False
0,CN(C)C1C(=O)C(C(N)=O)C(=O)C2(O)C(=O)C3C(=O)C4=C(O)C=CC(Cl)=C4C(O)C3CC12,"InChI=1S/C21H21ClN2O8/c1-24(2)14-7-5-6-10(16(27)12-9(25)4-3-8(22)11(12)15(6)26)18(29)21(7,32)19(30)13(17(14)28)20(23)31/h3-4,6-7,10,13-15,25-26,32H,5H2,1-2H3,(H2,23,31)",JHOHXJYRVSLQCB-UHFFFAOYSA-N,False
0,CC1=CC=CC=C1OP(=O)(OC1=CC=CC=C1C)OC1=CC=CC=C1C,"InChI=1S/C21H21O4P/c1-16-10-4-7-13-19(16)23-26(22,24-20-14-8-5-11-17(20)2)25-21-15-9-6-12-18(21)3/h4-15H,1-3H3",YSMRWXYRXBRSND-UHFFFAOYSA-N,False
0,COC1=C(OC)C=C(C(=CC(=O)N2CCOCC2)C2=CC=C(Cl)C=C2)C=C1,"InChI=1S/C21H22ClNO4/c1-25-19-8-5-16(13-20(19)26-2)18(15-3-6-17(22)7-4-15)14-21(24)23-9-11-27-12-10-23/h3-8,13-14H,9-12H2,1-2H3",QNBTYORWCCMPQP-UHFFFAOYSA-N,False
0,CCC(C)(C)C(=O)OC1=C(C2=C(Cl)C=C(Cl)C=C2)C(=O)OC12CCCCC2,"InChI=1S/C21H24Cl2O4/c1-4-20(2,3)19(25)26-17-16(14-9-8-13(22)12-15(14)23)18(24)27-21(17)10-6-5-7-11-21/h8-9,12H,4-7,10-11H2,1-3H3",DTDSAWVUFPGDMX-UHFFFAOYSA-N,False
0,CC(C)(C1=CC=C(OCC2CO2)C=C1)C1=CC=C(OCC2CO2)C=C1,"InChI=1S/C21H24O4/c1-21(2,15-3-7-17(8-4-15)22-11-19-13-24-19)16-5-9-18(10-6-16)23-12-20-14-25-20/h3-10,19-20H,11-14H2,1-2H3",LCFVJGUPQDGYKZ-UHFFFAOYSA-N,False
1,COC(=O)C1=CC=CC=C1N=CC(C)CC1=CC=C(C(C)C)C=C1,"InChI=1S/C21H25NO2/c1-15(2)18-11-9-17(10-12-18)13-16(3)14-22-20-8-6-5-7-19(20)21(23)24-4/h5-12,14-16H,13H2,1-4H3",GPMKWOCILXNQON-UHFFFAOYSA-N,False
1,COC1=C(OC)C=C(C=CC(=O)NCCC2=CC(OC)=C(OC)C=C2)C=C1,"InChI=1S/C21H25NO5/c1-24-17-8-5-15(13-19(17)26-3)7-10-21(23)22-12-11-16-6-9-18(25-2)20(14-16)27-4/h5-10,13-14H,11-12H2,1-4H3,(H,22,23)",OZNUPWACHHUIKC-UHFFFAOYSA-N,False
0,OCCN1CCN(CCCN2C3=CC=CC=C3SC3=C2C=C(Cl)C=C3)CC1,"InChI=1S/C21H26ClN3OS/c22-17-6-7-21-19(16-17)25(18-4-1-2-5-20(18)27-21)9-3-8-23-10-12-24(13-11-23)14-15-26/h1-2,4-7,16,26H,3,8-15H2",RGCVKNLCSQQDEP-UHFFFAOYSA-N,False
0,OC(CCCN1CCCCC1)(C1=CC=CC=C1)C1=CC=CC=C1,"InChI=1S/C21H27NO/c23-21(19-11-4-1-5-12-19,20-13-6-2-7-14-20)15-10-18-22-16-8-3-9-17-22/h1-2,4-7,11-14,23H,3,8-10,15-18H2",OGAKLTJNUQRZJU-UHFFFAOYSA-N,False
1,COC(=O)C1=CC=CC=C1N=CC1CC=C(CCC=C(C)C)CC1,"InChI=1S/C21H27NO2/c1-16(2)7-6-8-17-11-13-18(14-12-17)15-22-20-10-5-4-9-19(20)21(23)24-3/h4-5,7,9-11,15,18H,6,8,12-14H2,1-3H3",CORQKFQGCLVVJA-UHFFFAOYSA-N,False
0,CC(=O)C1CCC2C3=CC=C4CC(=O)CCC4(C)C3CCC12C,"InChI=1S/C21H28O2/c1-13(22)17-6-7-18-16-5-4-14-12-15(23)8-10-20(14,2)19(16)9-11-21(17,18)3/h4-5,17-19H,6-12H2,1-3H3",CCTOEXCQYMSSED-UHFFFAOYSA-N,False
0,C#CC1(O)CCC2C3CC=C4CC(=O)CCC4C3CCC21CC,"InChI=1S/C21H28O2/c1-3-20-11-9-17-16-8-6-15(22)13-14(16)5-7-18(17)19(20)10-12-21(20,23)4-2/h2,5,16-19,23H,3,6-13H2,1H3",LYRBZVWRTAFWPO-UHFFFAOYSA-N,False
1,COC(=O)C1=CC=CC=C1N=CC1CC=C(CCCC(C)(C)O)CC1,"InChI=1S/C21H29NO3/c1-21(2,24)14-6-7-16-10-12-17(13-11-16)15-22-19-9-5-4-8-18(19)20(23)25-3/h4-5,8-10,15,17,24H,6-7,11-14H2,1-3H3",HNLBOCGUTPSUHX-UHFFFAOYSA-N,False
0,CC(=O)C1CCC2C3CC=C4CC(=O)CCC4(C)C3CCC12C,"InChI=1S/C21H30O2/c1-13(22)17-6-7-18-16-5-4-14-12-15(23)8-10-20(14,2)19(16)9-11-21(17,18)3/h4,16-19H,5-12H2,1-3H3",MNRHZPCIEGLWGK-UHFFFAOYSA-N,False
0,CC1C=C2CC(=O)CCC2(C)C2CCC3(C)C(CCC3(C)O)C12,"InChI=1S/C21H32O2/c1-13-11-14-12-15(22)5-8-19(14,2)16-6-9-20(3)17(18(13)16)7-10-21(20,4)23/h11,13,16-18,23H,5-10,12H2,1-4H3",OCQIYDBQGXNBHK-UHFFFAOYSA-N,False
0,CC12CC(C=O)C(=O)CC1CCC1C2CCC2(C)C1CCC2(C)O,"InChI=1S/C21H32O3/c1-19-11-13(12-22)18(23)10-14(19)4-5-15-16(19)6-8-20(2)17(15)7-9-21(20,3)24/h12-17,24H,4-11H2,1-3H3",DLZUBMGMHUNDLF-UHFFFAOYSA-N,False
0,CCCCCCC(C)(C)C1=CC(O)=C(C2CCCC(O)C2)C=C1,"InChI=1S/C21H34O2/c1-4-5-6-7-13-21(2,3)17-11-12-19(20(23)15-17)16-9-8-10-18(22)14-16/h11-12,15-16,18,22-23H,4-10,13-14H2,1-3H3",ZWWRREXSUJTKNN-UHFFFAOYSA-N,False
1,CCCCCCCCCCCCCCCCCC(=O)OCC(O)CO,"InChI=1S/C21H42O4/c1-2-3-4-5-6-7-8-9-10-11-12-13-14-15-16-17-21(24)25-19-20(23)18-22/h20,22-23H,2-19H2,1H3",VBICKXHEKHSIBG-UHFFFAOYSA-N,False
1,CCCCCCCCCCCCCCCCCCCCC,"InChI=1S/C21H44/c1-3-5-7-9-11-13-15-17-19-21-20-18-16-14-12-10-8-6-4-2/h3-21H2,1-2H3",FNAZRRHPUDJQCJ-UHFFFAOYSA-N,False
0,ClC1=CC=CC=C1C(C1=CC=CC=C1)(C1=CC=CC=C1)N1C=CN=C1,"InChI=1S/C22H17ClN2/c23-21-14-8-7-13-20(21)22(25-16-15-24-17-25,18-9-3-1-4-10-18)19-11-5-2-6-12-19/h1-17H",VNFPBHJOKIVQEB-UHFFFAOYSA-N,False
0,CC1(C)C(C=C(Cl)Cl)C1C(=O)OC(C#N)C1=CC(OC2=CC=CC=C2)=CC=C1,"InChI=1S/C22H19Cl2NO3/c1-22(2)17(12-19(23)24)20(22)21(26)28-18(13-25)14-7-6-10-16(11-14)27-15-8-4-3-5-9-15/h3-12,17-18,20H,1-2H3",KAATUXNTWXVJKI-UHFFFAOYSA-N,False
0,O=C(CCCN1CC=C(N2C(=O)NC3=CC=CC=C32)CC1)C1=CC=C(F)C=C1,"InChI=1S/C22H22FN3O2/c23-17-9-7-16(8-10-17)21(27)6-3-13-25-14-11-18(12-15-25)26-20-5-2-1-4-19(20)24-22(26)28/h1-2,4-5,7-11H,3,6,12-15H2,(H,24,28)",RMEDXOLNCUSCGS-UHFFFAOYSA-N,False
0,CN(C)C1C(=O)C(C(N)=O)C(=O)C2(O)C(=O)C3C(=O)C4=C(C=CC=C4O)C(C)(O)C3CC12,"InChI=1S/C22H24N2O8/c1-21(31)8-5-4-6-11(25)12(8)16(26)13-9(21)7-10-15(24(2)3)17(27)14(20(23)30)19(29)22(10,32)18(13)28/h4-6,9-10,13-15,25,31-32H,7H2,1-3H3,(H2,23,30)",MUHBBHLZPHKTTR-UHFFFAOYSA-N,False
0,COC1=CC=C2C(=CC1=O)C(NC(C)=O)CCC1=CC(OC)=C(OC)C(OC)=C12,"InChI=1S/C22H25NO6/c1-12(24)23-16-8-6-13-10-19(27-3)21(28-4)22(29-5)20(13)14-7-9-18(26-2)17(25)11-15(14)16/h7,9-11,16H,6,8H2,1-5H3,(H,23,24)",IAKHMKGGTNLKSZ-UHFFFAOYSA-N,False
1,COC(=O)C1=CC=CC=C1N=CC(C)CC1=CC=C(C(C)(C)C)C=C1,"InChI=1S/C22H27NO2/c1-16(14-17-10-12-18(13-11-17)22(2,3)4)15-23-20-9-7-6-8-19(20)21(24)25-5/h6-13,15-16H,14H2,1-5H3",RBAUBIIMPLZNGC-UHFFFAOYSA-N,False
0,CCOC(=O)C1(C2=CC=CC=C2)CCN(CCC2=CC=C(N)C=C2)CC1,"InChI=1S/C22H28N2O2/c1-2-26-21(25)22(19-6-4-3-5-7-19)13-16-24(17-14-22)15-12-18-8-10-20(23)11-9-18/h3-11H,2,12-17,23H2,1H3",LKYQLAWMNBFNJT-UHFFFAOYSA-N,False
0,CC1CC2C3CC=C4CC(=O)C=CC4(C)C3(F)C(O)CC2(C)C1(O)C(=O)CO,"InChI=1S/C22H29FO5/c1-12-8-16-15-5-4-13-9-14(25)6-7-19(13,2)21(15,23)17(26)10-20(16,3)22(12,28)18(27)11-24/h4,6-7,12,15-17,24,26,28H,5,8-11H2,1-3H3",GJFCONYVAUNLKB-UHFFFAOYSA-N,False
0,CC(=O)C1(O)CCC2C3=CC(C)=C4CC(=O)CCC4(C)C3CCC21C,"InChI=1S/C22H30O3/c1-13-11-16-17(20(3)8-5-15(24)12-19(13)20)6-9-21(4)18(16)7-10-22(21,25)14(2)23/h11,17-18,25H,5-10,12H2,1-4H3",XFVQIVAAMLIGHF-UHFFFAOYSA-N,False
0,CC1=C2CC(=O)C=CC2(C)C2C(O)CC3(C)C(CCC3(O)C(=O)CO)C2C1,"InChI=1S/C22H30O5/c1-12-8-14-15-5-7-22(27,18(26)11-23)21(15,3)10-17(25)19(14)20(2)6-4-13(24)9-16(12)20/h4,6,14-15,17,19,23,25,27H,5,7-11H2,1-3H3",ZABDAGALHQDSEU-UHFFFAOYSA-N,False
0,CCCCCCCOC(=O)C1=CC=CC=C1C(=O)OCCCCCCC,"InChI=1S/C22H34O4/c1-3-5-7-9-13-17-25-21(23)19-15-11-12-16-20(19)22(24)26-18-14-10-8-6-4-2/h11-12,15-16H,3-10,13-14,17-18H2,1-2H3",JQCXWCOOWVGKMT-UHFFFAOYSA-N,False
0,CCCCC(CC)COC(=O)CCCCC(=O)OCC(CC)CCCC,"InChI=1S/C22H42O4/c1-5-9-13-19(7-3)17-25-21(23)15-11-12-16-22(24)26-18-20(8-4)14-10-6-2/h19-20H,5-18H2,1-4H3",SAOKZLXYCUGLFA-UHFFFAOYSA-N,False
1,CCCCCCCCCCCCCCCCCC(=O)OCC(C)C,"InChI=1S/C22H44O2/c1-4-5-6-7-8-9-10-11-12-13-14-15-16-17-18-19-22(23)24-20-21(2)3/h21H,4-20H2,1-3H3",ORFWYUFLWUWSFM-UHFFFAOYSA-N,False
1,CCCCCCCCCCCCCCCCCCCCCC,"InChI=1S/C22H46/c1-3-5-7-9-11-13-15-17-19-21-22-20-18-16-14-12-10-8-6-4-2/h3-22H2,1-2H3",HOWGUJZVBDQJKV-UHFFFAOYSA-N,False
0,O=C1C2=CC=CC=C2C(=O)C1C(=O)C(C1=CC=CC=C1)C1=CC=C(Cl)C=C1,"InChI=1S/C23H15ClO3/c24-16-12-10-15(11-13-16)19(14-6-2-1-3-7-14)23(27)20-21(25)17-8-4-5-9-18(17)22(20)26/h1-13,19-20H",UDHXJZHVNHGCEC-UHFFFAOYSA-N,False
0,O=C1C2=CC=CC=C2C(=O)C1C(=O)C(C1=CC=CC=C1)C1=CC=CC=C1,"InChI=1S/C23H16O3/c24-21-17-13-7-8-14-18(17)22(25)20(21)23(26)19(15-9-3-1-4-10-15)16-11-5-2-6-12-16/h1-14,19-20H",JYGLAHSAISAEAL-UHFFFAOYSA-N,False
0,COC1=CC=C(C(Cl)=C(C2=CC=C(OC)C=C2)C2=CC=C(OC)C=C2)C=C1,"InChI=1S/C23H21ClO3/c1-25-19-10-4-16(5-11-19)22(17-6-12-20(26-2)13-7-17)23(24)18-8-14-21(27-3)15-9-18/h4-15H,1-3H3",BFPSDSIWYFKGBC-UHFFFAOYSA-N,False
0,CCCCN1C=C(C(=O)C2=CC=CC3=CC=CC=C32)C2=CC=CC=C21,"InChI=1S/C23H21NO/c1-2-3-15-24-16-21(19-12-6-7-14-22(19)24)23(25)20-13-8-10-17-9-4-5-11-18(17)20/h4-14,16H,2-3,15H2,1H3",VCHHHSMPMLNVGS-UHFFFAOYSA-N,False
0,COC1=CC(N)=C(Cl)C=C1C(=O)NC1CCN(CCCOC2=CC=C(F)C=C2)CC1OC,"InChI=1S/C23H29ClFN3O4/c1-30-21-13-19(26)18(24)12-17(21)23(29)27-20-8-10-28(14-22(20)31-2)9-3-11-32-16-6-4-15(25)5-7-16/h4-7,12-13,20,22H,3,8-11,14,26H2,1-2H3,(H,27,29)",DCSUBABJRXZOMT-UHFFFAOYSA-N,False
0,CC(=O)OC1(C(C)=O)CCC2C3=CC(Cl)=C4CC(=O)CCC4(C)C3CCC21C,"InChI=1S/C23H29ClO4/c1-13(25)23(28-14(2)26)10-7-18-16-12-20(24)19-11-15(27)5-8-21(19,3)17(16)6-9-22(18,23)4/h12,17-18H,5-11H2,1-4H3",GBFMXJIPEWEABS-UHFFFAOYSA-N,False
0,CN1CCN(CCC=C2C3=CC=CC=C3SC3=C2C=C(S(=O)(=O)N(C)C)C=C3)CC1,"InChI=1S/C23H29N3O2S2/c1-24(2)30(27,28)18-10-11-23-21(17-18)19(20-7-4-5-9-22(20)29-23)8-6-12-26-15-13-25(3)14-16-26/h4-5,7-11,17H,6,12-16H2,1-3H3",GFBKORZTTCHDGY-UHFFFAOYSA-N,False
0,CCC1=CC(C)=CC(CC)=C1C1=C(OC(=O)C(C)(C)C)N2CCOCCN2C1=O,"InChI=1S/C23H32N2O4/c1-7-16-13-15(3)14-17(8-2)18(16)19-20(26)24-9-11-28-12-10-25(24)21(19)29-22(27)23(4,5)6/h13-14H,7-12H2,1-6H3",MGOHCFMYLBAPRN-UHFFFAOYSA-N,False
1,CCCCCCCCCCCCCCCCCCCCC(C)C,"InChI=1S/C23H48/c1-4-5-6-7-8-9-10-11-12-13-14-15-16-17-18-19-20-21-22-23(2)3/h23H,4-22H2,1-3H3",AISQJRLSHDWVGU-UHFFFAOYSA-N,False
0,C1=CC=C2C(=C1)C=C1C=CC3=CC=CC4=C5C=CC=CC5=C2C1=C34,InChI=1S/C24H14/c1-2-8-18-16(6-1)14-17-13-12-15-7-5-11-20-19-9-3-4-10-21(19)24(18)23(17)22(15)20/h1-14H,JNTHRSHGARDABO-UHFFFAOYSA-N,False
0,C1=CC=C2C(=C1)C=C1C=CC3=C4C=CC=CC4=CC4=CC=C2C1=C43,InChI=1S/C24H14/c1-3-7-19-15(5-1)13-17-9-12-22-20-8-4-2-6-16(20)14-18-10-11-21(19)23(17)24(18)22/h1-14H,RXUSYFJGDZFVND-UHFFFAOYSA-N,False
0,C1=CC=C2C(=C1)OC1=CC=CC=C1[As]2O[As]1C2=CC=CC=C2OC2=CC=CC=C21,InChI=1S/C24H16As2O3/c1-5-13-21-17(9-1)25(18-10-2-6-14-22(18)27-21)29-26-19-11-3-7-15-23(19)28-24-16-8-4-12-20(24)26/h1-16H,VCRZAKVGPJFABU-UHFFFAOYSA-N,False
1,O=C(OCC(COC(=O)C1=CC=CC=C1)OC(=O)C1=CC=CC=C1)C1=CC=CC=C1,"InChI=1S/C24H20O6/c25-22(18-10-4-1-5-11-18)28-16-21(30-24(27)20-14-8-3-9-15-20)17-29-23(26)19-12-6-2-7-13-19/h1-15,21H,16-17H2",HIZCTWCPHWUPFU-UHFFFAOYSA-N,False
0,CCCCCN1C=C(C(=O)C2=CC=CC3=CC=CC=C32)C2=CC=CC=C21,"InChI=1S/C24H23NO/c1-2-3-8-16-25-17-22(20-13-6-7-15-23(20)25)24(26)21-14-9-11-18-10-4-5-12-19(18)21/h4-7,9-15,17H,2-3,8,16H2,1H3",JDNLPKCAXICMBW-UHFFFAOYSA-N,False
0,[2H]C([2H])([2H])OC(=O)C1C=C2CC(=O)CCC2(C)C23OC2CC2(C)C(CCC24CCC(=O)O4)C13,"InChI=1S/C24H30O6/c1-21-7-4-14(25)10-13(21)11-15(20(27)28-3)19-16-5-8-23(9-6-18(26)30-23)22(16,2)12-17-24(19,21)29-17/h11,15-17,19H,4-10,12H2,1-3H3/i3D3",FGDFBDMCHJUKLV-HPRDVNIFSA-N,False
0,O=C(C1=CC=CC2=CC=CC=C21)C1=CN(CCN2CCOCC2)C2=CC=CC=C12,"InChI=1S/C25H24N2O2/c28-25(22-10-5-7-19-6-1-2-8-20(19)22)23-18-27(24-11-4-3-9-21(23)24)13-12-26-14-16-29-17-15-26/h1-11,18H,12-17H2",SZWYXJHTNGJPKU-UHFFFAOYSA-N,False
1,CCCCCCCCC=CCCCCCCCC(=O)OCC(COC(C)=O)OC(C)=O,"InChI=1S/C25H44O6/c1-4-5-6-7-8-9-10-11-12-13-14-15-16-17-18-19-25(28)30-21-24(31-23(3)27)20-29-22(2)26/h11-12,24H,4-10,13-21H2,1-3H3",KXLSJQTXSAYFDL-UHFFFAOYSA-N,False
0,CCCCC(CC)COC(=O)CCCCCCCC(=O)OCC(CC)CCCC,"InChI=1S/C25H48O4/c1-5-9-16-22(7-3)20-28-24(26)18-14-12-11-13-15-19-25(27)29-21-23(8-4)17-10-6-2/h22-23H,5-21H2,1-4H3",ZDWGXBPVPXVXMQ-UHFFFAOYSA-N,False
0,CC(C)CCCCCCOC(=O)C1CCCCC1C(=O)OCCCCCCC(C)C,"InChI=1S/C26H48O4/c1-21(2)15-9-5-7-13-19-29-25(27)23-17-11-12-18-24(23)26(28)30-20-14-8-6-10-16-22(3)4/h21-24H,5-20H2,1-4H3",HORIEOQXBKUKGQ-UHFFFAOYSA-N,False
1,CCCCCCCCCCCC(=O)OCCOCC(OCCO)C1OCC(OCCO)C1OCCO,"InChI=1S/C26H50O10/c1-2-3-4-5-6-7-8-9-10-11-24(30)34-19-18-31-20-22(32-15-12-27)26-25(35-17-14-29)23(21-36-26)33-16-13-28/h22-23,25-29H,2-21H2,1H3",HMFKFHLTUCJZJO-UHFFFAOYSA-N,False
1,CC(C)=CCCC(C)=CCOC(CC1=CC=CC=C1)OCC=C(C)CCC=C(C)C,"InChI=1S/C28H42O2/c1-23(2)12-10-14-25(5)18-20-29-28(22-27-16-8-7-9-17-27)30-21-19-26(6)15-11-13-24(3)4/h7-9,12-13,16-19,28H,10-11,14-15,20-22H2,1-6H3",KJTMVMCIPAJMOH-UHFFFAOYSA-N,False
0,C=C1CCC(O)CC1=CC=C1CCCC2(C)C1CCC2C(C)C=CC(C)C(C)C,"InChI=1S/C28H44O/c1-19(2)20(3)9-10-22(5)26-15-16-27-23(8-7-17-28(26,27)6)12-13-24-18-25(29)14-11-21(24)4/h9-10,12-13,19-20,22,25-27,29H,4,7-8,11,14-18H2,1-3,5-6H3",MECHNRXZTMCUDQ-UHFFFAOYSA-N,False
0,CC1CCC(O)CC1=CC=C1CCCC2(C)C1CCC2C(C)C=CC(C)C(C)C,"InChI=1S/C28H46O/c1-19(2)20(3)9-10-22(5)26-15-16-27-23(8-7-17-28(26,27)6)12-13-24-18-25(29)14-11-21(24)4/h9-10,12-13,19-22,25-27,29H,7-8,11,14-18H2,1-6H3",ILYCWAKSDCYMBB-UHFFFAOYSA-N,False
0,CCOCC1OC(OC)C(OCC)C(OCC)C1OC1OC(COC)C(OC2OC(CO)C(OC)C(O)C2O)C(OC)C1OC,"InChI=1S/C29H54O16/c1-9-38-14-17-22(24(39-10-2)26(40-11-3)28(37-8)42-17)45-29-25(36-7)23(35-6)21(16(43-29)13-33-4)44-27-19(32)18(31)20(34-5)15(12-30)41-27/h15-32H,9-14H2,1-8H3",QOWAMIUFBNBINS-UHFFFAOYSA-N,False
0,FC(F)(F)C(F)(Cl)Cl,"InChI=1S/C2Cl2F4/c3-1(4,5)2(6,7)8",BAMUEXIPKSRTBS-UHFFFAOYSA-N,False
0,FC(F)(Cl)C(F)(F)Cl,"InChI=1S/C2Cl2F4/c3-1(5,6)2(4,7)8",DDMOUSALMHHKOS-UHFFFAOYSA-N,False
0,FC(F)(F)C(Cl)(Cl)Cl,"InChI=1S/C2Cl3F3/c3-1(4,5)2(6,7)8",BOSAWIQFTJIYIS-UHFFFAOYSA-N,False
0,FC(F)=C(F)F,InChI=1S/C2F4/c3-1(4)2(5)6,BFKJFAAPBSQJPD-UHFFFAOYSA-N,False
0,C=C(F)F,InChI=1S/C2H2F2/c1-2(3)4/h1H2,BQCIDUSAKPWEOX-UHFFFAOYSA-N,False
0,O=C(O)C(=O)O,"InChI=1S/C2H2O4/c3-1(4)2(5)6/h(H,3,4)(H,5,6)",MUBZPKHOEPUJKR-UHFFFAOYSA-N,False
0,C=CCl,"InChI=1S/C2H3Cl/c1-2-3/h2H,1H2",BZHJMEDXRYGGRV-UHFFFAOYSA-N,False
0,CC(F)(F)Cl,"InChI=1S/C2H3ClF2/c1-2(3,4)5/h1H3",BHNZEZWIUMJCGF-UHFFFAOYSA-N,False
0,N#CCO,"InChI=1S/C2H3NO/c3-1-2-4/h4H,2H2",LTYRAPJYLUPLCI-UHFFFAOYSA-N,False
1,CN=C=S,InChI=1S/C2H3NS/c1-3-2-4/h1H3,LGDSHSYDSCRFAB-UHFFFAOYSA-N,False
1,CSC#N,InChI=1S/C2H3NS/c1-4-2-3/h1H3,VYHVQEYOFIYNJP-UHFFFAOYSA-N,False
0,CC(F)F,"InChI=1S/C2H4F2/c1-2(3)4/h2H,1H3",NPNPZTNLOVBDOC-UHFFFAOYSA-N,False
0,O=[N+]([O-])OCCO[N+](=O)[O-],InChI=1S/C2H4N2O6/c5-3(6)9-1-2-10-4(7)8/h1-2H2,UQXKXGWGFRWILX-UHFFFAOYSA-N,False
0,N#CN=C(N)N,"InChI=1S/C2H4N4/c3-1-6-2(4)5/h(H4,4,5,6)",QGBSISYHAICWAH-UHFFFAOYSA-N,False
0,NC1=NNC=N1,"InChI=1S/C2H4N4/c3-2-4-1-5-6-2/h1H,(H3,3,4,5,6)",KLSJWNVTNUYHDU-UHFFFAOYSA-N,False
0,C1CO1,InChI=1S/C2H4O/c1-2-3-1/h1-2H2,IAYPIBMASNFSPL-UHFFFAOYSA-N,False
1,CC(=O)O,"InChI=1S/C2H4O2/c1-2(3)4/h1H3,(H,3,4)",QTBSBXVTEAMEQO-UHFFFAOYSA-N,False
1,COC=O,"InChI=1S/C2H4O2/c1-4-2-3/h2H,1H3",TZIHFWKZFHZASV-UHFFFAOYSA-N,False
0,O=C(O)CO,"InChI=1S/C2H4O3/c3-1-2(4)5/h3H,1H2,(H,4,5)",AEMRFAOFKBGASW-UHFFFAOYSA-N,False
1,CC(=O)S,"InChI=1S/C2H4OS/c1-2(3)4/h1H3,(H,3,4)",DUYAAUVXQSMXQP-UHFFFAOYSA-N,False
1,O=CCS,"InChI=1S/C2H4OS/c3-1-2-4/h1,4H,2H2",FLJWVVUJGVNXMZ-UHFFFAOYSA-N,False
1,C1SSCSSS1,InChI=1S/C2H4S5/c1-3-4-2-6-7-5-1/h1-2H2,DZKOKXZNCDGVRY-UHFFFAOYSA-N,False
0,NC(=O)NC(N)=O,"InChI=1S/C2H5N3O2/c3-1(6)5-2(4)7/h(H5,3,4,5,6,7)",OHJMTUPIZMNBFR-UHFFFAOYSA-N,False
0,CC(N)=O,"InChI=1S/C2H5NO/c1-2(3)4/h1H3,(H2,3,4)",DLFVBJFMPXGRIB-UHFFFAOYSA-N,False
1,CCON=O,"InChI=1S/C2H5NO2/c1-2-5-3-4/h2H2,1H3",QQZWEECEMNQSTG-UHFFFAOYSA-N,False
0,NCC(=O)O,"InChI=1S/C2H5NO2/c3-1-2(4)5/h1,3H2,(H,4,5)",DHMQDGOQFOQNFH-UHFFFAOYSA-N,False
0,CCOP(=O)=O,"InChI=1S/C2H5O3P/c1-2-5-6(3)4/h2H2,1H3",ZUNGGJHBMLMRFJ-UHFFFAOYSA-N,False
1,CCO,"InChI=1S/C2H6O/c1-2-3/h3H,2H2,1H3",LFQSCWFLJHTTHZ-UHFFFAOYSA-N,False
0,OCCO,"InChI=1S/C2H6O2/c3-1-2-4/h3-4H,1-2H2",LYCAIKOWRPUZTN-UHFFFAOYSA-N,False
1,CSS(C)(=O)=O,"InChI=1S/C2H6O2S2/c1-5-6(2,3)4/h1-2H3",XYONNSVDNIRXKZ-UHFFFAOYSA-N,False
1,C[S+](C)[O-],InChI=1S/C2H6OS/c1-4(2)3/h1-2H3,IAZDPXIOMUYVGZ-UHFFFAOYSA-N,False
1,CCS,"InChI=1S/C2H6S/c1-2-3/h3H,2H2,1H3",DNJIEGIFACGWOD-UHFFFAOYSA-N,False
1,CSC,InChI=1S/C2H6S/c1-3-2/h1-2H3,QMMFVYPAHWMCMS-UHFFFAOYSA-N,False
1,CC(S)S,"InChI=1S/C2H6S2/c1-2(3)4/h2-4H,1H3",DHBXNPKRAUYBTH-UHFFFAOYSA-N,False
1,CSSC,InChI=1S/C2H6S2/c1-3-4-2/h1-2H3,WQOXQRCZOLPYPM-UHFFFAOYSA-N,False
1,CSCS,"InChI=1S/C2H6S2/c1-4-2-3/h3H,2H2,1H3",IXBUFAUQDFHNGI-UHFFFAOYSA-N,False
1,SCCS,"InChI=1S/C2H6S2/c3-1-2-4/h3-4H,1-2H2",VYMPLPIFKRHAAC-UHFFFAOYSA-N,False
1,CSSSC,InChI=1S/C2H6S3/c1-3-5-4-2/h1-2H3,YWHLKYXPLRWGSE-UHFFFAOYSA-N,False
1,CSSSSC,InChI=1S/C2H6S4/c1-3-5-6-4-2/h1-2H3,NPNIZCVKXVRCHF-UHFFFAOYSA-N,False
0,C[As](C)(=O)O,"InChI=1S/C2H7AsO2/c1-3(2,4)5/h1-2H3,(H,4,5)",OGGXGZAMXPVRFZ-UHFFFAOYSA-N,False
0,C[As](C)(=O)[O-],"InChI=1S/C2H7AsO2/c1-3(2,4)5/h1-2H3,(H,4,5)/p-1",OGGXGZAMXPVRFZ-UHFFFAOYSA-M,False
1,CCN,"InChI=1S/C2H7N/c1-2-3/h2-3H2,1H3",QUSNBJAOOMFDIB-UHFFFAOYSA-N,False
1,CNC,"InChI=1S/C2H7N/c1-3-2/h3H,1-2H3",ROSDSFDQCJNGOL-UHFFFAOYSA-N,False
0,NCCS(=O)(=O)O,"InChI=1S/C2H7NO3S/c3-1-2-7(4,5)6/h1-3H2,(H,4,5,6)",XOAAWQZATWQOTB-UHFFFAOYSA-N,False
0,FC(F)C(F)(F)Cl,"InChI=1S/C2HClF4/c3-2(6,7)1(4)5/h1H",JQZFYIGAYWLRCC-UHFFFAOYSA-N,False
0,O=C1C2=CC=CC=C2OC(O)=C1C(CC(O)C1=CC=C(C2=CC=C(Br)C=C2)C=C1)C1=CC=CC=C1,"InChI=1S/C30H23BrO4/c31-23-16-14-20(15-17-23)19-10-12-22(13-11-19)26(32)18-25(21-6-2-1-3-7-21)28-29(33)24-8-4-5-9-27(24)35-30(28)34/h1-17,25-26,32,34H,18H2",IUZFQERQUZLNKQ-UHFFFAOYSA-N,False
0,O=C1C2=CC=CC=C2OC(O)=C1C1CC(C2=CC=C(C3=CC=C(Br)C=C3)C=C2)CC2=CC=CC=C21,"InChI=1S/C31H23BrO3/c32-24-15-13-20(14-16-24)19-9-11-21(12-10-19)23-17-22-5-1-2-6-25(22)27(18-23)29-30(33)26-7-3-4-8-28(26)35-31(29)34/h1-16,23,27,34H,17-18H2",LNDUTAIPEYOCDF-UHFFFAOYSA-N,False
0,O=C1C2=CC=CC=C2OC(O)=C1C1CC(C2=CC=C(C3=CC=CC=C3)C=C2)CC2=CC=CC=C21,"InChI=1S/C31H24O3/c32-30-26-12-6-7-13-28(26)34-31(33)29(30)27-19-24(18-23-10-4-5-11-25(23)27)22-16-14-21(15-17-22)20-8-2-1-3-9-20/h1-17,24,27,33H,18-19H2",NZOWVZVFSVRNOR-UHFFFAOYSA-N,False
0,CC(C=CC1=C(C)C(O)=C2C=CC=CC2=C1O)=CCCC(C)CCCC(C)CCCC(C)C,"InChI=1S/C31H46O2/c1-22(2)12-9-13-23(3)14-10-15-24(4)16-11-17-25(5)20-21-27-26(6)30(32)28-18-7-8-19-29(28)31(27)33/h7-8,17-24,32-33H,9-16H2,1-6H3",LLVIVPAPYJXADK-UHFFFAOYSA-N,False
1,CC(C)=CCCC(C)CC(OCCCCCCCCCCC(C)C)OCCCCCCCCCCC(C)C,"InChI=1S/C36H72O2/c1-32(2)25-20-16-12-8-10-14-18-22-29-37-36(31-35(7)28-24-27-34(5)6)38-30-23-19-15-11-9-13-17-21-26-33(3)4/h27,32-33,35-36H,8-26,28-31H2,1-7H3",IOROHSYUWTZOFC-UHFFFAOYSA-N,False
1,CC(C)CCCCCCCCCCOC(CC(C)CCCC(C)(C)O)OCCCCCCCCCCC(C)C,"InChI=1S/C36H74O3/c1-32(2)25-20-16-12-8-10-14-18-22-29-38-35(31-34(5)27-24-28-36(6,7)37)39-30-23-19-15-11-9-13-17-21-26-33(3)4/h32-35,37H,8-31H2,1-7H3",JQDHIJAKFLEAIM-UHFFFAOYSA-N,False
0,FC(F)=C(F)C(F)(F)F,"InChI=1S/C3F6/c4-1(2(5)6)3(7,8)9",HCDGVLDPFQMKDK-UHFFFAOYSA-N,False
0,FC(F)(F)CC(F)(F)F,"InChI=1S/C3H2F6/c4-2(5,6)1-3(7,8)9/h1H2",NSGXIBWMJZWTPY-UHFFFAOYSA-N,False
0,C=CC#N,"InChI=1S/C3H3N/c1-2-3-4/h2H,1H2",NLHHRLWOUZZQLW-UHFFFAOYSA-N,False
0,O=C1NC(=O)NC(=O)N1,"InChI=1S/C3H3N3O3/c7-1-4-2(8)6-3(9)5-1/h(H3,4,5,6,7,8,9)",ZFSLODLOARCGLH-UHFFFAOYSA-N,False
1,C1=CSC=N1,InChI=1S/C3H3NS/c1-2-5-3-4-1/h1-3H,FZWLAAWBMGSTSO-UHFFFAOYSA-N,False
1,C#CCO,"InChI=1S/C3H4O/c1-2-3-4/h1,4H,3H2",TVDSBUOJIPERQY-UHFFFAOYSA-N,False
1,C=CC=O,"InChI=1S/C3H4O/c1-2-3-4/h2-3H,1H2",HGINCPLSRVDWNT-UHFFFAOYSA-N,False
1,CC(=O)C=O,"InChI=1S/C3H4O2/c1-3(5)2-4/h2H,1H3",AIJULSRZWUXGPQ-UHFFFAOYSA-N,False
1,CC(=O)C(=O)O,"InChI=1S/C3H4O3/c1-2(4)3(5)6/h1H3,(H,5,6)",LCTONWCANYUPML-UHFFFAOYSA-N,False
0,O=C1OCCO1,InChI=1S/C3H4O3/c4-3-5-1-2-6-3/h1-2H2,KMTRUDSVKNLOMY-UHFFFAOYSA-N,False
1,O=C(O)C(=O)CO,"InChI=1S/C3H4O4/c4-1-2(5)3(6)7/h4H,1H2,(H,6,7)",HHDDCCUIIUWNGJ-UHFFFAOYSA-N,False
0,C=CC(N)=O,"InChI=1S/C3H5NO/c1-2-3(4)5/h2H,1H2,(H2,4,5)",HRPVXLWXLXDGHG-UHFFFAOYSA-N,False
1,CCN=C=S,"InChI=1S/C3H5NS/c1-2-4-3-5/h2H2,1H3",HBNYJWAFDZLWRS-UHFFFAOYSA-N,False
0,C1CC1,InChI=1S/C3H6/c1-2-3-1/h1-3H2,LVZWSLJZHVFIQJ-UHFFFAOYSA-N,False
0,C=CC,"InChI=1S/C3H6/c1-3-2/h3H,1H2,2H3",QQONPFPTGQHPMA-UHFFFAOYSA-N,False
0,O=[N+]([O-])C(Br)(CO)CO,"InChI=1S/C3H6BrNO4/c4-3(1-6,2-7)5(8)9/h6-7H,1-2H2",LVDKZNITIUWNER-UHFFFAOYSA-N,False
1,C=CCO,"InChI=1S/C3H6O/c1-2-3-4/h2,4H,1,3H2",XXROGKLTLUQVRX-UHFFFAOYSA-N,False
1,CCC=O,"InChI=1S/C3H6O/c1-2-3-4/h3H,2H2,1H3",NBBJYMSMWIIQGU-UHFFFAOYSA-N,False
1,CC(C)=O,InChI=1S/C3H6O/c1-3(2)4/h1-2H3,CSCPPACGZOOCGX-UHFFFAOYSA-N,False
1,CCC(=O)O,"InChI=1S/C3H6O2/c1-2-3(4)5/h2H2,1H3,(H,4,5)",XBDQKXXYIPTUBI-UHFFFAOYSA-N,False
1,CCOC=O,"InChI=1S/C3H6O2/c1-2-5-3-4/h3H,2H2,1H3",WBJINCZRORDGAQ-UHFFFAOYSA-N,False
1,COC(C)=O,InChI=1S/C3H6O2/c1-3(4)5-2/h1-2H3,KXKVLQRXCPHEJC-UHFFFAOYSA-N,False
1,CC(=O)CO,"InChI=1S/C3H6O2/c1-3(5)2-4/h4H,2H2,1H3",XLSMFKSTNGKWQX-UHFFFAOYSA-N,False
1,CC(S)C(=O)O,"InChI=1S/C3H6O2S/c1-2(6)3(4)5/h2,6H,1H3,(H,4,5)",PMNLUUOXGOOLSP-UHFFFAOYSA-N,False
1,O=C(O)CCS,"InChI=1S/C3H6O2S/c4-3(5)1-2-6/h6H,1-2H2,(H,4,5)",DKIDEFUBRARXTE-UHFFFAOYSA-N,False
0,CC(O)C(=O)O,"InChI=1S/C3H6O3/c1-2(4)3(5)6/h2,4H,1H3,(H,5,6)",JVTAAEKCZFNVCJ-UHFFFAOYSA-N,False
1,O=C(CO)CO,"InChI=1S/C3H6O3/c4-1-3(6)2-5/h4-5H,1-2H2",RXKJFZQQPQGTFL-UHFFFAOYSA-N,False
1,CSC(C)=O,InChI=1S/C3H6OS/c1-3(4)5-2/h1-2H3,OATSQCXMYKYFQO-UHFFFAOYSA-N,False
1,CSCC=O,"InChI=1S/C3H6OS/c1-5-3-2-4/h2H,3H2,1H3",NCNSBFDGXBKAKB-UHFFFAOYSA-N,False
1,C=CCS,"InChI=1S/C3H6S/c1-2-3-4/h2,4H,1,3H2",ULIKDJVNUXNQHS-UHFFFAOYSA-N,False
1,C1CSCS1,InChI=1S/C3H6S2/c1-2-5-3-4-1/h1-3H2,IMLSAISZLJGWPP-UHFFFAOYSA-N,False
1,CC1SCSS1,"InChI=1S/C3H6S3/c1-3-4-2-5-6-3/h3H,2H2,1H3",PWVJWPKTQMWOIH-UHFFFAOYSA-N,False
0,CCOC(N)=O,"InChI=1S/C3H7NO2/c1-2-6-3(4)5/h2H2,1H3,(H2,4,5)",JOYRKODLDBILNP-UHFFFAOYSA-N,False
0,CN(C)C(=S)[S-],"InChI=1S/C3H7NS2/c1-4(2)3(5)6/h1-2H3,(H,5,6)/p-1",MZGNSEAPZQGJRB-UHFFFAOYSA-M,False
0,CCC,"InChI=1S/C3H8/c1-3-2/h3H2,1-2H3",ATUOYWHBWRKTHZ-UHFFFAOYSA-N,False
0,O=C(O)CNCP(=O)(O)O,"InChI=1S/C3H8NO5P/c5-3(6)1-4-2-10(7,8)9/h4H,1-2H2,(H,5,6)(H2,7,8,9)",XDDAORKBJWWYJS-UHFFFAOYSA-N,False
1,CCCO,"InChI=1S/C3H8O/c1-2-3-4/h4H,2-3H2,1H3",BDERNNFJNOPAEC-UHFFFAOYSA-N,False
1,CC(C)O,"InChI=1S/C3H8O/c1-3(2)4/h3-4H,1-2H3",KFZMGEQAYNKOFK-UHFFFAOYSA-N,False
0,CC(O)CO,"InChI=1S/C3H8O2/c1-3(5)2-4/h3-5H,2H2,1H3",DNIAPMSPPWPWGF-UHFFFAOYSA-N,False
0,OCC(O)CO,"InChI=1S/C3H8O3/c4-1-3(6)2-5/h3-6H,1-2H2",PEDCQBHIVMGVHV-UHFFFAOYSA-N,False
1,CSCCO,"InChI=1S/C3H8OS/c1-5-3-2-4/h4H,2-3H2,1H3",WBBPRCNXBQTYLF-UHFFFAOYSA-N,False
1,CCCS,"InChI=1S/C3H8S/c1-2-3-4/h4H,2-3H2,1H3",SUVIGLJNEAMWEG-UHFFFAOYSA-N,False
1,CC(C)S,"InChI=1S/C3H8S/c1-3(2)4/h3-4H,1-2H3",KJRCEJOSASVSRA-UHFFFAOYSA-N,False
1,CCSC,"InChI=1S/C3H8S/c1-3-4-2/h3H2,1-2H3",WXEHBUMAEPOYKP-UHFFFAOYSA-N,False
1,CCC(S)S,"InChI=1S/C3H8S2/c1-2-3(4)5/h3-5H,2H2,1H3",NCNISYUOWMIOPI-UHFFFAOYSA-N,False
1,CCSSC,"InChI=1S/C3H8S2/c1-3-5-4-2/h3H2,1-2H3",XLTBPTGNNLIKRW-UHFFFAOYSA-N,False
1,CSCSC,"InChI=1S/C3H8S2/c1-4-3-5-2/h3H2,1-2H3",LOCDPORVFVOGCR-UHFFFAOYSA-N,False
1,SCCCS,"InChI=1S/C3H8S2/c4-2-1-3-5/h4-5H,1-3H2",ZJLMKPKYJBQJNH-UHFFFAOYSA-N,False
1,CCSSSC,"InChI=1S/C3H8S3/c1-3-5-6-4-2/h3H2,1-2H3",XEKUTWIJPKGAQT-UHFFFAOYSA-N,False
1,CSCSSC,"InChI=1S/C3H8S3/c1-4-3-6-5-2/h3H2,1-2H3",MYIOBINSHMEDEY-UHFFFAOYSA-N,False
1,CCCN,"InChI=1S/C3H9N/c1-2-3-4/h2-4H2,1H3",WGYKZJWCGVVSQN-UHFFFAOYSA-N,False
1,CC(C)N,"InChI=1S/C3H9N/c1-3(2)4/h3H,4H2,1-2H3",JJWLVOIRVHMVIS-UHFFFAOYSA-N,False
1,CC(O)CN,"InChI=1S/C3H9NO/c1-3(5)2-4/h3,5H,2,4H2,1H3",HXKKHQJGJAFBHI-UHFFFAOYSA-N,False
0,O=P([O-])([O-])OCC(O)CO,"InChI=1S/C3H9O6P/c4-1-3(5)2-9-10(6,7)8/h3-5H,1-2H2,(H2,6,7,8)/p-2",AWUCVROLDVIAJX-UHFFFAOYSA-L,False
0,CCC(C)C1OC2(C=CC1C)CC1CC(CC=C(C)C(OC3CC(OC)C(OC4CC(OC)C(O)C(C)O4)C(C)O3)C(C)C=CC=C3COC4C(O)C(C)=CC(C(=O)O1)C34O)O2,"InChI=1S/C48H72O14/c1-11-25(2)43-28(5)17-18-47(62-43)23-34-20-33(61-47)16-15-27(4)42(26(3)13-12-14-32-24-55-45-40(49)29(6)19-35(46(51)58-34)48(32,45)52)59-39-22-37(54-10)44(31(8)57-39)60-38-21-36(53-9)41(50)30(7)56-38/h12-15,17-19,25-26,28,30-31,33-45,49-50,52H,11,16,20-24H2,1-10H3",RRZXIRBKKLTSOM-UHFFFAOYSA-N,False
0,FC(F)=C(C(F)(F)F)C(F)(F)F,"InChI=1S/C4F8/c5-2(6)1(3(7,8)9)4(10,11)12",DAFIBNSJXIGBQB-UHFFFAOYSA-N,False
0,CCCC,"InChI=1S/C4H10/c1-3-4-2/h3-4H2,1-2H3",IJDNQMDRQITEOD-UHFFFAOYSA-N,False
0,CC(C)OP(C)(=O)F,"InChI=1S/C4H10FO2P/c1-4(2)7-8(3,5)6/h4H,1-3H3",DYAHQFWOVKZOOW-UHFFFAOYSA-N,False
1,C1CNCCN1,"InChI=1S/C4H10N2/c1-2-6-4-3-5-1/h5-6H,1-4H2",GLUUGHFHXGJENI-UHFFFAOYSA-N,False
0,O=NN(CCO)CCO,"InChI=1S/C4H10N2O3/c7-3-1-6(5-9)2-4-8/h7-8H,1-4H2",YFCDLVPYFMHRQZ-UHFFFAOYSA-N,False
1,CCCCO,"InChI=1S/C4H10O/c1-2-3-4-5/h5H,2-4H2,1H3",LRHPLDYGYMQRHN-UHFFFAOYSA-N,False
1,CCC(C)O,"InChI=1S/C4H10O/c1-3-4(2)5/h4-5H,3H2,1-2H3",BTANRVKWQNVYAZ-UHFFFAOYSA-N,False
1,CCOCC,"InChI=1S/C4H10O/c1-3-5-4-2/h3-4H2,1-2H3",RTZKZFJDLAIYFH-UHFFFAOYSA-N,False
1,CC(C)CO,"InChI=1S/C4H10O/c1-4(2)3-5/h4-5H,3H2,1-2H3",ZXEKIIBDNHEJCQ-UHFFFAOYSA-N,False
1,CC(C)(C)O,"InChI=1S/C4H10O/c1-4(2,3)5/h5H,1-3H3",DKGAVHZHDRPRBM-UHFFFAOYSA-N,False
0,CCOCCO,"InChI=1S/C4H10O2/c1-2-6-4-3-5/h5H,2-4H2,1H3",ZNQVEEAIQZEUHB-UHFFFAOYSA-N,False
0,CC(CO)CO,"InChI=1S/C4H10O2/c1-4(2-5)3-6/h4-6H,2-3H2,1H3",QWGRWMMWNDWRQN-UHFFFAOYSA-N,False
1,COC(C)OC,"InChI=1S/C4H10O2/c1-4(5-2)6-3/h4H,1-3H3",SPEUIVXLLWOEMJ-UHFFFAOYSA-N,False
0,CC(O)CCO,"InChI=1S/C4H10O2/c1-4(6)2-3-5/h4-6H,2-3H2,1H3",PUPZLCDOIYMWBV-UHFFFAOYSA-N,False
0,OCCCCO,"InChI=1S/C4H10O2/c5-3-1-2-4-6/h5-6H,1-4H2",WERYXYBDKMZEQL-UHFFFAOYSA-N,False
1,CCCS(=O)OC,"InChI=1S/C4H10O2S/c1-3-4-7(5)6-2/h3-4H2,1-2H3",CMLBKHWHZQICER-UHFFFAOYSA-N,False
0,OCCOCCO,"InChI=1S/C4H10O3/c5-1-3-7-4-2-6/h5-6H,1-4H2",MTHSVFCYNBDYFN-UHFFFAOYSA-N,False
1,CSCCCO,"InChI=1S/C4H10OS/c1-6-4-2-3-5/h5H,2-4H2,1H3",CZUGFKJYCPYHHV-UHFFFAOYSA-N,False
1,CCCCS,"InChI=1S/C4H10S/c1-2-3-4-5/h5H,2-4H2,1H3",WQAQPCDUOCURKW-UHFFFAOYSA-N,False
1,CCC(C)S,"InChI=1S/C4H10S/c1-3-4(2)5/h4-5H,3H2,1-2H3",LOCHFZBWPCLPAN-UHFFFAOYSA-N,False
1,CCCSC,"InChI=1S/C4H10S/c1-3-4-5-2/h3-4H2,1-2H3",ZOASGOXWEHUTKZ-UHFFFAOYSA-N,False
1,CCSCC,"InChI=1S/C4H10S/c1-3-5-4-2/h3-4H2,1-2H3",LJSQFQKUNVCTIA-UHFFFAOYSA-N,False
1,CC(C)CS,"InChI=1S/C4H10S/c1-4(2)3-5/h4-5H,3H2,1-2H3",BDFAOUQQXJIZDG-UHFFFAOYSA-N,False
1,CC(C)(C)S,"InChI=1S/C4H10S/c1-4(2,3)5/h5H,1-3H3",WMXCDAVJEZZYLT-UHFFFAOYSA-N,False
1,CCC(S)CS,"InChI=1S/C4H10S2/c1-2-4(6)3-5/h4-6H,2-3H2,1H3",LFTMJBWNOFFSRW-UHFFFAOYSA-N,False
1,CC(S)C(C)S,"InChI=1S/C4H10S2/c1-3(5)4(2)6/h3-6H,1-2H3",TWWSEEHCVDRRRI-UHFFFAOYSA-N,False
1,CCCSSC,"InChI=1S/C4H10S2/c1-3-4-6-5-2/h3-4H2,1-2H3",PUCHCUYBORIUSM-UHFFFAOYSA-N,False
1,CCSSCC,"InChI=1S/C4H10S2/c1-3-5-6-4-2/h3-4H2,1-2H3",CETBSQOFQKLHHZ-UHFFFAOYSA-N,False
1,CC(S)CCS,"InChI=1S/C4H10S2/c1-4(6)2-3-5/h4-6H,2-3H2,1H3",XMEPRJBZFCWFKN-UHFFFAOYSA-N,False
1,CSCCSC,"InChI=1S/C4H10S2/c1-5-3-4-6-2/h3-4H2,1-2H3",UJTDKNZVLGVLFT-UHFFFAOYSA-N,False
1,SCCCCS,"InChI=1S/C4H10S2/c5-3-1-2-4-6/h5-6H,1-4H2",SMTOKHQOVJRXLK-UHFFFAOYSA-N,False
1,CCCSSSC,"InChI=1S/C4H10S3/c1-3-4-6-7-5-2/h3-4H2,1-2H3",ZOYASYRPGHCQHW-UHFFFAOYSA-N,False
1,CCSSSCC,"InChI=1S/C4H10S3/c1-3-5-7-6-4-2/h3-4H2,1-2H3",OPMRTBDRQRSNDN-UHFFFAOYSA-N,False
1,CSCSCSC,"InChI=1S/C4H10S3/c1-5-3-7-4-6-2/h3-4H2,1-2H3",PQFOEUXAUYRCAY-UHFFFAOYSA-N,False
1,CSC(SC)SC,"InChI=1S/C4H10S3/c1-5-4(6-2)7-3/h4H,1-3H3",YFMZQCCTZUJXEB-UHFFFAOYSA-N,False
1,CCCCN,"InChI=1S/C4H11N/c1-2-3-4-5/h2-5H2,1H3",HQABUPZFAYXKJW-UHFFFAOYSA-N,False
1,CCC(C)N,"InChI=1S/C4H11N/c1-3-4(2)5/h4H,3,5H2,1-2H3",BHRZNVHARXXAHW-UHFFFAOYSA-N,False
1,CCNCC,"InChI=1S/C4H11N/c1-3-5-4-2/h5H,3-4H2,1-2H3",HPNMFZURTQLUMO-UHFFFAOYSA-N,False
1,CC(C)CN,"InChI=1S/C4H11N/c1-4(2)3-5/h4H,3,5H2,1-2H3",KDSNLYIMUZNERS-UHFFFAOYSA-N,False
1,CSCCCN,"InChI=1S/C4H11NS/c1-6-4-2-3-5/h2-5H2,1H3",KKYSBGWCYXYOHA-UHFFFAOYSA-N,False
1,NCCCCN,InChI=1S/C4H12N2/c5-3-1-2-4-6/h1-6H2,KIDHWZJUCRJVML-UHFFFAOYSA-N,False
0,O=C1NC=C(F)C(=O)N1,"InChI=1S/C4H3FN2O2/c5-2-1-6-4(9)7-3(2)8/h1H,(H2,6,7,8,9)",GHASVSINZRGABV-UHFFFAOYSA-N,False
0,NC1=C(F)C=NC(=O)N1,"InChI=1S/C4H4FN3O/c5-2-1-7-4(9)8-3(2)6/h1H,(H3,6,7,8,9)",XRECTZIEBJDKEO-UHFFFAOYSA-N,False
1,C1=CN=CC=N1,InChI=1S/C4H4N2/c1-2-6-4-3-5-1/h1-4H,KYQCOXFCLRTKLS-UHFFFAOYSA-N,False
0,N#CCCC#N,InChI=1S/C4H4N2/c5-3-1-2-4-6/h1-2H2,IAHFWCOBPZCAEA-UHFFFAOYSA-N,False
0,O=C1C=CC(=O)NN1,"InChI=1S/C4H4N2O2/c7-3-1-2-4(8)6-5-3/h1-2H,(H,5,7)(H,6,8)",BGRDGMRNKXEXQD-UHFFFAOYSA-N,False
0,O=C1C=CNC(=S)N1,"InChI=1S/C4H4N2OS/c7-3-1-2-5-4(8)6-3/h1-2H,(H2,5,6,7,8)",ZEMGGZBWXRYJHK-UHFFFAOYSA-N,False
1,S=C1N=CC=CN1,"InChI=1S/C4H4N2S/c7-4-5-2-1-3-6-4/h1-3H,(H,5,6,7)",HBCQSNAFLVXVAY-UHFFFAOYSA-N,False
1,C1=COC=C1,InChI=1S/C4H4O/c1-2-4-5-3-1/h1-4H,YLQBMQCUIZJEEH-UHFFFAOYSA-N,False
1,O=C1C=CCO1,"InChI=1S/C4H4O2/c5-4-2-1-3-6-4/h1-2H,3H2",VIHAEDVKXSOUAT-UHFFFAOYSA-N,False
0,OC1=CC=C(O)O1,"InChI=1S/C4H4O3/c5-3-1-2-4(6)7-3/h1-2,5-6H",FNKQFBWKNIGIOS-UHFFFAOYSA-N,False
1,C1=CSC=C1,InChI=1S/C4H4S/c1-2-4-5-3-1/h1-4H,YTPLMLYBLZKORZ-UHFFFAOYSA-N,False
1,SC1=CSC=C1,"InChI=1S/C4H4S2/c5-4-1-2-6-3-4/h1-3,5H",VSGXHZUTTFLSBC-UHFFFAOYSA-N,False
1,SC1=CC=CS1,"InChI=1S/C4H4S2/c5-4-2-1-3-6-4/h1-3,5H",SWEDAZLCYJDAGW-UHFFFAOYSA-N,False
1,C1=CNC=C1,InChI=1S/C4H5N/c1-2-4-5-3-1/h1-5H,KAESVJOAVNADME-UHFFFAOYSA-N,False
1,COC1=NC=CS1,"InChI=1S/C4H5NOS/c1-6-4-5-2-3-7-4/h2-3H,1H3",MJJRDTKNLLMJDJ-UHFFFAOYSA-N,False
1,C=CCN=C=S,"InChI=1S/C4H5NS/c1-2-3-5-4-6/h2H,1,3H2",ZOJBYZNEUISWFT-UHFFFAOYSA-N,False
1,CC1=CSC=N1,"InChI=1S/C4H5NS/c1-4-2-6-3-5-4/h2-3H,1H3",QMHIMXFNBOYPND-UHFFFAOYSA-N,False
1,CC1=NC=CS1,"InChI=1S/C4H5NS/c1-4-5-2-3-6-4/h2-3H,1H3",VZWOXDYRBDIHMA-UHFFFAOYSA-N,False
0,NC(=O)NC1=C(O)NC(=O)N1,"InChI=1S/C4H6N4O3/c5-3(10)6-1-2(9)8-4(11)7-1/h9H,(H3,5,6,10)(H2,7,8,11)",MLVVTNIFHMERMU-UHFFFAOYSA-N,False
0,CC(=O)NC1=NN=C(S(N)(=O)=O)S1,"InChI=1S/C4H6N4O3S2/c1-2(9)6-3-7-8-4(12-3)13(5,10)11/h1H3,(H2,5,10,11)(H,6,7,9)",BZKPWHYZMXOIDC-UHFFFAOYSA-N,False
1,C=C(C)C=O,"InChI=1S/C4H6O/c1-4(2)3-5/h3H,1H2,2H3",STNJBCKSHOAVAJ-UHFFFAOYSA-N,False
1,CC=CC(=O)O,"InChI=1S/C4H6O2/c1-2-3-4(5)6/h2-3H,1H3,(H,5,6)",LDHQCZJRKDOVOX-UHFFFAOYSA-N,False
1,C=CCOC=O,"InChI=1S/C4H6O2/c1-2-3-6-4-5/h2,4H,1,3H2",ZHHZHHSFKCANOC-UHFFFAOYSA-N,False
1,CC(=O)C(C)=O,InChI=1S/C4H6O2/c1-3(5)4(2)6/h1-2H3,QSJXEFYPDANLFS-UHFFFAOYSA-N,False
1,O=C1CCCO1,InChI=1S/C4H6O2/c5-4-2-1-3-6-4/h1-3H2,YEJRWHAVMIAJKC-UHFFFAOYSA-N,False
1,CCC(=O)C(=O)O,"InChI=1S/C4H6O3/c1-2-3(5)4(6)7/h2H2,1H3,(H,6,7)",TYEYBOSBBBHJIV-UHFFFAOYSA-N,False
1,CC(=O)OC(C)=O,InChI=1S/C4H6O3/c1-3(5)7-4(2)6/h1-2H3,WFDIJRYMOXRFFG-UHFFFAOYSA-N,False
0,O=C(O)CCC(=O)O,"InChI=1S/C4H6O4/c5-3(6)1-2-4(7)8/h1-2H2,(H,5,6)(H,7,8)",KDYFGRWQOYBRFD-UHFFFAOYSA-N,False
0,O=C(O)CC([S-])C(=O)O,"InChI=1S/C4H6O4S/c5-3(6)1-2(9)4(7)8/h2,9H,1H2,(H,5,6)(H,7,8)/p-1",NJRXVEJTAYWCQJ-UHFFFAOYSA-M,False
0,O=C(O)CC([S-])C(=O)[O-],"InChI=1S/C4H6O4S/c5-3(6)1-2(9)4(7)8/h2,9H,1H2,(H,5,6)(H,7,8)/p-2",NJRXVEJTAYWCQJ-UHFFFAOYSA-L,False
0,O=C([O-])CC([S-])C(=O)[O-],"InChI=1S/C4H6O4S/c5-3(6)1-2(9)4(7)8/h2,9H,1H2,(H,5,6)(H,7,8)/p-3",NJRXVEJTAYWCQJ-UHFFFAOYSA-K,False
0,O=C(O)CC(O)C(=O)O,"InChI=1S/C4H6O5/c5-2(4(8)9)1-3(6)7/h2,5H,1H2,(H,6,7)(H,8,9)",BJEPYKJPYRNKOW-UHFFFAOYSA-N,False
1,O=C1CCSC1,InChI=1S/C4H6OS/c5-4-1-2-6-3-4/h1-3H2,DSXFPRKPFJRPIB-UHFFFAOYSA-N,False
1,O=C1CCCS1,InChI=1S/C4H6OS/c5-4-2-1-3-6-4/h1-3H2,KMSNYNIWEORQDJ-UHFFFAOYSA-N,False
1,C1=NCCC1,"InChI=1S/C4H7N/c1-2-4-5-3-1/h3H,1-2,4H2",ZVJHJDDKYZXRJI-UHFFFAOYSA-N,False
1,CC(C)N=C=S,"InChI=1S/C4H7NS/c1-4(2)5-3-6/h4H,1-2H3",VHBFEIBMZHEWSX-UHFFFAOYSA-N,False
1,CC1=NCCS1,"InChI=1S/C4H7NS/c1-4-5-2-3-6-4/h2-3H2,1H3",JUIQOABNSLTJSW-UHFFFAOYSA-N,False
0,S=C(S)NCCNC(=S)S,"InChI=1S/C4H8N2S4/c7-3(8)5-1-2-6-4(9)10/h1-2H2,(H2,5,7,8)(H2,6,9,10)",AWYFNIZYMPNGAI-UHFFFAOYSA-N,False
0,S=C([S-])NCCNC(=S)[S-],"InChI=1S/C4H8N2S4/c7-3(8)5-1-2-6-4(9)10/h1-2H2,(H2,5,7,8)(H2,6,9,10)/p-2",AWYFNIZYMPNGAI-UHFFFAOYSA-L,False
1,CCCC=O,"InChI=1S/C4H8O/c1-2-3-4-5/h4H,2-3H2,1H3",ZTQSAGDEMFDKMZ-UHFFFAOYSA-N,False
1,CCC(C)=O,"InChI=1S/C4H8O/c1-3-4(2)5/h3H2,1-2H3",ZWEHNKRNPOVVGH-UHFFFAOYSA-N,False
1,CC(C)C=O,"InChI=1S/C4H8O/c1-4(2)3-5/h3-4H,1-2H3",AMIMRNSIRUDHCM-UHFFFAOYSA-N,False
1,CCCC(=O)O,"InChI=1S/C4H8O2/c1-2-3-4(5)6/h2-3H2,1H3,(H,5,6)",FERIUCNNQQJTOY-UHFFFAOYSA-N,False
1,CCCOC=O,"InChI=1S/C4H8O2/c1-2-3-6-4-5/h4H,2-3H2,1H3",KFNNIILCVOLYIR-UHFFFAOYSA-N,False
1,CCC(=O)CO,"InChI=1S/C4H8O2/c1-2-4(6)3-5/h5H,2-3H2,1H3",GFAZHVHNLUBROE-UHFFFAOYSA-N,False
1,CC(C)C(=O)O,"InChI=1S/C4H8O2/c1-3(2)4(5)6/h3H,1-2H3,(H,5,6)",KQNPFQTWMSNSAP-UHFFFAOYSA-N,False
1,CC(=O)C(C)O,"InChI=1S/C4H8O2/c1-3(5)4(2)6/h3,5H,1-2H3",ROWKJAVDOGWPAT-UHFFFAOYSA-N,False
1,CCC(=O)OC,"InChI=1S/C4H8O2/c1-3-4(5)6-2/h3H2,1-2H3",RJUFJBKOKNCXHH-UHFFFAOYSA-N,False
1,CCOC(C)=O,"InChI=1S/C4H8O2/c1-3-6-4(2)5/h3H2,1-2H3",XEKOWRVHYACXOJ-UHFFFAOYSA-N,False
1,CC(C)OC=O,"InChI=1S/C4H8O2/c1-4(2)6-3-5/h3-4H,1-2H3",RMOUBSOVHSONPZ-UHFFFAOYSA-N,False
0,OCC=CCO,"InChI=1S/C4H8O2/c5-3-1-2-4-6/h1-2,5-6H,3-4H2",ORTVZLZNOYNASJ-UHFFFAOYSA-N,False
1,COC(=O)CSC,"InChI=1S/C4H8O2S/c1-6-4(5)3-7-2/h3H2,1-2H3",HZYCAKGEXXKCDM-UHFFFAOYSA-N,False
0,O=S1(=O)CCCC1,InChI=1S/C4H8O2S/c5-7(6)3-1-2-4-7/h1-4H2,HXJUTPCZVOIRIF-UHFFFAOYSA-N,False
1,OC1CSC(O)CS1,"InChI=1S/C4H8O2S2/c5-3-1-7-4(6)2-8-3/h3-6H,1-2H2",YUIOPHXTILULQC-UHFFFAOYSA-N,False
1,CC(=O)C(C)S,"InChI=1S/C4H8OS/c1-3(5)4(2)6/h4,6H,1-2H3",XLMPYCGSRHSSSX-UHFFFAOYSA-N,False
1,CCSC(C)=O,"InChI=1S/C4H8OS/c1-3-6-4(2)5/h3H2,1-2H3",APTGPWJUOYMUCE-UHFFFAOYSA-N,False
1,CC(=O)CCS,"InChI=1S/C4H8OS/c1-4(5)2-3-6/h6H,2-3H2,1H3",LBFXPJUFQGXMJY-UHFFFAOYSA-N,False
1,CSCC(C)=O,"InChI=1S/C4H8OS/c1-4(5)3-6-2/h3H2,1-2H3",UKFADLGENFFWHR-UHFFFAOYSA-N,False
1,CSCCC=O,"InChI=1S/C4H8OS/c1-6-4-2-3-5/h3H,2,4H2,1H3",CLUWOWRTHNNBBU-UHFFFAOYSA-N,False
1,C1CCSC1,InChI=1S/C4H8S/c1-2-4-5-3-1/h1-4H2,RAOIDOHSFRTOEL-UHFFFAOYSA-N,False
1,CC=CSC,"InChI=1S/C4H8S/c1-3-4-5-2/h3-4H,1-2H3",YJOGCMRDEUBRJD-UHFFFAOYSA-N,False
1,C=CCSC,"InChI=1S/C4H8S/c1-3-4-5-2/h3H,1,4H2,2H3",NVLPQIPTCCLBEU-UHFFFAOYSA-N,False
1,C1CSCSC1,InChI=1S/C4H8S2/c1-2-5-4-6-3-1/h1-4H2,WQADWIOXOXRPLN-UHFFFAOYSA-N,False
1,C1CSCCS1,InChI=1S/C4H8S2/c1-2-6-4-3-5-1/h1-4H2,LOZWAPSEEHRYPG-UHFFFAOYSA-N,False
1,C=CCSSC,"InChI=1S/C4H8S2/c1-3-4-6-5-2/h3H,1,4H2,2H3",XNZOTQPMYMCTBZ-UHFFFAOYSA-N,False
1,CC1CSCS1,"InChI=1S/C4H8S2/c1-4-2-5-3-6-4/h4H,2-3H2,1H3",RCAGLIUGQCZIDE-UHFFFAOYSA-N,False
1,CC1SCCS1,"InChI=1S/C4H8S2/c1-4-5-2-3-6-4/h4H,2-3H2,1H3",CARJCVDELAMAEJ-UHFFFAOYSA-N,False
1,C=CCSSSC,"InChI=1S/C4H8S3/c1-3-4-6-7-5-2/h3H,1,4H2,2H3",JGMPRNFEEAJLAJ-UHFFFAOYSA-N,False
1,CC1SSC(C)S1,"InChI=1S/C4H8S3/c1-3-5-4(2)7-6-3/h3-4H,1-2H3",HFRUNLRFNNTTPQ-UHFFFAOYSA-N,False
1,C1CCNC1,"InChI=1S/C4H9N/c1-2-4-5-3-1/h5H,1-4H2",RWRDLPDLKQPQOW-UHFFFAOYSA-N,False
1,CCCC(N)=O,"InChI=1S/C4H9NO/c1-2-3-4(5)6/h2-3H2,1H3,(H2,5,6)",DNSISZSEWVHGLH-UHFFFAOYSA-N,False
1,NCCCC(=O)O,"InChI=1S/C4H9NO2/c5-3-1-2-4(6)7/h1-3,5H2,(H,6,7)",BTCSSZJGUNDROE-UHFFFAOYSA-N,False
0,O=[N+]([O-])C(CO)(CO)CO,"InChI=1S/C4H9NO5/c6-1-4(2-7,3-8)5(9)10/h6-8H,1-3H2",OLQJQHSAWMFDJE-UHFFFAOYSA-N,False
1,CC1NCCS1,"InChI=1S/C4H9NS/c1-4-5-2-3-6-4/h4-5H,2-3H2,1H3",DQMLFUMEBNHPPB-UHFFFAOYSA-N,False
0,CCCCCCCCC=CCCCCCCCC(=O)OCC(COC(=O)CCCCCCCC=CCCCCCCCC)OC(=O)CCCCCCCC=CCCCCCCCC,"InChI=1S/C57H104O6/c1-4-7-10-13-16-19-22-25-28-31-34-37-40-43-46-49-55(58)61-52-54(63-57(60)51-48-45-42-39-36-33-30-27-24-21-18-15-12-9-6-3)53-62-56(59)50-47-44-41-38-35-32-29-26-23-20-17-14-11-8-5-2/h25-30,54H,4-24,31-53H2,1-3H3",PHYFQTYBJUILEZ-UHFFFAOYSA-N,False
0,CCCCCCCCCCCCCCCCCC(=O)OCC(COC(=O)CCCCCCCCCCCCCCCCC)OC(=O)CCCCCCCCCCCCCCCCC,"InChI=1S/C57H110O6/c1-4-7-10-13-16-19-22-25-28-31-34-37-40-43-46-49-55(58)61-52-54(63-57(60)51-48-45-42-39-36-33-30-27-24-21-18-15-12-9-6-3)53-62-56(59)50-47-44-41-38-35-32-29-26-23-20-17-14-11-8-5-2/h54H,4-53H2,1-3H3",DCXXMTOCNZCJGO-UHFFFAOYSA-N,False
1,CCC=CCO,"InChI=1S/C5H10O/c1-2-3-4-5-6/h3-4,6H,2,5H2,1H3",BTSIZIIPFNVMHF-UHFFFAOYSA-N,False
1,CCCCC=O,"InChI=1S/C5H10O/c1-2-3-4-5-6/h5H,2-4H2,1H3",HGBOYTHUEUWSSQ-UHFFFAOYSA-N,False
1,C=CCC(C)O,"InChI=1S/C5H10O/c1-3-4-5(2)6/h3,5-6H,1,4H2,2H3",ZHZCYWWNFQUZOR-UHFFFAOYSA-N,False
1,CCCC(C)=O,"InChI=1S/C5H10O/c1-3-4-5(2)6/h3-4H2,1-2H3",XNLICIUVMPYHGG-UHFFFAOYSA-N,False
1,CC=C(C)CO,"InChI=1S/C5H10O/c1-3-5(2)4-6/h3,6H,4H2,1-2H3",NEJDKFPXHQRVMV-UHFFFAOYSA-N,False
1,CCC(C)C=O,"InChI=1S/C5H10O/c1-3-5(2)4-6/h4-5H,3H2,1-2H3",BYGQBDHUGHBGMD-UHFFFAOYSA-N,False
1,C=CC(O)CC,"InChI=1S/C5H10O/c1-3-5(6)4-2/h3,5-6H,1,4H2,2H3",VHVMXWZXFBOANQ-UHFFFAOYSA-N,False
1,CCC(=O)CC,"InChI=1S/C5H10O/c1-3-5(6)4-2/h3-4H2,1-2H3",FDPIMTJIUBPUKL-UHFFFAOYSA-N,False
1,CC(=O)C(C)C,"InChI=1S/C5H10O/c1-4(2)5(3)6/h4H,1-3H3",SYBYTAAJFKOIEJ-UHFFFAOYSA-N,False
1,C=CC(C)(C)O,"InChI=1S/C5H10O/c1-4-5(2,3)6/h4,6H,1H2,2-3H3",HNVRRHSXBLFLIG-UHFFFAOYSA-N,False
1,CC(C)=CCO,"InChI=1S/C5H10O/c1-5(2)3-4-6/h3,6H,4H2,1-2H3",ASUAYTHWZCLXAN-UHFFFAOYSA-N,False
1,CC(C)CC=O,"InChI=1S/C5H10O/c1-5(2)3-4-6/h4-5H,3H2,1-2H3",YGHRJJRRZDOVPD-UHFFFAOYSA-N,False
1,C=C(C)CCO,"InChI=1S/C5H10O/c1-5(2)3-4-6/h6H,1,3-4H2,2H3",CPJRRXSHAYUTGL-UHFFFAOYSA-N,False
1,CCCCC(=O)O,"InChI=1S/C5H10O2/c1-2-3-4-5(6)7/h2-4H2,1H3,(H,6,7)",NQPDZGIKBAWPEJ-UHFFFAOYSA-N,False
1,CCCCOC=O,"InChI=1S/C5H10O2/c1-2-3-4-7-5-6/h5H,2-4H2,1H3",NMJJFJNHVMGPGM-UHFFFAOYSA-N,False
1,C=CCOCCO,"InChI=1S/C5H10O2/c1-2-4-7-5-3-6/h2,6H,1,3-5H2",GCYHRYNSUGLLMA-UHFFFAOYSA-N,False
1,CCC(C)C(=O)O,"InChI=1S/C5H10O2/c1-3-4(2)5(6)7/h4H,3H2,1-2H3,(H,6,7)",WLAMNBDJUVNPJU-UHFFFAOYSA-N,False
1,CCCC(=O)OC,"InChI=1S/C5H10O2/c1-3-4-5(6)7-2/h3-4H2,1-2H3",UUIQMZJEGPQKFD-UHFFFAOYSA-N,False
1,CCCOC(C)=O,"InChI=1S/C5H10O2/c1-3-4-7-5(2)6/h3-4H2,1-2H3",YKYONYBAUNKHLG-UHFFFAOYSA-N,False
1,CCOC(=O)CC,"InChI=1S/C5H10O2/c1-3-5(6)7-4-2/h3-4H2,1-2H3",FKRCODPIKNYEAC-UHFFFAOYSA-N,False
1,CCC(=O)C(C)O,"InChI=1S/C5H10O2/c1-3-5(7)4(2)6/h4,6H,3H2,1-2H3",QMXCHEVUAIPIRM-UHFFFAOYSA-N,False
1,CC(C)CC(=O)O,"InChI=1S/C5H10O2/c1-4(2)3-5(6)7/h4H,3H2,1-2H3,(H,6,7)",GWYFCOCPABKNJV-UHFFFAOYSA-N,False
1,COC(=O)C(C)C,"InChI=1S/C5H10O2/c1-4(2)5(6)7-3/h4H,1-3H3",BHIWKHZACMWKOJ-UHFFFAOYSA-N,False
1,CC(=O)OC(C)C,"InChI=1S/C5H10O2/c1-4(2)7-5(3)6/h4H,1-3H3",JMMWKPVZQRWMSS-UHFFFAOYSA-N,False
1,CC1COC(C)O1,"InChI=1S/C5H10O2/c1-4-3-6-5(2)7-4/h4-5H,3H2,1-2H3",ROSFUFIOLRQOON-UHFFFAOYSA-N,False
1,CC(C)COC=O,"InChI=1S/C5H10O2/c1-5(2)3-7-4-6/h4-5H,3H2,1-2H3",AVMSWPWPYJVYKY-UHFFFAOYSA-N,False
1,OCC1CCCO1,"InChI=1S/C5H10O2/c6-4-5-2-1-3-7-5/h5-6H,1-4H2",BSYVTEYKTMYBMK-UHFFFAOYSA-N,False
1,CCOC(=O)CCS,"InChI=1S/C5H10O2S/c1-2-7-5(6)3-4-8/h8H,2-4H2,1H3",CJQWLNNCQIHKHP-UHFFFAOYSA-N,False
1,CCSCCC(=O)O,"InChI=1S/C5H10O2S/c1-2-8-4-3-5(6)7/h2-4H2,1H3,(H,6,7)",MSFAOLUZTRRBJG-UHFFFAOYSA-N,False
1,CCOC(=O)C(C)S,"InChI=1S/C5H10O2S/c1-3-7-5(6)4(2)8/h4,8H,3H2,1-2H3",LXXNWCFBZHKFPT-UHFFFAOYSA-N,False
1,CCOC(=O)CSC,"InChI=1S/C5H10O2S/c1-3-7-5(6)4-8-2/h3-4H2,1-2H3",MDIAKIHKBBNYHF-UHFFFAOYSA-N,False
1,CSCCOC(C)=O,"InChI=1S/C5H10O2S/c1-5(6)7-3-4-8-2/h3-4H2,1-2H3",CQIKBSVHIBIPGY-UHFFFAOYSA-N,False
1,COC(=O)CCSC,"InChI=1S/C5H10O2S/c1-7-5(6)3-4-8-2/h3-4H2,1-2H3",DMMJVMYCBULSIS-UHFFFAOYSA-N,False
1,CCOC(=O)C(C)O,"InChI=1S/C5H10O3/c1-3-8-5(7)4(2)6/h4,6H,3H2,1-2H3",LZCLXQDLBQLTDK-UHFFFAOYSA-N,False
1,COC(=O)CC(C)O,"InChI=1S/C5H10O3/c1-4(6)3-5(7)8-2/h4,6H,3H2,1-2H3",LDLDJEAVRNAEBW-UHFFFAOYSA-N,False
1,CCCC(=O)SC,"InChI=1S/C5H10OS/c1-3-4-5(6)7-2/h3-4H2,1-2H3",GRLJIIJNZJVMGP-UHFFFAOYSA-N,False
1,CCCSC(C)=O,"InChI=1S/C5H10OS/c1-3-4-7-5(2)6/h3-4H2,1-2H3",SBWFWBJCYMBZEY-UHFFFAOYSA-N,False
1,CCC(=O)C(C)S,"InChI=1S/C5H10OS/c1-3-5(6)4(2)7/h4,7H,3H2,1-2H3",TWOGJUHCCNLYPC-UHFFFAOYSA-N,False
1,CCC(=O)CSC,"InChI=1S/C5H10OS/c1-3-5(6)4-7-2/h3-4H2,1-2H3",GOAGGJDTOMPTSA-UHFFFAOYSA-N,False
1,CCC(S)C(C)=O,"InChI=1S/C5H10OS/c1-3-5(7)4(2)6/h5,7H,3H2,1-2H3",SZECUQRKLXRGSJ-UHFFFAOYSA-N,False
1,CSC(C)C(C)=O,"InChI=1S/C5H10OS/c1-4(6)5(2)7-3/h5H,1-3H3",HFVLNCDRAMUMCC-UHFFFAOYSA-N,False
1,CC1OCCC1S,"InChI=1S/C5H10OS/c1-4-5(7)2-3-6-4/h4-5,7H,2-3H2,1H3",DBPHPBLAKVZXOY-UHFFFAOYSA-N,False
1,CC(C)(S)CC=O,"InChI=1S/C5H10OS/c1-5(2,7)3-4-6/h4,7H,3H2,1-2H3",WHGAWTZRCJEVHB-UHFFFAOYSA-N,False
1,CSCCC(C)=O,"InChI=1S/C5H10OS/c1-5(6)3-4-7-2/h3-4H2,1-2H3",DRGHCRKOWMAZAO-UHFFFAOYSA-N,False
1,CSC(C)CC=O,"InChI=1S/C5H10OS/c1-5(7-2)3-4-6/h4-5H,3H2,1-2H3",NCBDFIPMWRKPDU-UHFFFAOYSA-N,False
1,CSCCCC=O,"InChI=1S/C5H10OS/c1-7-5-3-2-4-6/h4H,2-3,5H2,1H3",RZBUXNXJKZHGLL-UHFFFAOYSA-N,False
1,CCC=CSC,"InChI=1S/C5H10S/c1-3-4-5-6-2/h4-5H,3H2,1-2H3",QOKMHYUWJKXWOV-UHFFFAOYSA-N,False
1,CC(C)=CCS,"InChI=1S/C5H10S/c1-5(2)3-4-6/h3,6H,4H2,1-2H3",GYDPOKGOQFTYGW-UHFFFAOYSA-N,False
1,SC1CCCC1,"InChI=1S/C5H10S/c6-5-3-1-2-4-5/h5-6H,1-4H2",WVDYBOADDMMFIY-UHFFFAOYSA-N,False
1,CC1CC(C)SS1,"InChI=1S/C5H10S2/c1-4-3-5(2)7-6-4/h4-5H,3H2,1-2H3",KFUVOYOTMWUCHL-UHFFFAOYSA-N,False
1,C1CCNCC1,"InChI=1S/C5H11N/c1-2-4-6-5-3-1/h6H,1-5H2",NQRYJNQNLNOLGT-UHFFFAOYSA-N,False
1,CN1CCCC1,"InChI=1S/C5H11N/c1-6-4-2-3-5-6/h2-5H2,1H3",AVFZOVWCLRSYKC-UHFFFAOYSA-N,False
1,SCCN1CCSC1,"InChI=1S/C5H11NS2/c7-3-1-6-2-4-8-5-6/h7H,1-5H2",QZSFSYKRUWBUHJ-UHFFFAOYSA-N,False
0,CCCCNC(N)=O,"InChI=1S/C5H12N2O/c1-2-3-4-7-5(6)8/h2-4H2,1H3,(H3,6,7,8)",CNWSQCLBDWYLAN-UHFFFAOYSA-N,False
1,CCCCCO,"InChI=1S/C5H12O/c1-2-3-4-5-6/h6H,2-5H2,1H3",AMQJEAYHLZJPGS-UHFFFAOYSA-N,False
1,CCCC(C)O,"InChI=1S/C5H12O/c1-3-4-5(2)6/h5-6H,3-4H2,1-2H3",JYVLIDXNZAXMDK-UHFFFAOYSA-N,False
1,CCC(C)CO,"InChI=1S/C5H12O/c1-3-5(2)4-6/h5-6H,3-4H2,1-2H3",QPRQEDXDYOZYLA-UHFFFAOYSA-N,False
1,CCC(O)CC,"InChI=1S/C5H12O/c1-3-5(6)4-2/h5-6H,3-4H2,1-2H3",AQIXEPGDORPWBJ-UHFFFAOYSA-N,False
1,CC(C)C(C)O,"InChI=1S/C5H12O/c1-4(2)5(3)6/h4-6H,1-3H3",MXLMTQWGSQIYOW-UHFFFAOYSA-N,False
1,CC(C)CCO,"InChI=1S/C5H12O/c1-5(2)3-4-6/h5-6H,3-4H2,1-2H3",PHTQWCKDNZKARW-UHFFFAOYSA-N,False
1,COC(C)(C)C,"InChI=1S/C5H12O/c1-5(2,3)6-4/h1-4H3",BZLVMXJERCGZMT-UHFFFAOYSA-N,False
1,COCCOCCO,"InChI=1S/C5H12O3/c1-7-4-5-8-3-2-6/h6H,2-5H2,1H3",SBASXUCJHJRPEV-UHFFFAOYSA-N,False
0,OCC(CO)(CO)CO,"InChI=1S/C5H12O4/c6-1-5(2-7,3-8)4-9/h6-9H,1-4H2",WXZMFSXDPGVJKK-UHFFFAOYSA-N,False
1,CCSCCCO,"InChI=1S/C5H12OS/c1-2-7-5-3-4-6/h6H,2-5H2,1H3",KRUJXSIEMOWXOF-UHFFFAOYSA-N,False
1,CC(O)C(C)CS,"InChI=1S/C5H12OS/c1-4(3-7)5(2)6/h4-7H,3H2,1-2H3",BCYQZLULZVJEII-UHFFFAOYSA-N,False
1,CC(C)(S)CCO,"InChI=1S/C5H12OS/c1-5(2,7)3-4-6/h6-7H,3-4H2,1-2H3",GBCGIJAYTBMFHI-UHFFFAOYSA-N,False
1,CSCCCCO,"InChI=1S/C5H12OS/c1-7-5-3-2-4-6/h6H,2-5H2,1H3",JNTVUHZXIJFHAU-UHFFFAOYSA-N,False
1,CCCCCS,"InChI=1S/C5H12S/c1-2-3-4-5-6/h6H,2-5H2,1H3",ZRKMQKLGEQPLNS-UHFFFAOYSA-N,False
1,CCCC(C)S,"InChI=1S/C5H12S/c1-3-4-5(2)6/h5-6H,3-4H2,1-2H3",QUSTYFNPKBDELJ-UHFFFAOYSA-N,False
1,CCCCSC,"InChI=1S/C5H12S/c1-3-4-5-6-2/h3-5H2,1-2H3",WCXXISMIJBRDQK-UHFFFAOYSA-N,False
1,CCC(C)CS,"InChI=1S/C5H12S/c1-3-5(2)4-6/h5-6H,3-4H2,1-2H3",WGQKBCSACFQGQY-UHFFFAOYSA-N,False
1,CCC(S)CC,"InChI=1S/C5H12S/c1-3-5(6)4-2/h5-6H,3-4H2,1-2H3",WICKAMSPKJXSGN-UHFFFAOYSA-N,False
1,CC(C)C(C)S,"InChI=1S/C5H12S/c1-4(2)5(3)6/h4-6H,1-3H3",BFLXFRNPNMTTAA-UHFFFAOYSA-N,False
1,CC(C)CCS,"InChI=1S/C5H12S/c1-5(2)3-4-6/h5-6H,3-4H2,1-2H3",GIJGXNFNUUFEGH-UHFFFAOYSA-N,False
1,CCCSSCC,"InChI=1S/C5H12S2/c1-3-5-7-6-4-2/h3-5H2,1-2H3",SNGRPWPVGSSZGV-UHFFFAOYSA-N,False
1,CCCSSSCC,"InChI=1S/C5H12S3/c1-3-5-7-8-6-4-2/h3-5H2,1-2H3",SHEIYCJSZOMHMI-UHFFFAOYSA-N,False
1,CCCCCN,"InChI=1S/C5H13N/c1-2-3-4-5-6/h2-6H2,1H3",DPBLXKKOBLCELK-UHFFFAOYSA-N,False
1,CCC(C)CN,"InChI=1S/C5H13N/c1-3-5(2)4-6/h5H,3-4,6H2,1-2H3",VJROPLWGFCORRM-UHFFFAOYSA-N,False
1,CC(C)CCN,"InChI=1S/C5H13N/c1-5(2)3-4-6/h5H,3-4,6H2,1-2H3",BMFVGAAISNGQNM-UHFFFAOYSA-N,False
1,NCCCCCN,InChI=1S/C5H14N2/c6-4-2-1-3-5-7/h1-7H2,VHRGRCVQAFMJIZ-UHFFFAOYSA-N,False
0,S=C1NC=NC2=C1N=CN2,"InChI=1S/C5H4N4S/c10-5-3-4(7-1-6-3)8-2-9-5/h1-2H,(H2,6,7,8,9,10)",GLVAUDGFNGKCSF-UHFFFAOYSA-N,False
1,O=CC1=CC=CO1,InChI=1S/C5H4O2/c6-4-5-2-1-3-7-5/h1-4H,HYBBIBNJHNGZAN-UHFFFAOYSA-N,False
1,C1=CC=NC=C1,InChI=1S/C5H5N/c1-2-4-6-5-3-1/h1-5H,JUJWROOIHBZHMG-UHFFFAOYSA-N,False
1,O=CC1=CC=CN1,"InChI=1S/C5H5NO/c7-4-5-2-1-3-6-5/h1-4,6H",ZSKGQVFRTSEPJT-UHFFFAOYSA-N,False
1,CC(=O)C1=NC=CO1,"InChI=1S/C5H5NO2/c1-4(7)5-6-2-3-8-5/h2-3H,1H3",QCDUAXSWPGEYBB-UHFFFAOYSA-N,False
1,CC(=O)C1=NC=CS1,"InChI=1S/C5H5NOS/c1-4(7)5-6-2-3-8-5/h2-3H,1H3",MOMFXATYAINJML-UHFFFAOYSA-N,False
1,CC1=NC=CN=C1,"InChI=1S/C5H6N2/c1-5-4-6-2-3-7-5/h2-4H,1H3",CAWHJQAVHZEVTJ-UHFFFAOYSA-N,False
0,NC1=CC=NC=C1,"InChI=1S/C5H6N2/c6-5-1-3-7-4-2-5/h1-4H,(H2,6,7)",NUKYPUAOHBNCPY-UHFFFAOYSA-N,False
1,COC1=NC=CN=C1,"InChI=1S/C5H6N2O/c1-8-5-4-6-2-3-7-5/h2-4H,1H3",WKSXRWSOSLGSTN-UHFFFAOYSA-N,False
1,CSC1=NC=CN=C1,"InChI=1S/C5H6N2S/c1-8-5-4-6-2-3-7-5/h2-4H,1H3",KBPBOWBQRUXMFV-UHFFFAOYSA-N,False
1,SCC1=NC=CN=C1,"InChI=1S/C5H6N2S/c8-4-5-3-6-1-2-7-5/h1-3,8H,4H2",VQFGDOHENLRPFB-UHFFFAOYSA-N,False
1,C=CC=CC=O,"InChI=1S/C5H6O/c1-2-3-4-5-6/h2-5H,1H2",PPXGQLMPUIVFRE-UHFFFAOYSA-N,False
1,CC1=CC=CO1,"InChI=1S/C5H6O/c1-5-3-2-4-6-5/h2-4H,1H3",VQKFNUFAXTZWDK-UHFFFAOYSA-N,False
1,CC1=CC=C(O)O1,"InChI=1S/C5H6O2/c1-4-2-3-5(6)7-4/h2-3,6H,1H3",FNEJQOIAGPBETK-UHFFFAOYSA-N,False
1,O=C1CCCC1=O,InChI=1S/C5H6O2/c6-4-2-1-3-5(4)7/h1-3H2,CIISBNCSMVCNIP-UHFFFAOYSA-N,False
1,OCC1=CC=CO1,"InChI=1S/C5H6O2/c6-4-5-2-1-3-7-5/h1-3,6H,4H2",XPFVYQJUAUNWIW-UHFFFAOYSA-N,False
1,CC1=C(O)C(O)=CO1,"InChI=1S/C5H6O3/c1-3-5(7)4(6)2-8-3/h2,6-7H,1H3",LAYHAIBAHFCCKU-UHFFFAOYSA-N,False
1,CC1=C(S)C=CO1,"InChI=1S/C5H6OS/c1-4-5(7)2-3-6-4/h2-3,7H,1H3",RUYNUXHHUVUINQ-UHFFFAOYSA-N,False
1,OCC1=CC=CS1,"InChI=1S/C5H6OS/c6-4-5-2-1-3-7-5/h1-3,6H,4H2",ZPHGMBGIFODUMF-UHFFFAOYSA-N,False
1,SCC1=CC=CO1,"InChI=1S/C5H6OS/c7-4-5-2-1-3-6-5/h1-3,7H,4H2",ZFFTZDQKIXPDAF-UHFFFAOYSA-N,False
1,CC1=CC=CS1,"InChI=1S/C5H6S/c1-5-3-2-4-6-5/h2-4H,1H3",XQQBUAPQHNYYRS-UHFFFAOYSA-N,False
1,CC1=C(S)C=CS1,"InChI=1S/C5H6S2/c1-4-5(6)2-3-7-4/h2-3,6H,1H3",AQXLMAYNBMTBHD-UHFFFAOYSA-N,False
1,SCC1=CC=CS1,"InChI=1S/C5H6S2/c6-4-5-2-1-3-7-5/h1-3,6H,4H2",GCZQHDFWKVMZOE-UHFFFAOYSA-N,False
1,CN1C=CC=C1,"InChI=1S/C5H7N/c1-6-4-2-3-5-6/h2-5H,1H3",OXHNLMTVIGZXSG-UHFFFAOYSA-N,False
1,CCOC1=NC=CS1,"InChI=1S/C5H7NOS/c1-2-7-5-6-3-4-8-5/h3-4H,2H2,1H3",NDUWJHRKDYXRAD-UHFFFAOYSA-N,False
1,CC(=O)C1=NCCS1,"InChI=1S/C5H7NOS/c1-4(7)5-6-2-3-8-5/h2-3H2,1H3",FZOZFDAMVVEZSJ-UHFFFAOYSA-N,False
1,COC1=CN=C(C)S1,"InChI=1S/C5H7NOS/c1-4-6-3-5(7-2)8-4/h3H,1-2H3",KNHWRHAKUZHDQP-UHFFFAOYSA-N,False
1,CCC1=NC=CS1,"InChI=1S/C5H7NS/c1-2-5-6-3-4-7-5/h3-4H,2H2,1H3",CGZDWVZMOMDGBN-UHFFFAOYSA-N,False
1,CC1=CN=C(C)S1,"InChI=1S/C5H7NS/c1-4-3-6-5(2)7-4/h3H,1-2H3",WVUHHPQQQLBMOE-UHFFFAOYSA-N,False
1,CC1=CSC(C)=N1,"InChI=1S/C5H7NS/c1-4-3-7-5(2)6-4/h3H,1-2H3",OBSLLHNATPQFMJ-UHFFFAOYSA-N,False
1,CC1=C(C)SC=N1,"InChI=1S/C5H7NS/c1-4-5(2)7-3-6-4/h3H,1-2H3",UWSONZCNXUSTKW-UHFFFAOYSA-N,False
0,C=CC(=C)C,"InChI=1S/C5H8/c1-4-5(2)3/h4H,1-2H2,3H3",RRHGJUQNOFWUDK-UHFFFAOYSA-N,False
1,C=CCCC=O,"InChI=1S/C5H8O/c1-2-3-4-5-6/h2,5H,1,3-4H2",QUMSUJWRUHPEEJ-UHFFFAOYSA-N,False
1,CCC=CC=O,"InChI=1S/C5H8O/c1-2-3-4-5-6/h3-5H,2H2,1H3",DTCCTIQRPGSLPT-UHFFFAOYSA-N,False
1,CC=CC(C)=O,"InChI=1S/C5H8O/c1-3-4-5(2)6/h3-4H,1-2H3",LABTWGUMFABVFG-UHFFFAOYSA-N,False
1,CC=C(C)C=O,"InChI=1S/C5H8O/c1-3-5(2)4-6/h3-4H,1-2H3",ACWQBUSCFPJUPN-UHFFFAOYSA-N,False
1,C=CC(=O)CC,"InChI=1S/C5H8O/c1-3-5(6)4-2/h3H,1,4H2,2H3",JLIDVCMBCGBIEY-UHFFFAOYSA-N,False
1,CC(C)=CC=O,"InChI=1S/C5H8O/c1-5(2)3-4-6/h3-4H,1-2H3",SEPQTYODOKLVSB-UHFFFAOYSA-N,False
1,O=C1CCCC1,InChI=1S/C5H8O/c6-5-3-1-2-4-5/h1-4H2,BGTOWKSIORTVQH-UHFFFAOYSA-N,False
1,C=CCCC(=O)O,"InChI=1S/C5H8O2/c1-2-3-4-5(6)7/h2H,1,3-4H2,(H,6,7)",HVAMZGADVCBITI-UHFFFAOYSA-N,False
1,CCC=CC(=O)O,"InChI=1S/C5H8O2/c1-2-3-4-5(6)7/h3-4H,2H2,1H3,(H,6,7)",YIYBQIKDCADOSF-UHFFFAOYSA-N,False
1,C=CCOC(C)=O,"InChI=1S/C5H8O2/c1-3-4-7-5(2)6/h3H,1,4H2,2H3",FWZUNOYOVVKUNF-UHFFFAOYSA-N,False
1,C=CC(=O)OCC,"InChI=1S/C5H8O2/c1-3-5(6)7-4-2/h3H,1,4H2,2H3",JIGUQPWFLRLWPJ-UHFFFAOYSA-N,False
1,CCC(=O)C(C)=O,"InChI=1S/C5H8O2/c1-3-5(7)4(2)6/h3H2,1-2H3",TZMFJUDUGYTVRY-UHFFFAOYSA-N,False
1,CC(C)=CC(=O)O,"InChI=1S/C5H8O2/c1-4(2)3-5(6)7/h3H,1-2H3,(H,6,7)",YYPNJNDODFVZLE-UHFFFAOYSA-N,False
1,C=C(C)C(=O)OC,"InChI=1S/C5H8O2/c1-4(2)5(6)7-3/h1H2,2-3H3",VVQNEPGJFQJSBK-UHFFFAOYSA-N,False
1,C=C(C)OC(C)=O,"InChI=1S/C5H8O2/c1-4(2)7-5(3)6/h1H2,2-3H3",HETCEOQFVDFGSY-UHFFFAOYSA-N,False
1,CC1CCC(=O)O1,"InChI=1S/C5H8O2/c1-4-2-3-5(6)7-4/h4H,2-3H2,1H3",GAEKPEKOJKCEMS-UHFFFAOYSA-N,False
1,CC1CC(=O)CO1,"InChI=1S/C5H8O2/c1-4-2-5(6)3-7-4/h4H,2-3H2,1H3",YJZXJDJWRQIWDL-UHFFFAOYSA-N,False
1,CC1OCCC1=O,"InChI=1S/C5H8O2/c1-4-5(6)2-3-7-4/h4H,2-3H2,1H3",FCWYQRVIQDNGBI-UHFFFAOYSA-N,False
1,O=CCCCC=O,"InChI=1S/C5H8O2/c6-4-2-1-3-5-7/h4-5H,1-3H2",SXRSQZLOMIGNAQ-UHFFFAOYSA-N,False
1,CC(C)C(=O)C(=O)O,"InChI=1S/C5H8O3/c1-3(2)4(6)5(7)8/h3H,1-2H3,(H,7,8)",QHKABHOOEWYVLI-UHFFFAOYSA-N,False
1,CCOC(=O)C(C)=O,"InChI=1S/C5H8O3/c1-3-8-5(7)4(2)6/h3H2,1-2H3",XXRCUYVCPSWGCC-UHFFFAOYSA-N,False
1,CC(=O)CCC(=O)O,"InChI=1S/C5H8O3/c1-4(6)2-3-5(7)8/h2-3H2,1H3,(H,7,8)",JOOXCMJARBKPKM-UHFFFAOYSA-N,False
1,COC(=O)CC(C)=O,"InChI=1S/C5H8O3/c1-4(6)3-5(7)8-2/h3H2,1-2H3",WRQNANDWMGAFTP-UHFFFAOYSA-N,False
1,CC(=O)COC(C)=O,"InChI=1S/C5H8O3/c1-4(6)3-8-5(2)7/h3H2,1-2H3",DBERHVIZRVGDFO-UHFFFAOYSA-N,False
1,CC1SCCC1=O,"InChI=1S/C5H8OS/c1-4-5(6)2-3-7-4/h4H,2-3H2,1H3",YMZZPMVKABUEBL-UHFFFAOYSA-N,False
1,CC1OCCC1=S,"InChI=1S/C5H8OS/c1-4-5(7)2-3-6-4/h4H,2-3H2,1H3",MQQKZNYXLRCXNT-UHFFFAOYSA-N,False
1,CC1=CC(S)CS1,"InChI=1S/C5H8S2/c1-4-2-5(6)3-7-4/h2,5-6H,3H2,1H3",XMTPGJJWJZMORB-UHFFFAOYSA-N,False
1,CC1=NC(C)OC1,"InChI=1S/C5H9NO/c1-4-3-7-5(2)6-4/h5H,3H2,1-2H3",XHHACWPFKDHDGD-UHFFFAOYSA-N,False
1,CCCCN=C=S,"InChI=1S/C5H9NS/c1-2-3-4-6-5-7/h2-4H2,1H3",LIMQQADUEULBSO-UHFFFAOYSA-N,False
1,CCC(C)N=C=S,"InChI=1S/C5H9NS/c1-3-5(2)6-4-7/h5H,3H2,1-2H3",TUFJIDJGIQOYFY-UHFFFAOYSA-N,False
1,CC(C)CN=C=S,"InChI=1S/C5H9NS/c1-5(2)3-6-4-7/h5H,3H2,1-2H3",NSDDRJXKROCWRZ-UHFFFAOYSA-N,False
1,CSCCCN=C=S,"InChI=1S/C5H9NS2/c1-8-4-2-3-6-5-7/h2-4H2,1H3",LDKSCZJUIURGMW-UHFFFAOYSA-N,False
0,FC(F)(F)C(F)(F)C(F)(F)C(F)(F)C(F)(F)C(F)(F)F,"InChI=1S/C6F14/c7-1(8,3(11,12)5(15,16)17)2(9,10)4(13,14)6(18,19)20",ZJIJAJXFLBMLCK-UHFFFAOYSA-N,False
1,CC=CC=CCO,"InChI=1S/C6H10O/c1-2-3-4-5-6-7/h2-5,7H,6H2,1H3",MEIRRNXMZYDVDW-UHFFFAOYSA-N,False
1,CCC=CCC=O,"InChI=1S/C6H10O/c1-2-3-4-5-6-7/h3-4,6H,2,5H2,1H3",GXANMBISFKBPEX-UHFFFAOYSA-N,False
1,CCCC=CC=O,"InChI=1S/C6H10O/c1-2-3-4-5-6-7/h4-6H,2-3H2,1H3",MBDOYVRWFFCFHM-UHFFFAOYSA-N,False
1,C=CCCC(C)=O,"InChI=1S/C6H10O/c1-3-4-5-6(2)7/h3H,1,4-5H2,2H3",RNDVGJZUHCKENF-UHFFFAOYSA-N,False
1,CCC=C(C)C=O,"InChI=1S/C6H10O/c1-3-4-6(2)5-7/h4-5H,3H2,1-2H3",IDEYZABHVQLHAF-UHFFFAOYSA-N,False
1,CC=CC(=O)CC,"InChI=1S/C6H10O/c1-3-5-6(7)4-2/h3,5H,4H2,1-2H3",FEWIGMWODIRUJM-UHFFFAOYSA-N,False
1,C=CC(=O)CCC,"InChI=1S/C6H10O/c1-3-5-6(7)4-2/h4H,2-3,5H2,1H3",JTHNLKXLWOXOQK-UHFFFAOYSA-N,False
1,CC(=O)C=C(C)C,"InChI=1S/C6H10O/c1-5(2)4-6(3)7/h4H,1-3H3",SHOJXDKTYKFBRD-UHFFFAOYSA-N,False
1,CC(C)C=CC=O,"InChI=1S/C6H10O/c1-6(2)4-3-5-7/h3-6H,1-2H3",RIWPMNBTULNXOH-UHFFFAOYSA-N,False
1,O=C1CCCCC1,InChI=1S/C6H10O/c7-6-4-2-1-3-5-6/h1-5H2,JHIVVAPYMSGYDF-UHFFFAOYSA-N,False
1,CCC1CCC(=O)O1,"InChI=1S/C6H10O2/c1-2-5-3-4-6(7)8-5/h5H,2-4H2,1H3",JBFHTYHTHYHCDJ-UHFFFAOYSA-N,False
1,C=CCC(C)C(=O)O,"InChI=1S/C6H10O2/c1-3-4-5(2)6(7)8/h3,5H,1,4H2,2H3,(H,7,8)",HVRZYSHVZOELOH-UHFFFAOYSA-N,False
1,CC=CC(C)C(=O)O,"InChI=1S/C6H10O2/c1-3-4-5(2)6(7)8/h3-5H,1-2H3,(H,7,8)",NFRJJFMXYKSRPK-UHFFFAOYSA-N,False
1,CCC=C(C)C(=O)O,"InChI=1S/C6H10O2/c1-3-4-5(2)6(7)8/h4H,3H2,1-2H3,(H,7,8)",JJYWRQLLQAKNAD-UHFFFAOYSA-N,False
1,CCCC(=O)C(C)=O,"InChI=1S/C6H10O2/c1-3-4-6(8)5(2)7/h3-4H2,1-2H3",MWVFCEVNXHTDNF-UHFFFAOYSA-N,False
1,CCC(=O)C(=O)CC,"InChI=1S/C6H10O2/c1-3-5(7)6(8)4-2/h3-4H2,1-2H3",KVFQMAZOBTXCAZ-UHFFFAOYSA-N,False
1,CC=CC(=O)OCC,"InChI=1S/C6H10O2/c1-3-5-6(7)8-4-2/h3,5H,4H2,1-2H3",ZFDIRQKJPRINOQ-UHFFFAOYSA-N,False
1,C=CCOC(=O)CC,"InChI=1S/C6H10O2/c1-3-5-8-6(7)4-2/h3H,1,4-5H2,2H3",XRFWKHVQMACVTA-UHFFFAOYSA-N,False
1,CC(=O)C(=O)C(C)C,"InChI=1S/C6H10O2/c1-4(2)6(8)5(3)7/h4H,1-3H3",JENYBWHRLYZSSZ-UHFFFAOYSA-N,False
1,C=C(C)C(=O)OCC,"InChI=1S/C6H10O2/c1-4-8-6(7)5(2)3/h2,4H2,1,3H3",SUPCQIBBMFXVTL-UHFFFAOYSA-N,False
1,CC1CCCC(=O)O1,"InChI=1S/C6H10O2/c1-5-3-2-4-6(7)8-5/h5H,2-4H2,1H3",RZTOWFMDBDPERY-UHFFFAOYSA-N,False
1,CC(C)=CCOC=O,"InChI=1S/C6H10O2/c1-6(2)3-4-8-5-7/h3,5H,4H2,1-2H3",ZCROFVOAWLRGFY-UHFFFAOYSA-N,False
1,CCCC(=O)CC(=O)O,"InChI=1S/C6H10O3/c1-2-3-5(7)4-6(8)9/h2-4H2,1H3,(H,8,9)",BDCLDNALSPBWPQ-UHFFFAOYSA-N,False
1,CCCOC(=O)C(C)=O,"InChI=1S/C6H10O3/c1-3-4-9-6(8)5(2)7/h3-4H2,1-2H3",ILPVOWZUBFRIAX-UHFFFAOYSA-N,False
1,CCOC(=O)CC(C)=O,"InChI=1S/C6H10O3/c1-3-9-6(8)4-5(2)7/h3-4H2,1-2H3",XYIBRDXRRQCHLP-UHFFFAOYSA-N,False
1,CC(C)CC(=O)C(=O)O,"InChI=1S/C6H10O3/c1-4(2)3-5(7)6(8)9/h4H,3H2,1-2H3,(H,8,9)",BKAJNAXTPSGJCU-UHFFFAOYSA-N,False
1,CC(=O)OC(C)C(C)=O,"InChI=1S/C6H10O3/c1-4(7)5(2)9-6(3)8/h5H,1-3H3",ZKPTYCJWRHHBOW-UHFFFAOYSA-N,False
1,COC(=O)CCC(C)=O,"InChI=1S/C6H10O3/c1-5(7)3-4-6(8)9-2/h3-4H2,1-2H3",UAGJVSRUFNSIHR-UHFFFAOYSA-N,False
1,CC(=O)OCCOC(C)=O,"InChI=1S/C6H10O4/c1-5(7)9-3-4-10-6(2)8/h3-4H2,1-2H3",JTXMVXSTHSMVQF-UHFFFAOYSA-N,False
1,COC(=O)CCC(=O)OC,"InChI=1S/C6H10O4/c1-9-5(7)3-4-6(8)10-2/h3-4H2,1-2H3",MUXOBHXGJLMRAB-UHFFFAOYSA-N,False
0,O=C(O)CCCCC(=O)O,"InChI=1S/C6H10O4/c7-5(8)3-1-2-4-6(9)10/h1-4H2,(H,7,8)(H,9,10)",WNLRTRBMVRJNCN-UHFFFAOYSA-N,False
1,C=CCSC(=O)CC,"InChI=1S/C6H10OS/c1-3-5-8-6(7)4-2/h3H,1,4-5H2,2H3",GKRISGLFPMFKSX-UHFFFAOYSA-N,False
1,C=CCS[S+]([O-])CC=C,"InChI=1S/C6H10OS2/c1-3-5-8-9(7)6-4-2/h3-4H,1-2,5-6H2",JDLKFOPOAOFWQN-UHFFFAOYSA-N,False
1,C=CCSCC=C,"InChI=1S/C6H10S/c1-3-5-7-6-4-2/h3-4H,1-2,5-6H2",UBJVUCKUDDKUJF-UHFFFAOYSA-N,False
1,CC=CSC=CC,"InChI=1S/C6H10S/c1-3-5-7-6-4-2/h3-6H,1-2H3",RJDJXOBGMMKPMH-UHFFFAOYSA-N,False
1,C=CCSSCC=C,"InChI=1S/C6H10S2/c1-3-5-7-8-6-4-2/h3-4H,1-2,5-6H2",PFRGXCVKLLPLIP-UHFFFAOYSA-N,False
1,C=CCSSSCC=C,"InChI=1S/C6H10S3/c1-3-5-7-9-8-6-4-2/h3-4H,1-2,5-6H2",UBAXRAHSPKWNCX-UHFFFAOYSA-N,False
1,C=CCSSSSCC=C,"InChI=1S/C6H10S4/c1-3-5-7-9-10-8-6-4-2/h3-4H,1-2,5-6H2",RMKCQUWJDRTEHE-UHFFFAOYSA-N,False
1,CC1=NC(C)OC1C,"InChI=1S/C6H11NO/c1-4-5(2)8-6(3)7-4/h5-6H,1-3H3",YFSGRMONVCFYTC-UHFFFAOYSA-N,False
1,CCSC(=O)CNC(C)=O,"InChI=1S/C6H11NO2S/c1-3-10-6(9)4-7-5(2)8/h3-4H2,1-2H3,(H,7,8)",LLRORYLEZABTBA-UHFFFAOYSA-N,False
1,CCCCCN=C=S,"InChI=1S/C6H11NS/c1-2-3-4-5-7-6-8/h2-5H2,1H3",SGHJUJBYMSVAJY-UHFFFAOYSA-N,False
1,CCC1N=C(C)CS1,"InChI=1S/C6H11NS/c1-3-6-7-5(2)4-8-6/h6H,3-4H2,1-2H3",GKTIVNKILASSAW-UHFFFAOYSA-N,False
1,CC(C)CCN=C=S,"InChI=1S/C6H11NS/c1-6(2)3-4-7-5-8/h6H,3-4H2,1-2H3",JATNWMBUDXLMEO-UHFFFAOYSA-N,False
1,CSCCCCC#N,"InChI=1S/C6H11NS/c1-8-6-4-2-3-5-7/h2-4,6H2,1H3",XPUDGEZWSNPCMM-UHFFFAOYSA-N,False
1,CC1=NC(C)SC(C)S1,"InChI=1S/C6H11NS2/c1-4-7-5(2)9-6(3)8-4/h4,6H,1-3H3",NFYXFXOCHNOCMZ-UHFFFAOYSA-N,False
1,CSCCCCN=C=S,"InChI=1S/C6H11NS2/c1-9-5-3-2-4-7-6-8/h2-5H2,1H3",IHQDGXUYTSZGOG-UHFFFAOYSA-N,False
0,CN(C)C(=S)SC(=S)N(C)C,InChI=1S/C6H12N2S3/c1-7(2)5(9)11-6(10)8(3)4/h1-4H3,REQPQFUJGGOFQL-UHFFFAOYSA-N,False
0,C1N2CN3CN1CN(C2)C3,InChI=1S/C6H12N4/c1-7-2-9-4-8(1)5-10(3-7)6-9/h1-6H2,VKYKSIONXSXAKP-UHFFFAOYSA-N,False
0,COP(=S)(OC)SCC(=O)N(C)C=O,"InChI=1S/C6H12NO4PS2/c1-7(5-8)6(9)4-14-12(13,10-2)11-3/h5H,4H2,1-3H3",AIKKULXCBHRFOS-UHFFFAOYSA-N,False
1,C=CCCCCO,"InChI=1S/C6H12O/c1-2-3-4-5-6-7/h2,7H,1,3-6H2",UIZVMOZAXAMASY-UHFFFAOYSA-N,False
1,CC=CCCCO,"InChI=1S/C6H12O/c1-2-3-4-5-6-7/h2-3,7H,4-6H2,1H3",VTIODUHBZHNXFP-UHFFFAOYSA-N,False
1,CCC=CCCO,"InChI=1S/C6H12O/c1-2-3-4-5-6-7/h3-4,7H,2,5-6H2,1H3",UFLHIIWVXFIJGU-UHFFFAOYSA-N,False
1,CCCC=CCO,"InChI=1S/C6H12O/c1-2-3-4-5-6-7/h4-5,7H,2-3,6H2,1H3",ZCHHRLHTBGRGOT-UHFFFAOYSA-N,False
1,CCCCCC=O,"InChI=1S/C6H12O/c1-2-3-4-5-6-7/h6H,2-5H2,1H3",JARKCYVAAOWBJS-UHFFFAOYSA-N,False
1,CCCCC(C)=O,"InChI=1S/C6H12O/c1-3-4-5-6(2)7/h3-5H2,1-2H3",QQZOPKMRPOGIEB-UHFFFAOYSA-N,False
1,CCCC(C)C=O,"InChI=1S/C6H12O/c1-3-4-6(2)5-7/h5-6H,3-4H2,1-2H3",FTZILAQGHINQQR-UHFFFAOYSA-N,False
1,CCCC(=O)CC,"InChI=1S/C6H12O/c1-3-5-6(7)4-2/h3-5H2,1-2H3",PFCHFHIRKBAQGU-UHFFFAOYSA-N,False
1,C=CC(O)CCC,"InChI=1S/C6H12O/c1-3-5-6(7)4-2/h4,6-7H,2-3,5H2,1H3",BVOSSZSHBZQJOI-UHFFFAOYSA-N,False
1,CCC(C=O)CC,"InChI=1S/C6H12O/c1-3-6(4-2)5-7/h5-6H,3-4H2,1-2H3",UNNGUFMVYQJGTD-UHFFFAOYSA-N,False
1,CC(=O)CC(C)C,"InChI=1S/C6H12O/c1-5(2)4-6(3)7/h5H,4H2,1-3H3",NTIZESTWPVYFNL-UHFFFAOYSA-N,False
1,OC1CCCCC1,"InChI=1S/C6H12O/c7-6-4-2-1-3-5-6/h6-7H,1-5H2",HPXRVTGHNJAIIH-UHFFFAOYSA-N,False
1,CCCCCC(=O)O,"InChI=1S/C6H12O2/c1-2-3-4-5-6(7)8/h2-5H2,1H3,(H,7,8)",FUZZWVXGSFPDMH-UHFFFAOYSA-N,False
1,CCCCCOC=O,"InChI=1S/C6H12O2/c1-2-3-4-5-8-6-7/h6H,2-5H2,1H3",DIQMPQMYFZXDAX-UHFFFAOYSA-N,False
1,CCCC(C)C(=O)O,"InChI=1S/C6H12O2/c1-3-4-5(2)6(7)8/h5H,3-4H2,1-2H3,(H,7,8)",OVBFMEVBMNZIBR-UHFFFAOYSA-N,False
1,CCCCC(=O)OC,"InChI=1S/C6H12O2/c1-3-4-5-6(7)8-2/h3-5H2,1-2H3",HNBDRPTVWVGKBR-UHFFFAOYSA-N,False
1,CCCCOC(C)=O,"InChI=1S/C6H12O2/c1-3-4-5-8-6(2)7/h3-5H2,1-2H3",DKPFZGUDAPQIHT-UHFFFAOYSA-N,False
1,CCC(C)CC(=O)O,"InChI=1S/C6H12O2/c1-3-5(2)4-6(7)8/h5H,3-4H2,1-2H3,(H,7,8)",IGIDLTISMCAULB-UHFFFAOYSA-N,False
1,CCC(CC)C(=O)O,"InChI=1S/C6H12O2/c1-3-5(4-2)6(7)8/h5H,3-4H2,1-2H3,(H,7,8)",OXQGTIUCKGYOAA-UHFFFAOYSA-N,False
1,CCCC(=O)OCC,"InChI=1S/C6H12O2/c1-3-5-6(7)8-4-2/h3-5H2,1-2H3",OBNCKNCVKJNDBV-UHFFFAOYSA-N,False
1,CCCOC(=O)CC,"InChI=1S/C6H12O2/c1-3-5-8-6(7)4-2/h3-5H2,1-2H3",MCSINKKTEDDPNK-UHFFFAOYSA-N,False
1,CCC(C)C(=O)OC,"InChI=1S/C6H12O2/c1-4-5(2)6(7)8-3/h5H,4H2,1-3H3",OCWLYWIFNDCWRZ-UHFFFAOYSA-N,False
1,CCC(C)OC(C)=O,"InChI=1S/C6H12O2/c1-4-5(2)8-6(3)7/h5H,4H2,1-3H3",DCKVNWZUADLDEH-UHFFFAOYSA-N,False
1,CCC(=O)OC(C)C,"InChI=1S/C6H12O2/c1-4-6(7)8-5(2)3/h5H,4H2,1-3H3",IJMWOMHMDSDKGK-UHFFFAOYSA-N,False
1,CCOC(=O)C(C)C,"InChI=1S/C6H12O2/c1-4-8-6(7)5(2)3/h5H,4H2,1-3H3",WDAXFOBOLVPGLV-UHFFFAOYSA-N,False
1,CC(C)CCC(=O)O,"InChI=1S/C6H12O2/c1-5(2)3-4-6(7)8/h5H,3-4H2,1-2H3,(H,7,8)",FGKJLKRYENPLQH-UHFFFAOYSA-N,False
1,COC(=O)CC(C)C,"InChI=1S/C6H12O2/c1-5(2)4-6(7)8-3/h5H,4H2,1-3H3",OQAGVSWESNCJJT-UHFFFAOYSA-N,False
1,CC(=O)OCC(C)C,"InChI=1S/C6H12O2/c1-5(2)4-8-6(3)7/h5H,4H2,1-3H3",GJRQTCIYDGXPES-UHFFFAOYSA-N,False
1,CC1COC(C)(C)O1,"InChI=1S/C6H12O2/c1-5-4-7-6(2,3)8-5/h5H,4H2,1-3H3",ALTFLAPROMVXNX-UHFFFAOYSA-N,False
1,CC(C)CCOC=O,"InChI=1S/C6H12O2/c1-6(2)3-4-8-5-7/h5-6H,3-4H2,1-2H3",XKYICAQFSCFURC-UHFFFAOYSA-N,False
1,CCCC(=O)OCSC,"InChI=1S/C6H12O2S/c1-3-4-6(7)8-5-9-2/h3-5H2,1-2H3",PGAUNUCMBMQPFT-UHFFFAOYSA-N,False
1,CCCOC(=O)C(C)S,"InChI=1S/C6H12O2S/c1-3-4-8-6(7)5(2)9/h5,9H,3-4H2,1-2H3",SZNSBSIVODFXBS-UHFFFAOYSA-N,False
1,CCOC(=O)CC(C)S,"InChI=1S/C6H12O2S/c1-3-8-6(7)4-5(2)9/h5,9H,3-4H2,1-2H3",FPBCNQQYLDBWMH-UHFFFAOYSA-N,False
1,CCOC(=O)CCSC,"InChI=1S/C6H12O2S/c1-3-8-6(7)4-5-9-2/h3-5H2,1-2H3",YSNWHRKJEKWJNY-UHFFFAOYSA-N,False
1,CCC(SC)C(=O)OC,"InChI=1S/C6H12O2S/c1-4-5(9-3)6(7)8-2/h5H,4H2,1-3H3",PBYSEUNXLXTEAN-UHFFFAOYSA-N,False
1,CC(=O)OCCC(C)S,"InChI=1S/C6H12O2S/c1-5(9)3-4-8-6(2)7/h5,9H,3-4H2,1-2H3",GMXSGLCDVHHWIB-UHFFFAOYSA-N,False
1,COC(=O)CC(C)SC,"InChI=1S/C6H12O2S/c1-5(9-3)4-6(7)8-2/h5H,4H2,1-3H3",HJJHJUWCICDDEL-UHFFFAOYSA-N,False
1,CC(C)(S)CCOC=O,"InChI=1S/C6H12O2S/c1-6(2,9)3-4-8-5-7/h5,9H,3-4H2,1-2H3",VTAPYUYITKYXJB-UHFFFAOYSA-N,False
1,CSCCCOC(C)=O,"InChI=1S/C6H12O2S/c1-6(7)8-4-3-5-9-2/h3-5H2,1-2H3",LPZQTNIAYMRVMF-UHFFFAOYSA-N,False
1,COC(=O)CCCSC,"InChI=1S/C6H12O2S/c1-8-6(7)4-3-5-9-2/h3-5H2,1-2H3",HQDLZISNHUMXEA-UHFFFAOYSA-N,False
1,CSCCCOC(=O)CS,"InChI=1S/C6H12O2S2/c1-10-4-2-3-8-6(7)5-9/h9H,2-5H2,1H3",CNFYMFGPHSETCO-UHFFFAOYSA-N,False
1,CCOC(=O)C(C)SSC,"InChI=1S/C6H12O2S2/c1-4-8-6(7)5(2)10-9-3/h5H,4H2,1-3H3",DZOQRCWJNNRVPT-UHFFFAOYSA-N,False
1,CC1(O)CSC(C)(O)CS1,"InChI=1S/C6H12O2S2/c1-5(7)3-10-6(2,8)4-9-5/h7-8H,3-4H2,1-2H3",NHKIYYMFGJBOTK-UHFFFAOYSA-N,False
1,CCOC(=O)CCCO,"InChI=1S/C6H12O3/c1-2-9-6(8)4-3-5-7/h7H,2-5H2,1H3",AYPJVXQBVHCUCJ-UHFFFAOYSA-N,False
1,CCCOC(=O)C(C)O,"InChI=1S/C6H12O3/c1-3-4-9-6(8)5(2)7/h5,7H,3-4H2,1-2H3",ILVGAIQLOCKNQA-UHFFFAOYSA-N,False
1,CCOCCOC(C)=O,"InChI=1S/C6H12O3/c1-3-8-4-5-9-6(2)7/h3-5H2,1-2H3",SVONRAPFKPVNKG-UHFFFAOYSA-N,False
1,CCOC(=O)CC(C)O,"InChI=1S/C6H12O3/c1-3-9-6(8)4-5(2)7/h5,7H,3-4H2,1-2H3",OMSUIQOIVADKIM-UHFFFAOYSA-N,False
1,CC1OC(C)OC(C)O1,"InChI=1S/C6H12O3/c1-4-7-5(2)9-6(3)8-4/h4-6H,1-3H3",SQYNKIJPMDEDEG-UHFFFAOYSA-N,False
1,CCOC(C)OC(C)=O,"InChI=1S/C6H12O3/c1-4-8-6(3)9-5(2)7/h6H,4H2,1-3H3",FAIARWOGQAQTPS-UHFFFAOYSA-N,False
1,COC(CC(C)=O)OC,"InChI=1S/C6H12O3/c1-5(7)4-6(8-2)9-3/h6H,4H2,1-3H3",PJCCSZUMZMCWSX-UHFFFAOYSA-N,False
0,CC(=O)C(O)C(O)C(O)CO,"InChI=1S/C6H12O5/c1-3(8)5(10)6(11)4(9)2-7/h4-7,9-11H,2H2,1H3",IXDZFGATLNCIOI-UHFFFAOYSA-N,False
0,O=C(C(O)CO)C(O)C(O)CO,"InChI=1S/C6H12O6/c7-1-3(9)5(11)6(12)4(10)2-8/h3-5,7-11H,1-2H2",DWJZKGYQNOQQEZ-UHFFFAOYSA-N,False
1,CCCC(S)CC=O,"InChI=1S/C6H12OS/c1-2-3-6(8)4-5-7/h5-6,8H,2-4H2,1H3",MMODARXIJRCRGL-UHFFFAOYSA-N,False
1,CCC(S)C(C)C=O,"InChI=1S/C6H12OS/c1-3-6(8)5(2)4-7/h4-6,8H,3H2,1-2H3",FSAGSGCELJTQFN-UHFFFAOYSA-N,False
1,CC(=O)C(S)C(C)C,"InChI=1S/C6H12OS/c1-4(2)6(8)5(3)7/h4,6,8H,1-3H3",GVDXJPHOFKMDJV-UHFFFAOYSA-N,False
1,CC1CC(S)C(C)O1,"InChI=1S/C6H12OS/c1-4-3-6(8)5(2)7-4/h4-6,8H,3H2,1-2H3",WBELUTNLJPCIHS-UHFFFAOYSA-N,False
1,CCC(C)C(=O)SC,"InChI=1S/C6H12OS/c1-4-5(2)6(7)8-3/h5H,4H2,1-3H3",IAMIOPHEADLKFT-UHFFFAOYSA-N,False
1,CSC(=O)CC(C)C,"InChI=1S/C6H12OS/c1-5(2)4-6(7)8-3/h5H,4H2,1-3H3",MPLWTJZAFOVXKP-UHFFFAOYSA-N,False
1,CC(=O)CC(C)(C)S,"InChI=1S/C6H12OS/c1-5(7)4-6(2,3)8/h8H,4H2,1-3H3",QRNZMFDCKKEPSX-UHFFFAOYSA-N,False
1,C=CCSCCC,"InChI=1S/C6H12S/c1-3-5-7-6-4-2/h3H,1,4-6H2,2H3",JMLIYQJQKZYHDQ-UHFFFAOYSA-N,False
1,SC1CCCCC1,"InChI=1S/C6H12S/c7-6-4-2-1-3-5-6/h6-7H,1-5H2",CMKBCTPCXZNQKX-UHFFFAOYSA-N,False
1,CC=CSSCCC,"InChI=1S/C6H12S2/c1-3-5-7-8-6-4-2/h3,5H,4,6H2,1-2H3",AAPBYIVJOWCMGH-UHFFFAOYSA-N,False
1,C=CCSSCCC,"InChI=1S/C6H12S2/c1-3-5-7-8-6-4-2/h3H,1,4-6H2,2H3",FCSSPCOFDUKHPV-UHFFFAOYSA-N,False
1,CCC1SSC(CC)S1,"InChI=1S/C6H12S3/c1-3-5-7-6(4-2)9-8-5/h5-6H,3-4H2,1-2H3",WQXXXHMEBYGSBG-UHFFFAOYSA-N,False
1,C=CCSSSCCC,"InChI=1S/C6H12S3/c1-3-5-7-9-8-6-4-2/h3H,1,4-6H2,2H3",IXJMGVJLUBBAQW-UHFFFAOYSA-N,False
1,CC1SC(C)SC(C)S1,"InChI=1S/C6H12S3/c1-4-7-5(2)9-6(3)8-4/h4-6H,1-3H3",XQVYLDFSPBXACS-UHFFFAOYSA-N,False
1,CC1CCCCN1,"InChI=1S/C6H13N/c1-6-4-2-3-5-7-6/h6-7H,2-5H2,1H3",NNWUEBIEOFQMSS-UHFFFAOYSA-N,False
0,NCCCCCC(=O)O,"InChI=1S/C6H13NO2/c7-5-3-1-2-4-6(8)9/h1-5,7H2,(H,8,9)",SLXKOJJOQWFEFD-UHFFFAOYSA-N,False
0,O=S(=O)(O)NC1CCCCC1,"InChI=1S/C6H13NO3S/c8-11(9,10)7-6-4-2-1-3-5-6/h6-7H,1-5H2,(H,8,9,10)",HCAJEUSONLESMK-UHFFFAOYSA-N,False
1,CCCCCC,"InChI=1S/C6H14/c1-3-5-6-4-2/h3-6H2,1-2H3",VLKZOEOYAKHREP-UHFFFAOYSA-N,False
1,CCC(C)CNC=NO,"InChI=1S/C6H14N2O/c1-3-6(2)4-7-5-8-9/h5-6,9H,3-4H2,1-2H3,(H,7,8)",DXHXESRGQFZQRG-UHFFFAOYSA-N,False
1,CCCCCCO,"InChI=1S/C6H14O/c1-2-3-4-5-6-7/h7H,2-6H2,1H3",ZSIAUFGUXNUGDI-UHFFFAOYSA-N,False
1,CCCCC(C)O,"InChI=1S/C6H14O/c1-3-4-5-6(2)7/h6-7H,3-5H2,1-2H3",QNVRIHYSUZMSGM-UHFFFAOYSA-N,False
1,CCCC(O)CC,"InChI=1S/C6H14O/c1-3-5-6(7)4-2/h6-7H,3-5H2,1-2H3",ZOCHHNOQQHDWHG-UHFFFAOYSA-N,False
1,CCC(C)CCO,"InChI=1S/C6H14O/c1-3-6(2)4-5-7/h6-7H,3-5H2,1-2H3",IWTBVKIGCDZRPL-UHFFFAOYSA-N,False
1,CCC(CC)CO,"InChI=1S/C6H14O/c1-3-6(4-2)5-7/h6-7H,3-5H2,1-2H3",TZYRSLHNPKPEFV-UHFFFAOYSA-N,False
1,CCOC(C)CC,"InChI=1S/C6H14O/c1-4-6(3)7-5-2/h6H,4-5H2,1-3H3",VSCUCHUDCLERMY-UHFFFAOYSA-N,False
1,CCC(C)(O)CC,"InChI=1S/C6H14O/c1-4-6(3,7)5-2/h7H,4-5H2,1-3H3",FRDAATYAJDYRNW-UHFFFAOYSA-N,False
1,CC(C)CC(C)O,"InChI=1S/C6H14O/c1-5(2)4-6(3)7/h5-7H,4H2,1-3H3",WVYWICLMDOOCFB-UHFFFAOYSA-N,False
1,CC(C)CCCO,"InChI=1S/C6H14O/c1-6(2)4-3-5-7/h6-7H,3-5H2,1-2H3",PCWGTDULNUVNBN-UHFFFAOYSA-N,False
1,CCOC(C)OCC,"InChI=1S/C6H14O2/c1-4-7-6(3)8-5-2/h6H,4-5H2,1-3H3",DHKHKXVYLBGOIT-UHFFFAOYSA-N,False
1,CC(C)(O)C(C)(C)O,"InChI=1S/C6H14O2/c1-5(2,7)6(3,4)8/h7-8H,1-4H3",IVDFJHOHABJVEH-UHFFFAOYSA-N,False
1,CCCSS(=O)(=O)CCC,"InChI=1S/C6H14O2S2/c1-3-5-9-10(7,8)6-4-2/h3-6H2,1-2H3",OUIASSQOLAEHIR-UHFFFAOYSA-N,False
1,CCOCCOCCO,"InChI=1S/C6H14O3/c1-2-8-5-6-9-4-3-7/h7H,2-6H2,1H3",XXJWXESWEXIICW-UHFFFAOYSA-N,False
1,CC(O)COCC(C)O,"InChI=1S/C6H14O3/c1-5(7)3-9-4-6(2)8/h5-8H,3-4H2,1-2H3",AZUXKVXMJOIAOF-UHFFFAOYSA-N,False
0,OCCOCCOCCO,"InChI=1S/C6H14O4/c7-1-3-9-5-6-10-4-2-8/h7-8H,1-6H2",ZIBGPFATKBEMQZ-UHFFFAOYSA-N,False
1,CCCC(S)CCO,"InChI=1S/C6H14OS/c1-2-3-6(8)4-5-7/h6-8H,2-5H2,1H3",TYZFMFVWHZKYSE-UHFFFAOYSA-N,False
1,CCC(S)C(C)CO,"InChI=1S/C6H14OS/c1-3-6(8)5(2)4-7/h5-8H,3-4H2,1-2H3",HABNNYNSJFKZFE-UHFFFAOYSA-N,False
1,CCSC(C)CCO,"InChI=1S/C6H14OS/c1-3-8-6(2)4-5-7/h6-7H,3-5H2,1-2H3",RNFXBUGJWZOUJT-UHFFFAOYSA-N,False
1,CC(O)CC(C)(C)S,"InChI=1S/C6H14OS/c1-5(7)4-6(2,3)8/h5,7-8H,4H2,1-3H3",FDBQLLMYSACLPB-UHFFFAOYSA-N,False
1,COCCC(C)(C)S,"InChI=1S/C6H14OS/c1-6(2,8)4-5-7-3/h8H,4-5H2,1-3H3",XVHGKKGBUDMTIQ-UHFFFAOYSA-N,False
1,CCCCCCS,"InChI=1S/C6H14S/c1-2-3-4-5-6-7/h7H,2-6H2,1H3",PMBXCGGQNSVESQ-UHFFFAOYSA-N,False
1,CCCSCCC,"InChI=1S/C6H14S/c1-3-5-7-6-4-2/h3-6H2,1-2H3",ZERULLAPCVRMCO-UHFFFAOYSA-N,False
1,CC(C)SC(C)C,"InChI=1S/C6H14S/c1-5(2)7-6(3)4/h5-6H,1-4H3",XYWDPYKBIRQXQS-UHFFFAOYSA-N,False
1,CCCCCSSC,"InChI=1S/C6H14S2/c1-3-4-5-6-8-7-2/h3-6H2,1-2H3",VDJXDNLYBDHPHP-UHFFFAOYSA-N,False
1,CCCCSSCC,"InChI=1S/C6H14S2/c1-3-5-6-8-7-4-2/h3-6H2,1-2H3",QEYJAENSRLNDFW-UHFFFAOYSA-N,False
1,CCCSSCCC,"InChI=1S/C6H14S2/c1-3-5-7-8-6-4-2/h3-6H2,1-2H3",ALVPFGSHPUPROW-UHFFFAOYSA-N,False
1,CCSC(C)SCC,"InChI=1S/C6H14S2/c1-4-7-6(3)8-5-2/h6H,4-5H2,1-3H3",CIYDRAJJTMIKGP-UHFFFAOYSA-N,False
1,SCCCCCCS,"InChI=1S/C6H14S2/c7-5-3-1-2-4-6-8/h7-8H,1-6H2",SRZXCOWFGPICGA-UHFFFAOYSA-N,False
1,CCC(S)SC(S)CC,"InChI=1S/C6H14S3/c1-3-5(7)9-6(8)4-2/h5-8H,3-4H2,1-2H3",MPDULAQZHPFPOG-UHFFFAOYSA-N,False
1,CCCSSSCCC,"InChI=1S/C6H14S3/c1-3-5-7-9-8-6-4-2/h3-6H2,1-2H3",GAZXPZNJTZIGBO-UHFFFAOYSA-N,False
1,CCCCCCN,"InChI=1S/C6H15N/c1-2-3-4-5-6-7/h2-7H2,1H3",BMVXCPBXGZKUPN-UHFFFAOYSA-N,False
1,CCN(CC)CC,"InChI=1S/C6H15N/c1-4-7(5-2)6-3/h4-6H2,1-3H3",ZMANZCXQSJIPKH-UHFFFAOYSA-N,False
0,OCCN(CCO)CCO,"InChI=1S/C6H15NO3/c8-4-1-7(2-5-9)3-6-10/h8-10H,1-6H2",GSEJCLTVZPLZKY-UHFFFAOYSA-N,False
0,CC(C)NP(=O)(F)NC(C)C,"InChI=1S/C6H16FN2OP/c1-5(2)8-11(7,10)9-6(3)4/h5-6H,1-4H3,(H2,8,9,10)",UOSHUBFBCPGQAY-UHFFFAOYSA-N,False
0,O=C(O)C1=C(Cl)C=CC(Cl)=N1,"InChI=1S/C6H3Cl2NO2/c7-3-1-2-4(8)9-5(3)6(10)11/h1-2H,(H,10,11)",HUBANNPOLNYSAD-UHFFFAOYSA-N,False
0,O=[N+]([O-])C1=CC([N+](=O)[O-])=C(O)C([N+](=O)[O-])=C1,"InChI=1S/C6H3N3O7/c10-6-4(8(13)14)1-3(7(11)12)2-5(6)9(15)16/h1-2,10H",OXNIZHLAWKMVMX-UHFFFAOYSA-N,False
1,ClC1=CC=C(Cl)C=C1,InChI=1S/C6H4Cl2/c7-5-1-2-6(8)4-3-5/h1-4H,OCJBOOLMMGQPQU-UHFFFAOYSA-N,False
0,NC1=CC(Cl)=NC(C(=O)O)=C1Cl,"InChI=1S/C6H4Cl2N2O2/c7-3-1-2(9)4(8)5(10-3)6(11)12/h1H,(H2,9,10)(H,11,12)",NIXXQNOQHKNPEJ-UHFFFAOYSA-N,False
0,NC1=C(Cl)C=C([N+](=O)[O-])C=C1Cl,"InChI=1S/C6H4Cl2N2O2/c7-4-1-3(10(11)12)2-5(8)6(4)9/h1-2H,9H2",BIXZHMJUSMUDOQ-UHFFFAOYSA-N,False
0,CC(=O)[O][Hg][C]1=CC=CC=C1,"InChI=1S/C6H5.C2H4O2.Hg/c1-2-4-6-5-3-1;1-2(3)4;/h1-5H;1H3,(H,3,4);/q;;+1/p-1",XEBWQGVWTUSTLN-UHFFFAOYSA-M,False
1,OC1=CC=CC=C1Br,"InChI=1S/C6H5BrO/c7-5-3-1-2-4-6(5)8/h1-4,8H",VADKRMSMGWJZCF-UHFFFAOYSA-N,False
1,OC1=CC=CC=C1Cl,"InChI=1S/C6H5ClO/c7-5-3-1-2-4-6(5)8/h1-4,8H",ISPYQTSUDJAMAB-UHFFFAOYSA-N,False
0,O=C(O)C1=CN=CC=C1,"InChI=1S/C6H5NO2/c8-6(9)5-2-1-3-7-4-5/h1-4H,(H,8,9)",PVNIIMVLHYAWGP-UHFFFAOYSA-N,False
0,O=C([O-])C1=CC=CC=N1,"InChI=1S/C6H5NO2/c8-6(9)5-3-1-2-4-7-5/h1-4H,(H,8,9)/p-1",SIOXPEMLGUPBBT-UHFFFAOYSA-M,False
0,O=[N+]([O-])C1=CC=C(O)C=C1,"InChI=1S/C6H5NO3/c8-6-3-1-5(2-4-6)7(9)10/h1-4,8H",BTJIUGUIPKRLHP-UHFFFAOYSA-N,False
1,C1=CC=CC=C1,InChI=1S/C6H6/c1-2-4-6-5-3-1/h1-6H,UHOVQNZJYSORNB-UHFFFAOYSA-N,False
1,CC(=O)C1=NC=CN=C1,"InChI=1S/C6H6N2O/c1-5(9)6-4-7-2-3-8-6/h2-4H,1H3",DBZAKQWXICEWNW-UHFFFAOYSA-N,False
0,NC(=O)C1=CN=CC=C1,"InChI=1S/C6H6N2O/c7-6(9)5-2-1-3-8-4-5/h1-4H,(H2,7,9)",DFPAKSUCGFBDDF-UHFFFAOYSA-N,False
1,OC1=CC=CC=C1,"InChI=1S/C6H6O/c7-6-4-2-1-3-5-6/h1-5,7H",ISWSIDIOOBJBQZ-UHFFFAOYSA-N,False
1,CC(=O)C1=CC=CO1,"InChI=1S/C6H6O2/c1-5(7)6-3-2-4-8-6/h2-4H,1H3",IEMMBWWQXVXBEU-UHFFFAOYSA-N,False
1,CC1=CC=C(C=O)O1,"InChI=1S/C6H6O2/c1-5-2-3-6(4-7)8-5/h2-4H,1H3",OUDFNZMQXZILJD-UHFFFAOYSA-N,False
0,OC1=CC=C(O)C=C1,"InChI=1S/C6H6O2/c7-5-1-2-6(8)4-3-5/h1-4,7-8H",QIGBRXMKCJKVMJ-UHFFFAOYSA-N,False
1,OC1=CC=CC(O)=C1,"InChI=1S/C6H6O2/c7-5-2-1-3-6(8)4-5/h1-4,7-8H",GHMLBKRAJCXXBS-UHFFFAOYSA-N,False
1,CSC(=O)C1=CC=CO1,"InChI=1S/C6H6O2S/c1-9-6(7)5-3-2-4-8-5/h2-4H,1H3",ISKUAGFDTRLBHG-UHFFFAOYSA-N,False
1,O=CSCC1=CC=CO1,"InChI=1S/C6H6O2S/c7-5-9-4-6-2-1-3-8-6/h1-3,5H,4H2",GFAOAYJTEVHTLA-UHFFFAOYSA-N,False
1,CC(=O)C1=C(O)C=CO1,"InChI=1S/C6H6O3/c1-4(7)6-5(8)2-3-9-6/h2-3,8H,1H3",HPIGCVXMBGOWTF-UHFFFAOYSA-N,False
1,CC1=C(O)C(=O)C=CO1,"InChI=1S/C6H6O3/c1-4-6(8)5(7)2-3-9-4/h2-3,8H,1H3",XPCTZQVDEJYUGT-UHFFFAOYSA-N,False
1,COC(=O)C1=CC=CO1,"InChI=1S/C6H6O3/c1-8-6(7)5-3-2-4-9-5/h2-4H,1H3",HDJLSECJEQSPKW-UHFFFAOYSA-N,False
1,O=CC1=CC=C(CO)O1,"InChI=1S/C6H6O3/c7-3-5-1-2-6(4-8)9-5/h1-3,8H,4H2",NOEGNKMFWQHSLB-UHFFFAOYSA-N,False
0,OC1=CC=CC(O)=C1O,"InChI=1S/C6H6O3/c7-4-2-1-3-5(8)6(4)9/h1-3,7-9H",WQGWDDDVZFFDIG-UHFFFAOYSA-N,False
1,O=COCC1=CC=CO1,"InChI=1S/C6H6O3/c7-5-8-4-6-2-1-3-9-6/h1-3,5H,4H2",FPRQARNPKWVCNI-UHFFFAOYSA-N,False
0,O=S(=O)([O-])C1=CC=C(O)C=C1,"InChI=1S/C6H6O4S/c7-5-1-3-6(4-2-5)11(8,9)10/h1-4,7H,(H,8,9,10)/p-1",FEPBITJSIHRMRT-UHFFFAOYSA-M,False
1,CC(=O)C1=CC=CS1,"InChI=1S/C6H6OS/c1-5(7)6-3-2-4-8-6/h2-4H,1H3",WYJOVVXUZNRJQY-UHFFFAOYSA-N,False
1,SC1=CC=CC=C1,"InChI=1S/C6H6S/c7-6-4-2-1-3-5-6/h1-5,7H",RMVRSNDYEFQCLF-UHFFFAOYSA-N,False
1,CC1=CC=CC=N1,"InChI=1S/C6H7N/c1-6-4-2-3-5-7-6/h2-5H,1H3",BSKHPKMHTQYZBB-UHFFFAOYSA-N,False
1,CC(=O)C1=CC=CN1,"InChI=1S/C6H7NO/c1-5(8)6-3-2-4-7-6/h2-4,7H,1H3",IGJQUJNPMOYEJY-UHFFFAOYSA-N,False
1,COC1=CC=CC=N1,"InChI=1S/C6H7NO/c1-8-6-4-2-3-5-7-6/h2-5H,1H3",IWTFOFMTUOBLHG-UHFFFAOYSA-N,False
1,CC(=O)C1=CN=C(C)O1,"InChI=1S/C6H7NO2/c1-4(8)6-3-7-5(2)9-6/h3H,1-2H3",ZUAVBZWESOIWQP-UHFFFAOYSA-N,False
1,CCC(=O)C1=NC=CS1,"InChI=1S/C6H7NOS/c1-2-5(8)6-7-3-4-9-6/h3-4H,2H2,1H3",TYRAENAWSLPSLW-UHFFFAOYSA-N,False
1,CC(=O)C1=NC(C)=CS1,"InChI=1S/C6H7NOS/c1-4-3-9-6(7-4)5(2)8/h3H,1-2H3",QPUIPSFYQGKAFL-UHFFFAOYSA-N,False
1,CC(=O)C1=C(C)N=CS1,"InChI=1S/C6H7NOS/c1-4-6(5(2)8)9-3-7-4/h3H,1-2H3",MBLHLRLBSIWLMG-UHFFFAOYSA-N,False
1,C=CC1=C(C)N=CS1,"InChI=1S/C6H7NS/c1-3-6-5(2)7-4-8-6/h3-4H,1H2,2H3",QUAMMXIRDIIGDJ-UHFFFAOYSA-N,False
1,SCC1=CC=CC=N1,"InChI=1S/C6H7NS/c8-5-6-3-1-2-4-7-6/h1-4,8H,5H2",SJIIDWBFRZACDQ-UHFFFAOYSA-N,False
0,O=C1OC(C(O)CO)C([O-])C1=O,"InChI=1S/C6H7O6/c7-1-2(8)5-3(9)4(10)6(11)12-5/h2-3,5,7-8H,1H2/q-1",IHNDCQWMVHAOKM-UHFFFAOYSA-N,False
0,NC1=CC=C([As](=O)(O)O)C=C1,"InChI=1S/C6H8AsNO3/c8-6-3-1-5(2-4-6)7(9,10)11/h1-4H,8H2,(H2,9,10,11)",XKNKHVGWJDPIRJ-UHFFFAOYSA-N,False
0,NC1=CC=C([As](=O)([O-])[O-])C=C1,"InChI=1S/C6H8AsNO3/c8-6-3-1-5(2-4-6)7(9,10)11/h1-4H,8H2,(H2,9,10,11)/p-2",XKNKHVGWJDPIRJ-UHFFFAOYSA-L,False
1,CCC1=NC=CN=C1,"InChI=1S/C6H8N2/c1-2-6-5-7-3-4-8-6/h3-5H,2H2,1H3",KVFIJIWMDBAGDP-UHFFFAOYSA-N,False
1,CC1=CN=CC(C)=N1,"InChI=1S/C6H8N2/c1-5-3-7-4-6(2)8-5/h3-4H,1-2H3",HJFZAYHYIWGLNL-UHFFFAOYSA-N,False
1,CC1=CN=C(C)C=N1,"InChI=1S/C6H8N2/c1-5-3-8-6(2)4-7-5/h3-4H,1-2H3",LCZUOKDVTBMCMX-UHFFFAOYSA-N,False
1,CC1=NC=CN=C1C,"InChI=1S/C6H8N2/c1-5-6(2)8-4-3-7-5/h3-4H,1-2H3",OXQOBQJCDNLAPO-UHFFFAOYSA-N,False
0,N#CCCCCC#N,InChI=1S/C6H8N2/c7-5-3-1-2-4-6-8/h1-4H2,BTGRAWJCKBQKAO-UHFFFAOYSA-N,False
1,COC1=NC(C)=CN=C1,"InChI=1S/C6H8N2O/c1-5-3-7-4-6(8-5)9-2/h3-4H,1-2H3",MYDVJLOKNIAHPH-UHFFFAOYSA-N,False
1,COC1=NC=CN=C1C,"InChI=1S/C6H8N2O/c1-5-6(9-2)8-4-3-7-5/h3-4H,1-2H3",VKJIAEQRKBQLLA-UHFFFAOYSA-N,False
1,COCC1=NC=CN=C1,"InChI=1S/C6H8N2O/c1-9-5-6-4-7-2-3-8-6/h2-4H,5H2,1H3",DXLUAQMRYDUZCJ-UHFFFAOYSA-N,False
1,CSC1=NC=CN=C1C,"InChI=1S/C6H8N2S/c1-5-6(9-2)8-4-3-7-5/h3-4H,1-2H3",PPPFFGVGWFKTHX-UHFFFAOYSA-N,False
1,SCCC1=NC=CN=C1,"InChI=1S/C6H8N2S/c9-4-1-6-5-7-2-3-8-6/h2-3,5,9H,1,4H2",QKVWBAMZPUHCMO-UHFFFAOYSA-N,False
1,CC=CC=CC=O,"InChI=1S/C6H8O/c1-2-3-4-5-6-7/h2-6H,1H3",BATOPAZDIZEVQF-UHFFFAOYSA-N,False
1,CCC1=CC=CO1,"InChI=1S/C6H8O/c1-2-6-4-3-5-7-6/h3-5H,2H2,1H3",HLPIHRDZBHXTFJ-UHFFFAOYSA-N,False
1,CC1=CC(=O)CC1,"InChI=1S/C6H8O/c1-5-2-3-6(7)4-5/h4H,2-3H2,1H3",CHCCBPDEADMNCI-UHFFFAOYSA-N,False
1,CC1=CC=C(C)O1,"InChI=1S/C6H8O/c1-5-3-4-6(2)7-5/h3-4H,1-2H3",GSNUFIFRDBKVIE-UHFFFAOYSA-N,False
1,O=C1C=CCCC1,"InChI=1S/C6H8O/c7-6-4-2-1-3-5-6/h2,4H,1,3,5H2",FWFSEYBSWVRWGL-UHFFFAOYSA-N,False
1,CCC1=CC=C(O)O1,"InChI=1S/C6H8O2/c1-2-5-3-4-6(7)8-5/h3-4,7H,2H2,1H3",WVDIRQIHLODSMX-UHFFFAOYSA-N,False
1,CCC1C=CC(=O)O1,"InChI=1S/C6H8O2/c1-2-5-3-4-6(7)8-5/h3-5H,2H2,1H3",GOUILHYTHSOMQJ-UHFFFAOYSA-N,False
1,CC1CCC(=O)C1=O,"InChI=1S/C6H8O2/c1-4-2-3-5(7)6(4)8/h4H,2-3H2,1H3",OACYKCIZDVVNJL-UHFFFAOYSA-N,False
1,CC1=CC(O)=C(C)O1,"InChI=1S/C6H8O2/c1-4-3-6(7)5(2)8-4/h3,7H,1-2H3",FSSVWWXJLHNOMP-UHFFFAOYSA-N,False
1,COCC1=CC=CO1,"InChI=1S/C6H8O2/c1-7-5-6-3-2-4-8-6/h2-4H,5H2,1H3",GANSPRKOWQQXPE-UHFFFAOYSA-N,False
1,O=C1CCCCC1=O,InChI=1S/C6H8O2/c7-5-3-1-2-4-6(5)8/h1-4H2,OILAIQUEIWYQPH-UHFFFAOYSA-N,False
1,CC1=C(O)C(O)=C(C)S1,"InChI=1S/C6H8O2S/c1-3-5(7)6(8)4(2)9-3/h7-8H,1-2H3",JSYQMISJBDGNBJ-UHFFFAOYSA-N,False
1,CC1OC(=O)C(=O)C1C,"InChI=1S/C6H8O3/c1-3-4(2)9-6(8)5(3)7/h3-4H,1-2H3",JYTLIKVWYWOQTK-UHFFFAOYSA-N,False
1,CC1=C(O)C(O)=C(C)O1,"InChI=1S/C6H8O3/c1-3-5(7)6(8)4(2)9-3/h7-8H,1-2H3",IIGLVVZHSDZGOL-UHFFFAOYSA-N,False
0,[O-]C1=C(O)OC(C(O)CO)=C1O,"InChI=1S/C6H8O6/c7-1-2(8)5-3(9)4(10)6(11)12-5/h2,7-11H,1H2/p-1",LPYXWGMUVRGUOY-UHFFFAOYSA-M,False
1,O=C1OC(C(=O)CO)C(O)C1O,"InChI=1S/C6H8O6/c7-1-2(8)5-3(9)4(10)6(11)12-5/h3-5,7,9-10H,1H2",PZTBFBJIHQUDGC-UHFFFAOYSA-N,False
0,O=C(O)CC(O)(CC(=O)O)C(=O)O,"InChI=1S/C6H8O7/c7-3(8)1-6(13,5(11)12)2-4(9)10/h13H,1-2H2,(H,7,8)(H,9,10)(H,11,12)",KRKNYBCHXYNGOX-UHFFFAOYSA-N,False
1,CC1=CC(S)=C(C)O1,"InChI=1S/C6H8OS/c1-4-3-6(8)5(2)7-4/h3,8H,1-2H3",DBBHCZMXKBCICL-UHFFFAOYSA-N,False
1,CC1=CC=C(CS)O1,"InChI=1S/C6H8OS/c1-5-2-3-6(4-8)7-5/h2-3,8H,4H2,1H3",MGLMZOFGBDYNMH-UHFFFAOYSA-N,False
1,CSC1=CC=C(C)O1,"InChI=1S/C6H8OS/c1-5-3-4-6(7-5)8-2/h3-4H,1-2H3",RESBOJMQOGJOMW-UHFFFAOYSA-N,False
1,CSC1=C(C)OC=C1,"InChI=1S/C6H8OS/c1-5-6(8-2)3-4-7-5/h3-4H,1-2H3",OQVAOEIMSKZGAL-UHFFFAOYSA-N,False
1,CSCC1=CC=CO1,"InChI=1S/C6H8OS/c1-8-5-6-3-2-4-7-6/h2-4H,5H2,1H3",SKSFHXVDHVKIBN-UHFFFAOYSA-N,False
1,CSSC1=C(C)OC=C1,"InChI=1S/C6H8OS2/c1-5-6(9-8-2)3-4-7-5/h3-4H,1-2H3",SRUTWBWLFKSTIS-UHFFFAOYSA-N,False
1,CSSCC1=CC=CO1,"InChI=1S/C6H8OS2/c1-8-9-5-6-3-2-4-7-6/h2-4H,5H2,1H3",CLSLQQCDHOZMDT-UHFFFAOYSA-N,False
1,CC1=CC=C(C)S1,"InChI=1S/C6H8S/c1-5-3-4-6(2)7-5/h3-4H,1-2H3",GWQOOADXMVQEFT-UHFFFAOYSA-N,False
1,CC(S)C1=CC=CS1,"InChI=1S/C6H8S2/c1-5(7)6-3-2-4-8-6/h2-5,7H,1H3",NCCCTQRHFVSOMP-UHFFFAOYSA-N,False
1,CSCC1=CSC=C1,"InChI=1S/C6H8S2/c1-7-4-6-2-3-8-5-6/h2-3,5H,4H2,1H3",YWUFGNXATBTVEB-UHFFFAOYSA-N,False
0,CC1=NC=C([N+](=O)[O-])N1CCO,"InChI=1S/C6H9N3O3/c1-5-7-4-6(9(11)12)8(5)2-3-10/h4,10H,2-3H2,1H3",VAOCPAMSLUNLGC-UHFFFAOYSA-N,False
0,C=CN1CCCC1=O,"InChI=1S/C6H9NO/c1-2-7-5-3-4-6(7)8/h2H,1,3-5H2",WHNWPMSKXPGLAX-UHFFFAOYSA-N,False
1,CC1=NC(C)=C(C)O1,InChI=1S/C6H9NO/c1-4-5(2)8-6(3)7-4/h1-3H3,ZRLDBDZSLLGDOX-UHFFFAOYSA-N,False
1,CC(=O)C1=NCCC1,"InChI=1S/C6H9NO/c1-5(8)6-3-2-4-7-6/h2-4H2,1H3",DQBQWWSFRPLIAX-UHFFFAOYSA-N,False
1,CC(=O)C1=CCCN1,"InChI=1S/C6H9NO/c1-5(8)6-3-2-4-7-6/h3,7H,2,4H2,1H3",ZEKCQHIPQALHSP-UHFFFAOYSA-N,False
1,CCC(=O)C1=NCCS1,"InChI=1S/C6H9NOS/c1-2-5(8)6-7-3-4-9-6/h2-4H2,1H3",MFQABLFJUQNPAC-UHFFFAOYSA-N,False
1,CC1=C(CCO)SC=N1,"InChI=1S/C6H9NOS/c1-5-6(2-3-8)9-4-7-5/h4,8H,2-3H2,1H3",BKAWJIRCKVUVED-UHFFFAOYSA-N,False
1,C=CCCCN=C=S,"InChI=1S/C6H9NS/c1-2-3-4-5-7-6-8/h2H,1,3-5H2",DBISBKDNOKIADM-UHFFFAOYSA-N,False
1,CCCC1=NC=CS1,"InChI=1S/C6H9NS/c1-2-3-6-7-4-5-8-6/h4-5H,2-3H2,1H3",CMOIEFFAOUQJPS-UHFFFAOYSA-N,False
1,CCC1=C(C)N=CS1,"InChI=1S/C6H9NS/c1-3-6-5(2)7-4-8-6/h4H,3H2,1-2H3",XPQULTFBJPGINB-UHFFFAOYSA-N,False
1,CCC1=NC(C)=CS1,"InChI=1S/C6H9NS/c1-3-6-7-5(2)4-8-6/h4H,3H2,1-2H3",VGRVKVGGUPOCMT-UHFFFAOYSA-N,False
1,CC1=NC(C)=C(C)S1,InChI=1S/C6H9NS/c1-4-5(2)8-6(3)7-4/h1-3H3,BAMPVSWRQZNDQC-UHFFFAOYSA-N,False
0,O=[N+]([O-])C1=C(Cl)C(Cl)=CC(Cl)=C1Cl,InChI=1S/C6HCl4NO2/c7-2-1-3(8)5(10)6(4(2)9)11(12)13/h1H,XQTLDIFVVHJORV-UHFFFAOYSA-N,False
1,CC1=CC=CCC1,"InChI=1S/C7H10/c1-7-5-3-2-4-6-7/h2-3,5H,4,6H2,1H3",QMFJIJFIHIDENY-UHFFFAOYSA-N,False
1,CCCC1=NC=CN=C1,"InChI=1S/C7H10N2/c1-2-3-7-6-8-4-5-9-7/h4-6H,2-3H2,1H3",DJLLTFRHLPVCEL-UHFFFAOYSA-N,False
1,CCC1=NC(C)=CN=C1,"InChI=1S/C7H10N2/c1-3-7-5-8-4-6(2)9-7/h4-5H,3H2,1-2H3",RAFHQTNQEZECFL-UHFFFAOYSA-N,False
1,CCC1=NC=C(C)N=C1,"InChI=1S/C7H10N2/c1-3-7-5-8-6(2)4-9-7/h4-5H,3H2,1-2H3",OXCKCFJIKRGXMM-UHFFFAOYSA-N,False
1,CCC1=NC=CN=C1C,"InChI=1S/C7H10N2/c1-3-7-6(2)8-4-5-9-7/h4-5H,3H2,1-2H3",LNIMMWYNSBZESE-UHFFFAOYSA-N,False
1,CC1=CN=C(C)C(C)=N1,"InChI=1S/C7H10N2/c1-5-4-8-6(2)7(3)9-5/h4H,1-3H3",IAEGWXHKWJGQAZ-UHFFFAOYSA-N,False
1,CC(C)C1=NC=CN=C1,"InChI=1S/C7H10N2/c1-6(2)7-5-8-3-4-9-7/h3-6H,1-2H3",GIMBKDZNMKTZMG-UHFFFAOYSA-N,False
1,CCOCC1=NC=CN=C1,"InChI=1S/C7H10N2O/c1-2-10-6-7-5-8-3-4-9-7/h3-5H,2,6H2,1H3",HAKYWHMNHHQQJR-UHFFFAOYSA-N,False
1,CCOC1=NC(C)=CN=C1,"InChI=1S/C7H10N2O/c1-3-10-7-5-8-4-6(2)9-7/h4-5H,3H2,1-2H3",XBLZVFYOCZVABA-UHFFFAOYSA-N,False
1,CCOC1=NC=C(C)N=C1,"InChI=1S/C7H10N2O/c1-3-10-7-5-8-6(2)4-9-7/h4-5H,3H2,1-2H3",MGDMTRSONRZXOH-UHFFFAOYSA-N,False
1,CCOC1=NC=CN=C1C,"InChI=1S/C7H10N2O/c1-3-10-7-6(2)8-4-5-9-7/h4-5H,3H2,1-2H3",MMKWCKGYULOKET-UHFFFAOYSA-N,False
1,CCC1=NC=CN=C1OC,"InChI=1S/C7H10N2O/c1-3-6-7(10-2)9-5-4-8-6/h4-5H,3H2,1-2H3",DPCILIMHENXHQX-UHFFFAOYSA-N,False
1,COC1=NC=C(C)N=C1C,"InChI=1S/C7H10N2O/c1-5-4-8-7(10-3)6(2)9-5/h4H,1-3H3",BXKLSVWRSUPMBO-UHFFFAOYSA-N,False
1,CCC1=NC=CN=C1SC,"InChI=1S/C7H10N2S/c1-3-6-7(10-2)9-5-4-8-6/h4-5H,3H2,1-2H3",XYHPPOMSLGJAAM-UHFFFAOYSA-N,False
1,CC=CC=CCC=O,"InChI=1S/C7H10O/c1-2-3-4-5-6-7-8/h2-5,7H,6H2,1H3",LRMRNURCSDFQJJ-UHFFFAOYSA-N,False
1,CCC1=CC=C(C)O1,"InChI=1S/C7H10O/c1-3-7-5-4-6(2)8-7/h4-5H,3H2,1-2H3",NBXLPPVOZWYADY-UHFFFAOYSA-N,False
1,CC1=CC(=O)CCC1,"InChI=1S/C7H10O/c1-6-3-2-4-7(8)5-6/h5H,2-4H2,1H3",IITQJMYAYSNIMI-UHFFFAOYSA-N,False
1,CCC1CCC(=O)C1=O,"InChI=1S/C7H10O2/c1-2-5-3-4-6(8)7(5)9/h5H,2-4H2,1H3",RRVYBPVLSILURP-UHFFFAOYSA-N,False
1,CCOCC1=CC=CO1,"InChI=1S/C7H10O2/c1-2-8-6-7-4-3-5-9-7/h3-5H,2,6H2,1H3",BHGBNDNKYPEAAT-UHFFFAOYSA-N,False
1,C=CC1(C)CCC(=O)O1,"InChI=1S/C7H10O2/c1-3-7(2)5-4-6(8)9-7/h3H,1,4-5H2,2H3",QESPSAHXYXIGBG-UHFFFAOYSA-N,False
1,CC1CC(C)C(=O)C1=O,"InChI=1S/C7H10O2/c1-4-3-5(2)7(9)6(4)8/h4-5H,3H2,1-2H3",MIDXCONKKJTLDX-UHFFFAOYSA-N,False
1,CC1CC(=O)C(=O)C1C,"InChI=1S/C7H10O2/c1-4-3-6(8)7(9)5(4)2/h4-5H,3H2,1-2H3",WGAVDEVFJDQIMZ-UHFFFAOYSA-N,False
1,CC1CCCC(=O)C1=O,"InChI=1S/C7H10O2/c1-5-3-2-4-6(8)7(5)9/h5H,2-4H2,1H3",JDXJKLGWPNXSHL-UHFFFAOYSA-N,False
1,CCC1=C(O)C(CO)=CO1,"InChI=1S/C7H10O3/c1-2-6-7(9)5(3-8)4-10-6/h4,8-9H,2-3H2,1H3",VVKVKRYYURAXDK-UHFFFAOYSA-N,False
1,CCC1OC(=O)C(=O)C1C,"InChI=1S/C7H10O3/c1-3-5-4(2)6(8)7(9)10-5/h4-5H,3H2,1-2H3",AYNMTGJJIRLCCD-UHFFFAOYSA-N,False
1,CCC1=C(O)C(O)=C(C)O1,"InChI=1S/C7H10O3/c1-3-5-7(9)6(8)4(2)10-5/h8-9H,3H2,1-2H3",NLISWHFZYUDSMH-UHFFFAOYSA-N,False
1,COC1=C(C)OC(C)=C1O,"InChI=1S/C7H10O3/c1-4-6(8)7(9-3)5(2)10-4/h8H,1-3H3",DFXVSSDSXIHULO-UHFFFAOYSA-N,False
1,CCC1=CC=C(C)S1,"InChI=1S/C7H10S/c1-3-7-5-4-6(2)8-7/h4-5H,3H2,1-2H3",VOIVNYVBGCJFRW-UHFFFAOYSA-N,False
1,CCCCC1=CN=CO1,"InChI=1S/C7H11NO/c1-2-3-4-7-5-8-6-9-7/h5-6H,2-4H2,1H3",HVDQDMRCRULNJN-UHFFFAOYSA-N,False
1,CCC(=O)C1=NCCC1,"InChI=1S/C7H11NO/c1-2-7(9)6-4-3-5-8-6/h2-5H2,1H3",OVNCGQSYSSYBPO-UHFFFAOYSA-N,False
1,CCC1=C(C)OC(C)=N1,"InChI=1S/C7H11NO/c1-4-7-5(2)9-6(3)8-7/h4H2,1-3H3",YZZBROGKUWYQOL-UHFFFAOYSA-N,False
1,CCC1=NC(C)=C(C)O1,"InChI=1S/C7H11NO/c1-4-7-8-5(2)6(3)9-7/h4H2,1-3H3",LCYOFVYHDBWYSI-UHFFFAOYSA-N,False
1,CC(=O)C1=NCCCC1,"InChI=1S/C7H11NO/c1-6(9)7-4-2-3-5-8-7/h2-5H2,1H3",GNZWXNKZMHJXNU-UHFFFAOYSA-N,False
1,CC(=O)C1=CCCCN1,"InChI=1S/C7H11NO/c1-6(9)7-4-2-3-5-8-7/h4,8H,2-3,5H2,1H3",HRAOWRVFLSYJKN-UHFFFAOYSA-N,False
1,CCCCC1=CSC=N1,"InChI=1S/C7H11NS/c1-2-3-4-7-5-9-6-8-7/h5-6H,2-4H2,1H3",FXVDDYOQIPLCAV-UHFFFAOYSA-N,False
1,CCC(C)C1=NC=CS1,"InChI=1S/C7H11NS/c1-3-6(2)7-8-4-5-9-7/h4-6H,3H2,1-2H3",MHJSWOZJMPIGJQ-UHFFFAOYSA-N,False
1,CCC1=CN=C(CC)S1,"InChI=1S/C7H11NS/c1-3-6-5-8-7(4-2)9-6/h5H,3-4H2,1-2H3",PATFUZGQWONVOC-UHFFFAOYSA-N,False
1,CCC1=C(C)N=C(C)S1,"InChI=1S/C7H11NS/c1-4-7-5(2)8-6(3)9-7/h4H2,1-3H3",DALUCNUGMDNXET-UHFFFAOYSA-N,False
1,CCC1=NC(C)=C(C)S1,"InChI=1S/C7H11NS/c1-4-7-8-5(2)6(3)9-7/h4H2,1-3H3",BVOKJOZBJOWZNJ-UHFFFAOYSA-N,False
1,CC1=CSC(C(C)C)=N1,"InChI=1S/C7H11NS/c1-5(2)7-8-6(3)4-9-7/h4-5H,1-3H3",OFLXNHNYPQPQKW-UHFFFAOYSA-N,False
1,CC(C)CC1=NC=CS1,"InChI=1S/C7H11NS/c1-6(2)5-7-8-3-4-9-7/h3-4,6H,5H2,1-2H3",CMPVUVUNJQERIT-UHFFFAOYSA-N,False
1,CC1C=CCCC1,"InChI=1S/C7H12/c1-7-5-3-2-4-6-7/h3,5,7H,2,4,6H2,1H3",UZPWKTCMUADILM-UHFFFAOYSA-N,False
1,CC1=CCCCC1,"InChI=1S/C7H12/c1-7-5-3-2-4-6-7/h5H,2-4,6H2,1H3",CTMHWPIWNRWQEG-UHFFFAOYSA-N,False
0,CC1(C)C(=O)N(CO)C(=O)N1CO,"InChI=1S/C7H12N2O4/c1-7(2)5(12)8(3-10)6(13)9(7)4-11/h10-11H,3-4H2,1-2H3",WSDISUOETYTPRL-UHFFFAOYSA-N,False
1,CCC=CC=CCO,"InChI=1S/C7H12O/c1-2-3-4-5-6-7-8/h3-6,8H,2,7H2,1H3",MDRZSADXFOPYOC-UHFFFAOYSA-N,False
1,CCCCC=CC=O,"InChI=1S/C7H12O/c1-2-3-4-5-6-7-8/h5-7H,2-4H2,1H3",NDFKTBCGKNOHPJ-UHFFFAOYSA-N,False
1,CCC=CCC(C)=O,"InChI=1S/C7H12O/c1-3-4-5-6-7(2)8/h4-5H,3,6H2,1-2H3",VQKIKHHXFHNXJT-UHFFFAOYSA-N,False
1,CC=CC(=O)CCC,"InChI=1S/C7H12O/c1-3-5-7(8)6-4-2/h3,5H,4,6H2,1-2H3",TXVAOITYBBWKMG-UHFFFAOYSA-N,False
1,C=C(C)CCC(C)=O,"InChI=1S/C7H12O/c1-6(2)4-5-7(3)8/h1,4-5H2,2-3H3",VBCIOOKAKHGVMI-UHFFFAOYSA-N,False
1,CC(=O)C=CC(C)C,"InChI=1S/C7H12O/c1-6(2)4-5-7(3)8/h4-6H,1-3H3",IYMKNYVCXUEFJE-UHFFFAOYSA-N,False
1,CC1CCC(=O)CC1,"InChI=1S/C7H12O/c1-6-2-4-7(8)5-3-6/h6H,2-5H2,1H3",VGVHNLRUAMRIEW-UHFFFAOYSA-N,False
1,CC1CCCC(=O)C1,"InChI=1S/C7H12O/c1-6-3-2-4-7(8)5-6/h6H,2-5H2,1H3",UJBOOUHRTQVGRU-UHFFFAOYSA-N,False
1,CC1CCCCC1=O,"InChI=1S/C7H12O/c1-6-4-2-3-5-7(6)8/h6H,2-5H2,1H3",LFSAPCRASZRSKS-UHFFFAOYSA-N,False
1,COC1=CCCCC1,"InChI=1S/C7H12O/c1-8-7-5-3-2-4-6-7/h5H,2-4,6H2,1H3",HZFQGYWRFABYSR-UHFFFAOYSA-N,False
1,CCCCC=CC(=O)O,"InChI=1S/C7H12O2/c1-2-3-4-5-6-7(8)9/h5-6H,2-4H2,1H3,(H,8,9)",YURNCBVQZBJDAJ-UHFFFAOYSA-N,False
1,CCCC1CCC(=O)O1,"InChI=1S/C7H12O2/c1-2-3-6-4-5-7(8)9-6/h6H,2-5H2,1H3",VLSVVMPLPMNWBH-UHFFFAOYSA-N,False
1,CCC1CCCC(=O)O1,"InChI=1S/C7H12O2/c1-2-6-4-3-5-7(8)9-6/h6H,2-5H2,1H3",JFVQYQDTHWLYHG-UHFFFAOYSA-N,False
1,CCC=CCC(=O)OC,"InChI=1S/C7H12O2/c1-3-4-5-6-7(8)9-2/h4-5H,3,6H2,1-2H3",XEAIHUDTEINXFG-UHFFFAOYSA-N,False
1,CCCC=CC(=O)OC,"InChI=1S/C7H12O2/c1-3-4-5-6-7(8)9-2/h5-6H,3-4H2,1-2H3",GFUGBRNILVVWIE-UHFFFAOYSA-N,False
1,C=CCCCOC(C)=O,"InChI=1S/C7H12O2/c1-3-4-5-6-9-7(2)8/h3H,1,4-6H2,2H3",LVHDNIMNOMRZMF-UHFFFAOYSA-N,False
1,CCCCC(=O)C(C)=O,"InChI=1S/C7H12O2/c1-3-4-5-7(9)6(2)8/h3-5H2,1-2H3",FJPGAMCQJNLTJC-UHFFFAOYSA-N,False
1,C=CCCC(=O)OCC,"InChI=1S/C7H12O2/c1-3-5-6-7(8)9-4-2/h3H,1,4-6H2,2H3",PTVSRINJXWDIKP-UHFFFAOYSA-N,False
1,C=CCOC(=O)CCC,"InChI=1S/C7H12O2/c1-3-5-7(8)9-6-4-2/h4H,2-3,5-6H2,1H3",RMZIOVJHUJAAEY-UHFFFAOYSA-N,False
1,CC(=CC(C)C)C(=O)O,"InChI=1S/C7H12O2/c1-5(2)4-6(3)7(8)9/h4-5H,1-3H3,(H,8,9)",DMHLGGQHOSTMJG-UHFFFAOYSA-N,False
1,CC(=O)C(=O)CC(C)C,"InChI=1S/C7H12O2/c1-5(2)4-7(9)6(3)8/h5H,4H2,1-3H3",PQCLJXVUAWLNSV-UHFFFAOYSA-N,False
1,CC1CCC(=O)OC1C,"InChI=1S/C7H12O2/c1-5-3-4-7(8)9-6(5)2/h5-6H,3-4H2,1-2H3",HAXARIVGMMVELD-UHFFFAOYSA-N,False
1,C=C(C)CCOC(C)=O,"InChI=1S/C7H12O2/c1-6(2)4-5-9-7(3)8/h1,4-5H2,2-3H3",OCUAPVNNQFAQSM-UHFFFAOYSA-N,False
1,CC(=O)OCC=C(C)C,"InChI=1S/C7H12O2/c1-6(2)4-5-9-7(3)8/h4H,5H2,1-3H3",XXIKYCPRDXIMQM-UHFFFAOYSA-N,False
1,O=COC1CCCCC1,"InChI=1S/C7H12O2/c8-6-9-7-4-2-1-3-5-7/h6-7H,1-5H2",VUXKVKAHWOVIDN-UHFFFAOYSA-N,False
1,O=C(O)C1CCCCC1,"InChI=1S/C7H12O2/c8-7(9)6-4-2-1-3-5-6/h6H,1-5H2,(H,8,9)",NZNMSOFKMUBTKW-UHFFFAOYSA-N,False
1,CC(=S)OC1CCOC1C,"InChI=1S/C7H12O2S/c1-5-7(3-4-8-5)9-6(2)10/h5,7H,3-4H2,1-2H3",LBZOVRXKUSQSQY-UHFFFAOYSA-N,False
1,CCOC(=O)CCC(C)=O,"InChI=1S/C7H12O3/c1-3-10-7(9)5-4-6(2)8/h3-5H2,1-2H3",GMEONFUTDYJSNV-UHFFFAOYSA-N,False
1,CC(=O)OCC1CCCO1,"InChI=1S/C7H12O3/c1-6(8)10-5-7-3-2-4-9-7/h7H,2-5H2,1H3",AAQDYYFAFXGBFZ-UHFFFAOYSA-N,False
1,COC(=O)CCCC(=O)OC,"InChI=1S/C7H12O4/c1-10-6(8)4-3-5-7(9)11-2/h3-5H2,1-2H3",XTDYIOOONNVFMA-UHFFFAOYSA-N,False
1,CCOC(=O)CC(=O)OCC,"InChI=1S/C7H12O4/c1-3-10-6(8)5-7(9)11-4-2/h3-5H2,1-2H3",IYXGSMUGOJNHAZ-UHFFFAOYSA-N,False
1,CC(=O)OCC(C)OC(C)=O,"InChI=1S/C7H12O4/c1-5(11-7(3)9)4-10-6(2)8/h5H,4H2,1-3H3",MLHOXUWWKVQEJB-UHFFFAOYSA-N,False
0,CCC(Br)(CC)C(=O)NC(N)=O,"InChI=1S/C7H13BrN2O2/c1-3-7(8,4-2)5(11)10-6(9)12/h3-4H2,1-2H3,(H3,9,10,11,12)",OPNPQXLQERQBBV-UHFFFAOYSA-N,False
1,CCCCCCN=C=S,"InChI=1S/C7H13NS/c1-2-3-4-5-6-8-7-9/h2-6H2,1H3",WXYAXKKXIGHXDS-UHFFFAOYSA-N,False
1,CCC1N=C(C)C(C)S1,"InChI=1S/C7H13NS/c1-4-7-8-5(2)6(3)9-7/h6-7H,4H2,1-3H3",CSACPVARWHDAET-UHFFFAOYSA-N,False
1,CC1=NC(C(C)C)SC1,"InChI=1S/C7H13NS/c1-5(2)7-8-6(3)4-9-7/h5,7H,4H2,1-3H3",RSSCOFSBIBEMBM-UHFFFAOYSA-N,False
1,CSCCCCCN=C=S,"InChI=1S/C7H13NS2/c1-10-6-4-2-3-5-8-7-9/h2-6H2,1H3",HBVIMVJTUQNSEP-UHFFFAOYSA-N,False
0,CP(=O)(F)OC1CCCCC1,"InChI=1S/C7H14FO2P/c1-11(8,9)10-7-5-3-2-4-6-7/h7H,2-6H2,1H3",SNTRKUOVAPUGAY-UHFFFAOYSA-N,False
1,CCCC=CCCO,"InChI=1S/C7H14O/c1-2-3-4-5-6-7-8/h4-5,8H,2-3,6-7H2,1H3",SDZQUCJFTUULJX-UHFFFAOYSA-N,False
1,CCCCCCC=O,"InChI=1S/C7H14O/c1-2-3-4-5-6-7-8/h7H,2-6H2,1H3",FXHGMKSSBGDXIY-UHFFFAOYSA-N,False
1,CCCCCC(C)=O,"InChI=1S/C7H14O/c1-3-4-5-6-7(2)8/h3-6H2,1-2H3",CATSNJVOTSVZJV-UHFFFAOYSA-N,False
1,CCCCC(=O)CC,"InChI=1S/C7H14O/c1-3-5-6-7(8)4-2/h3-6H2,1-2H3",NGAZZOYFWWSOGK-UHFFFAOYSA-N,False
1,C=CC(O)CCCC,"InChI=1S/C7H14O/c1-3-5-6-7(8)4-2/h4,7-8H,2-3,5-6H2,1H3",PZKFYTOLVRCMOA-UHFFFAOYSA-N,False
1,CCCC(=O)CCC,"InChI=1S/C7H14O/c1-3-5-7(8)6-4-2/h3-6H2,1-2H3",HCFAJYNVAYBARA-UHFFFAOYSA-N,False
1,CCC(C)C(C)C=O,"InChI=1S/C7H14O/c1-4-6(2)7(3)5-8/h5-7H,4H2,1-3H3",BOHKXQAJUVXBDQ-UHFFFAOYSA-N,False
1,CCOCC=C(C)C,"InChI=1S/C7H14O/c1-4-8-6-5-7(2)3/h5H,4,6H2,1-3H3",HPMSQLYFMOOLKS-UHFFFAOYSA-N,False
1,CC1CCCC(O)C1,"InChI=1S/C7H14O/c1-6-3-2-4-7(8)5-6/h6-8H,2-5H2,1H3",HTSABYAWKQAHBT-UHFFFAOYSA-N,False
1,CCCCCCC(=O)O,"InChI=1S/C7H14O2/c1-2-3-4-5-6-7(8)9/h2-6H2,1H3,(H,8,9)",MNWFXJYAOYHMED-UHFFFAOYSA-N,False
1,CCCCCCOC=O,"InChI=1S/C7H14O2/c1-2-3-4-5-6-9-7-8/h7H,2-6H2,1H3",OUGPMNMLWKSBRI-UHFFFAOYSA-N,False
1,CCCCC(C)C(=O)O,"InChI=1S/C7H14O2/c1-3-4-5-6(2)7(8)9/h6H,3-5H2,1-2H3,(H,8,9)",CVKMFSAVYPAZTQ-UHFFFAOYSA-N,False
1,CCCCCC(=O)OC,"InChI=1S/C7H14O2/c1-3-4-5-6-7(8)9-2/h3-6H2,1-2H3",NUKZAGXMHTUAFE-UHFFFAOYSA-N,False
1,CCCCCOC(C)=O,"InChI=1S/C7H14O2/c1-3-4-5-6-9-7(2)8/h3-6H2,1-2H3",PGMYKACGEOXYJE-UHFFFAOYSA-N,False
1,CCCCC(=O)OCC,"InChI=1S/C7H14O2/c1-3-5-6-7(8)9-4-2/h3-6H2,1-2H3",ICMAFTSLXCXHRK-UHFFFAOYSA-N,False
1,CCCCOC(=O)CC,"InChI=1S/C7H14O2/c1-3-5-6-9-7(8)4-2/h3-6H2,1-2H3",BTMVHUNTONAYDX-UHFFFAOYSA-N,False
1,CCCOC(=O)CCC,"InChI=1S/C7H14O2/c1-3-5-7(8)9-6-4-2/h3-6H2,1-2H3",HUAZGNHGCJGYNP-UHFFFAOYSA-N,False
1,CCC(C)CCC(=O)O,"InChI=1S/C7H14O2/c1-3-6(2)4-5-7(8)9/h6H,3-5H2,1-2H3,(H,8,9)",DIVCBWJKVSFZKJ-UHFFFAOYSA-N,False
1,CCCC(C)C(=O)OC,"InChI=1S/C7H14O2/c1-4-5-6(2)7(8)9-3/h6H,4-5H2,1-3H3",ZTULNMNIVVMLIU-UHFFFAOYSA-N,False
1,CCCC(C)OC(C)=O,"InChI=1S/C7H14O2/c1-4-5-6(2)9-7(3)8/h6H,4-5H2,1-3H3",GQKZRWSUJHVIPE-UHFFFAOYSA-N,False
1,CCCC(=O)OC(C)C,"InChI=1S/C7H14O2/c1-4-5-7(8)9-6(2)3/h6H,4-5H2,1-3H3",FFOPEPMHKILNIT-UHFFFAOYSA-N,False
1,CCCOC(=O)C(C)C,"InChI=1S/C7H14O2/c1-4-5-9-7(8)6(2)3/h6H,4-5H2,1-3H3",AZFUASHXSOTBNU-UHFFFAOYSA-N,False
1,CCC(C)COC(C)=O,"InChI=1S/C7H14O2/c1-4-6(2)5-9-7(3)8/h6H,4-5H2,1-3H3",XHIUFYZDQBSEMF-UHFFFAOYSA-N,False
1,CCOC(=O)C(C)CC,"InChI=1S/C7H14O2/c1-4-6(3)7(8)9-5-2/h6H,4-5H2,1-3H3",HCRBXQFHJMCTLF-UHFFFAOYSA-N,False
1,CCC(=O)OCC(C)C,"InChI=1S/C7H14O2/c1-4-7(8)9-5-6(2)3/h6H,4-5H2,1-3H3",FZXRXKLUIMKDEL-UHFFFAOYSA-N,False
1,CCOC(=O)CC(C)C,"InChI=1S/C7H14O2/c1-4-9-7(8)5-6(2)3/h6H,4-5H2,1-3H3",PPXUHEORWJQRHJ-UHFFFAOYSA-N,False
1,CC(=O)C(O)CC(C)C,"InChI=1S/C7H14O2/c1-5(2)4-7(9)6(3)8/h5,7,9H,4H2,1-3H3",LZDPYURTPRCDJG-UHFFFAOYSA-N,False
1,CC(C)OC(=O)C(C)C,"InChI=1S/C7H14O2/c1-5(2)7(8)9-6(3)4/h5-6H,1-4H3",WVRPFQGZHKZCEB-UHFFFAOYSA-N,False
1,CC1COC(C(C)C)O1,"InChI=1S/C7H14O2/c1-5(2)7-8-4-6(3)9-7/h5-7H,4H2,1-3H3",NWXXKKDLGZLEGH-UHFFFAOYSA-N,False
1,CC(C)CCCC(=O)O,"InChI=1S/C7H14O2/c1-6(2)4-3-5-7(8)9/h6H,3-5H2,1-2H3,(H,8,9)",MHPUGCYGQWGLJL-UHFFFAOYSA-N,False
1,COC(=O)CCC(C)C,"InChI=1S/C7H14O2/c1-6(2)4-5-7(8)9-3/h6H,4-5H2,1-3H3",KBCOVKHULBZKNY-UHFFFAOYSA-N,False
1,CC(=O)OCCC(C)C,"InChI=1S/C7H14O2/c1-6(2)4-5-9-7(3)8/h6H,4-5H2,1-3H3",MLFHJEHSLIIPHL-UHFFFAOYSA-N,False
1,CCOC(=O)CCCSC,"InChI=1S/C7H14O2S/c1-3-9-7(8)5-4-6-10-2/h3-6H2,1-2H3",QNLREUZIHJHXRK-UHFFFAOYSA-N,False
1,CCOC(=O)CC(C)SC,"InChI=1S/C7H14O2S/c1-4-9-7(8)5-6(2)10-3/h6H,4-5H2,1-3H3",OBOGJNGOEGQVPL-UHFFFAOYSA-N,False
1,CCOC(=O)C(C)(C)SC,"InChI=1S/C7H14O2S/c1-5-9-6(8)7(2,3)10-4/h5H2,1-4H3",JLURSSXMQSLZQL-UHFFFAOYSA-N,False
1,CC(=O)OCCC(C)(C)S,"InChI=1S/C7H14O2S/c1-6(8)9-5-4-7(2,3)10/h10H,4-5H2,1-3H3",HEZWKNVLHZGPOE-UHFFFAOYSA-N,False
1,CSCCC1OCC(C)O1,"InChI=1S/C7H14O2S/c1-6-5-8-7(9-6)3-4-10-2/h6-7H,3-5H2,1-2H3",NDGQCQHSMPWESO-UHFFFAOYSA-N,False
1,CCCCOC(=O)C(C)O,"InChI=1S/C7H14O3/c1-3-4-5-10-7(9)6(2)8/h6,8H,3-5H2,1-2H3",MRABAEUHTLLEML-UHFFFAOYSA-N,False
1,CCCC(O)CC(=O)OC,"InChI=1S/C7H14O3/c1-3-4-6(8)5-7(9)10-2/h6,8H,3-5H2,1-2H3",ACCRBMDJCPPJDX-UHFFFAOYSA-N,False
1,CCOC(=O)C(C)C(C)O,"InChI=1S/C7H14O3/c1-4-10-7(9)5(2)6(3)8/h5-6,8H,4H2,1-3H3",BZFWGBFTIQSEBN-UHFFFAOYSA-N,False
1,CCOC(=O)C(O)C(C)C,"InChI=1S/C7H14O3/c1-4-10-7(9)6(8)5(2)3/h5-6,8H,4H2,1-3H3",IZRVEUZYBVGCFC-UHFFFAOYSA-N,False
1,CCC(C)C(O)C(=O)OC,"InChI=1S/C7H14O3/c1-4-5(2)6(8)7(9)10-3/h5-6,8H,4H2,1-3H3",OQXGUAUSWWFHOM-UHFFFAOYSA-N,False
1,CCOC(=O)C(C)(O)CC,"InChI=1S/C7H14O3/c1-4-7(3,9)6(8)10-5-2/h9H,4-5H2,1-3H3",KIYWRWLZHQZKKD-UHFFFAOYSA-N,False
1,CC(C)COC(=O)C(C)O,"InChI=1S/C7H14O3/c1-5(2)4-10-7(9)6(3)8/h5-6,8H,4H2,1-3H3",WBPAQKQBUKYCJS-UHFFFAOYSA-N,False
1,COC(=O)C(O)CC(C)C,"InChI=1S/C7H14O3/c1-5(2)4-6(8)7(9)10-3/h5-6,8H,4H2,1-3H3",JOSNYUDSMPILKL-UHFFFAOYSA-N,False
1,CC1COC(C)(C(C)O)O1,"InChI=1S/C7H14O3/c1-5-4-9-7(3,10-5)6(2)8/h5-6,8H,4H2,1-3H3",ZLBNMXMVFWMHAV-UHFFFAOYSA-N,False
1,CCCCCC(=O)SC,"InChI=1S/C7H14OS/c1-3-4-5-6-7(8)9-2/h3-6H2,1-2H3",AKGAHYLJHAOPKQ-UHFFFAOYSA-N,False
1,CCCC(CC=O)SC,"InChI=1S/C7H14OS/c1-3-4-7(9-2)5-6-8/h6-7H,3-5H2,1-2H3",VIVJHDGDCOQORO-UHFFFAOYSA-N,False
1,CCCC(=O)C(S)CC,"InChI=1S/C7H14OS/c1-3-5-6(8)7(9)4-2/h7,9H,3-5H2,1-2H3",FUMNWNPDMTVHCC-UHFFFAOYSA-N,False
1,CCC(=O)CC(C)(C)S,"InChI=1S/C7H14OS/c1-4-6(8)5-7(2,3)9/h9H,4-5H2,1-3H3",KTTLFUWDFUJAKG-UHFFFAOYSA-N,False
1,CSC(=O)CCC(C)C,"InChI=1S/C7H14OS/c1-6(2)4-5-7(8)9-3/h6H,4-5H2,1-3H3",JOCKEOCKSBOIQA-UHFFFAOYSA-N,False
1,CSC(C)(C)CC(C)=O,"InChI=1S/C7H14OS/c1-6(8)5-7(2,3)9-4/h5H2,1-4H3",DHANVOSHQILVNQ-UHFFFAOYSA-N,False
1,CC1OCCC(C)(C)S1,"InChI=1S/C7H14OS/c1-6-8-5-4-7(2,3)9-6/h6H,4-5H2,1-3H3",RRVYBZOPLAEEFE-UHFFFAOYSA-N,False
0,O=P1(N(CCCl)CCCl)NCCCO1,"InChI=1S/C7H15Cl2N2O2P/c8-2-5-11(6-3-9)14(12)10-4-1-7-13-14/h1-7H2,(H,10,12)",CMSMOCZEIVJLDB-UHFFFAOYSA-N,False
1,CCCCCCC,"InChI=1S/C7H16/c1-3-5-7-6-4-2/h3-7H2,1-2H3",IMNFDUFMRHMDMM-UHFFFAOYSA-N,False
1,CCCCCCCO,"InChI=1S/C7H16O/c1-2-3-4-5-6-7-8/h8H,2-7H2,1H3",BBMCTIGTTCKYKF-UHFFFAOYSA-N,False
1,CCCCCC(C)O,"InChI=1S/C7H16O/c1-3-4-5-6-7(2)8/h7-8H,3-6H2,1-2H3",CETWDUZRCINIHU-UHFFFAOYSA-N,False
1,CCCCCCOC,"InChI=1S/C7H16O/c1-3-4-5-6-7-8-2/h3-7H2,1-2H3",ICBJCVRQDSQPGI-UHFFFAOYSA-N,False
1,CCCCC(O)CC,"InChI=1S/C7H16O/c1-3-5-6-7(8)4-2/h7-8H,3-6H2,1-2H3",RZKSECIXORKHQS-UHFFFAOYSA-N,False
1,CCCC(CCO)SC,"InChI=1S/C7H16OS/c1-3-4-7(9-2)5-6-8/h7-8H,3-6H2,1-2H3",JSASXSHMJYRPCM-UHFFFAOYSA-N,False
1,CCCCCCCS,"InChI=1S/C7H16S/c1-2-3-4-5-6-7-8/h8H,2-7H2,1H3",VPIAKHNXCOTPAY-UHFFFAOYSA-N,False
1,CCCCCC(C)S,"InChI=1S/C7H16S/c1-3-4-5-6-7(2)8/h7-8H,3-6H2,1-2H3",DAZNOIJJVKASGS-UHFFFAOYSA-N,False
1,CCCCSSCCC,"InChI=1S/C7H16S2/c1-3-5-7-9-8-6-4-2/h3-7H2,1-2H3",VITWKRWSBFUVDT-UHFFFAOYSA-N,False
0,N#CC1=CC(Br)=C(O)C(Br)=C1,"InChI=1S/C7H3Br2NO/c8-5-1-4(3-10)2-6(9)7(5)11/h1-2,11H",UPMXNNIRAGDFEH-UHFFFAOYSA-N,False
0,NC1=C(Cl)C(C(=O)O)=CC(Cl)=C1,"InChI=1S/C7H5Cl2NO2/c8-3-1-4(7(11)12)6(9)5(10)2-3/h1-2H,10H2,(H,11,12)",HSSBORCLYSCBJR-UHFFFAOYSA-N,False
1,N#CC1=CC=CC=C1,InChI=1S/C7H5N/c8-6-7-4-2-1-3-5-7/h1-5H,JFDZBHWFFUWGJE-UHFFFAOYSA-N,False
0,CC1=C([N+](=O)[O-])C=C([N+](=O)[O-])C=C1[N+](=O)[O-],"InChI=1S/C7H5N3O6/c1-4-6(9(13)14)2-5(8(11)12)3-7(4)10(15)16/h2-3H,1H3",SPSSULHKWOKEEL-UHFFFAOYSA-N,False
0,CN(C1=C([N+](=O)[O-])C=C([N+](=O)[O-])C=C1[N+](=O)[O-])[N+](=O)[O-],"InChI=1S/C7H5N5O8/c1-8(12(19)20)7-5(10(15)16)2-4(9(13)14)3-6(7)11(17)18/h2-3H,1H3",AGUIVNYEYSCPNI-UHFFFAOYSA-N,False
0,O=C1NS(=O)(=O)C2=CC=CC=C12,"InChI=1S/C7H5NO3S/c9-7-5-3-1-2-4-6(5)12(10,11)8-7/h1-4H,(H,8,9)",CVHZOJJKTDOEJC-UHFFFAOYSA-N,False
0,O=C(O)C1=C(C(=O)O)N=CC=C1,"InChI=1S/C7H5NO4/c9-6(10)4-2-1-3-8-5(4)7(11)12/h1-3H,(H,9,10)(H,11,12)",GJAWHXHKYYXBSV-UHFFFAOYSA-N,False
1,C1=CC=C2SC=NC2=C1,InChI=1S/C7H5NS/c1-2-4-7-6(3-1)8-5-9-7/h1-5H,IOJUPLGTWVMSFF-UHFFFAOYSA-N,False
0,NS(=O)(=O)C1=C(Cl)C=C2N=CNS(=O)(=O)C2=C1,"InChI=1S/C7H6ClN3O4S2/c8-4-1-5-7(2-6(4)16(9,12)13)17(14,15)11-3-10-5/h1-3H,(H,10,11)(H2,9,12,13)",JBMKAUGHUNFTOL-UHFFFAOYSA-N,False
0,CC1=CC([N+](=O)[O-])=CC([N+](=O)[O-])=C1O,"InChI=1S/C7H6N2O5/c1-4-2-5(8(11)12)3-6(7(4)10)9(13)14/h2-3,10H,1H3",ZXVONLUNISGICL-UHFFFAOYSA-N,False
1,O=CC1=CC=CC=C1,InChI=1S/C7H6O/c8-6-7-4-2-1-3-5-7/h1-6H,HUMNYLRZRPPJDN-UHFFFAOYSA-N,False
1,O=CC=CC1=CC=CO1,InChI=1S/C7H6O2/c8-5-1-3-7-4-2-6-9-7/h1-6H,VZIRCHXYMBFNFD-UHFFFAOYSA-N,False
1,O=CC1=CC=C(O)C=C1,"InChI=1S/C7H6O2/c8-5-6-1-3-7(9)4-2-6/h1-5,9H",RGHHSNMVTDWUBI-UHFFFAOYSA-N,False
1,O=CC1=CC=CC=C1O,"InChI=1S/C7H6O2/c8-5-6-3-1-2-4-7(6)9/h1-5,9H",SMQUZDBALVYZAC-UHFFFAOYSA-N,False
1,CC(=O)C(=O)C1=CC=CS1,"InChI=1S/C7H6O2S/c1-5(8)7(9)6-3-2-4-10-6/h2-4H,1H3",FDYDDUUWFJQMQC-UHFFFAOYSA-N,False
0,O=C1[O][Bi][O]C2=CC=CC=C12,"InChI=1S/C7H6O3.Bi/c8-6-4-2-1-3-5(6)7(9)10;/h1-4,8H,(H,9,10);/q;+2/p-2",LMWGJGSFWDSVJG-UHFFFAOYSA-L,False
1,O=CC1=CC(O)=C(O)C=C1,"InChI=1S/C7H6O3/c8-4-5-1-2-6(9)7(10)3-5/h1-4,9-10H",IBGBGRVKPALMCQ-UHFFFAOYSA-N,False
1,O=C(O)C1=CC=C(O)C=C1,"InChI=1S/C7H6O3/c8-6-3-1-5(2-4-6)7(9)10/h1-4,8H,(H,9,10)",FJKROLUGYXJWQN-UHFFFAOYSA-N,False
1,O=C(O)C1=CC=CC=C1O,"InChI=1S/C7H6O3/c8-6-4-2-1-3-5(6)7(9)10/h1-4,8H,(H,9,10)",YGSDEFSMJLZEOE-UHFFFAOYSA-N,False
1,O=C(O)C1=C(O)C=C(O)C=C1,"InChI=1S/C7H6O4/c8-4-1-2-5(7(10)11)6(9)3-4/h1-3,8-9H,(H,10,11)",UIAFKZKHHVMJGS-UHFFFAOYSA-N,False
1,O=C(O)C1=CC(O)=C(O)C=C1,"InChI=1S/C7H6O4/c8-5-2-1-4(7(10)11)3-6(5)9/h1-3,8-9H,(H,10,11)",YQUVCSBJEUQKSH-UHFFFAOYSA-N,False
0,O=C1C=C2C(=CCOC2O)O1,"InChI=1S/C7H6O4/c8-6-3-4-5(11-6)1-2-10-7(4)9/h1,3,7,9H,2H2",ZRWPUFFVAOMMNM-UHFFFAOYSA-N,False
1,CC(=O)C1=CN=CC=C1,"InChI=1S/C7H7NO/c1-6(9)7-3-2-4-8-5-7/h2-5H,1H3",WEGYGNROSJDEIW-UHFFFAOYSA-N,False
1,CC(=O)C1=CC=CC=N1,"InChI=1S/C7H7NO/c1-6(9)7-4-2-3-5-8-7/h2-5H,1H3",AJKVQEKCUACUMD-UHFFFAOYSA-N,False
1,COC(=O)C1=CN=CC=C1,"InChI=1S/C7H7NO2/c1-10-7(9)6-3-2-4-8-5-6/h2-5H,1H3",YNBADRVTZLEFNH-UHFFFAOYSA-N,False
0,NC1=CC=C(C(=O)O)C=C1,"InChI=1S/C7H7NO2/c8-6-3-1-5(2-4-6)7(9)10/h1-4H,8H2,(H,9,10)",ALYNCZNDIQEVRV-UHFFFAOYSA-N,False
0,NC1=CC(O)=C(C(=O)O)C=C1,"InChI=1S/C7H7NO3/c8-4-1-2-5(7(10)11)6(9)3-4/h1-3,9H,8H2,(H,10,11)",WUBBRNOQWQTFEX-UHFFFAOYSA-N,False
1,CC1=CC=CC=C1,"InChI=1S/C7H8/c1-7-5-3-2-4-6-7/h2-6H,1H3",YXFVVABEGXRONW-UHFFFAOYSA-N,False
0,NS(=O)(=O)C1=C(Cl)C=C2NCNS(=O)(=O)C2=C1,"InChI=1S/C7H8ClN3O4S2/c8-4-1-5-7(2-6(4)16(9,12)13)17(14,15)11-3-10-5/h1-2,10-11H,3H2,(H2,9,12,13)",JZUFKLXOESDKRF-UHFFFAOYSA-N,False
1,C=C(C)C1=NC=CN=C1,"InChI=1S/C7H8N2/c1-6(2)7-5-8-3-4-9-7/h3-5H,1H2,2H3",JMKUTMOIKCXELD-UHFFFAOYSA-N,False
1,CC(=O)C1=NC(C)=NC=C1,"InChI=1S/C7H8N2O/c1-5(10)7-3-4-8-6(2)9-7/h3-4H,1-2H3",ZADBZWAGUOHTAB-UHFFFAOYSA-N,False
1,CC(=O)C1=NC(C)=CN=C1,"InChI=1S/C7H8N2O/c1-5-3-8-4-7(9-5)6(2)10/h3-4H,1-2H3",YVSDZDUKXQLFLV-UHFFFAOYSA-N,False
1,CC(=O)C1=NC=C(C)N=C1,"InChI=1S/C7H8N2O/c1-5-3-9-7(4-8-5)6(2)10/h3-4H,1-2H3",LPQFLJXNMCVMCO-UHFFFAOYSA-N,False
1,CC(=O)C1=NC=CN=C1C,"InChI=1S/C7H8N2O/c1-5-7(6(2)10)9-4-3-8-5/h3-4H,1-2H3",QUNOTZOHYZZWKQ-UHFFFAOYSA-N,False
1,CC1=NC=C2COCC2=N1,"InChI=1S/C7H8N2O/c1-5-8-2-6-3-10-4-7(6)9-5/h2H,3-4H2,1H3",GGERCBXPDBFBKZ-UHFFFAOYSA-N,False
1,CC1=NC=C2CSCC2=N1,"InChI=1S/C7H8N2S/c1-5-8-2-6-3-10-4-7(6)9-5/h2H,3-4H2,1H3",XSUYIZJJKIKWFN-UHFFFAOYSA-N,False
0,CN1C(=O)C2=C(N=CN2)N(C)C1=O,"InChI=1S/C7H8N4O2/c1-10-5-4(8-3-9-5)6(12)11(2)7(10)13/h3H,1-2H3,(H,8,9)",ZFXYFBGIUFBOJW-UHFFFAOYSA-N,False
1,CC1=CC=C(O)C=C1,"InChI=1S/C7H8O/c1-6-2-4-7(8)5-3-6/h2-5,8H,1H3",IWDCLRJOBJJRNH-UHFFFAOYSA-N,False
1,CC1=CC(O)=CC=C1,"InChI=1S/C7H8O/c1-6-3-2-4-7(8)5-6/h2-5,8H,1H3",RLSSMJSEOOYNOY-UHFFFAOYSA-N,False
1,CC1=CC=CC=C1O,"InChI=1S/C7H8O/c1-6-4-2-3-5-7(6)8/h2-5,8H,1H3",QWVGKYWNOKOFNN-UHFFFAOYSA-N,False
1,COC1=CC=CC=C1,"InChI=1S/C7H8O/c1-8-7-5-3-2-4-6-7/h2-6H,1H3",RDOXTESZEPMUJZ-UHFFFAOYSA-N,False
1,OCC1=CC=CC=C1,"InChI=1S/C7H8O/c8-6-7-4-2-1-3-5-7/h1-5,8H,6H2",WVDDGKGOMKODPV-UHFFFAOYSA-N,False
1,CC(=O)C1=CC=C(C)O1,"InChI=1S/C7H8O2/c1-5-3-4-7(9-5)6(2)8/h3-4H,1-2H3",KEFJLCGVTHRGAH-UHFFFAOYSA-N,False
1,CC1=CC(=O)OC(C)=C1,"InChI=1S/C7H8O2/c1-5-3-6(2)9-7(8)4-5/h3-4H,1-2H3",IXYLIUKQQQXXON-UHFFFAOYSA-N,False
1,CC(=O)CC1=CC=CO1,"InChI=1S/C7H8O2/c1-6(8)5-7-3-2-4-9-7/h2-4H,5H2,1H3",IQOJTGSBENZIOL-UHFFFAOYSA-N,False
1,COC1=CC=CC(O)=C1,"InChI=1S/C7H8O2/c1-9-7-4-2-3-6(8)5-7/h2-5,8H,1H3",ASHGTJPOSUFTGB-UHFFFAOYSA-N,False
1,COC1=CC=CC=C1O,"InChI=1S/C7H8O2/c1-9-7-5-3-2-4-6(7)8/h2-5,8H,1H3",LHGVFZTZFXWLCP-UHFFFAOYSA-N,False
1,OCC1=CC=C(O)C=C1,"InChI=1S/C7H8O2/c8-5-6-1-3-7(9)4-2-6/h1-4,8-9H,5H2",BVJSUAQZOZWCKN-UHFFFAOYSA-N,False
1,CC(=O)C1=C(O)C=C(C)S1,"InChI=1S/C7H8O2S/c1-4-3-6(9)7(10-4)5(2)8/h3,9H,1-2H3",IOOPSZCABYNBDZ-UHFFFAOYSA-N,False
1,CC(=O)SC1=C(C)OC=C1,"InChI=1S/C7H8O2S/c1-5-7(3-4-9-5)10-6(2)8/h3-4H,1-2H3",PQFIBPDAGFGLBY-UHFFFAOYSA-N,False
1,CC(=O)SCC1=CC=CO1,"InChI=1S/C7H8O2S/c1-6(8)10-5-7-3-2-4-9-7/h2-4H,5H2,1H3",LQOUTUIIYXYBQW-UHFFFAOYSA-N,False
1,CCC1=C(O)C(=O)C=CO1,"InChI=1S/C7H8O3/c1-2-6-7(9)5(8)3-4-10-6/h3-4,9H,2H2,1H3",YIKYNHJUKRTCJL-UHFFFAOYSA-N,False
1,CCOC(=O)C1=CC=CO1,"InChI=1S/C7H8O3/c1-2-9-7(8)6-4-3-5-10-6/h3-5H,2H2,1H3",NHXSTXWKZVAVOQ-UHFFFAOYSA-N,False
1,CC(=O)OCC1=CC=CO1,"InChI=1S/C7H8O3/c1-6(8)10-5-7-3-2-4-9-7/h2-4H,5H2,1H3",CKOYRRWBOKMNRG-UHFFFAOYSA-N,False
1,CCC(=O)C1=CC=CS1,"InChI=1S/C7H8OS/c1-2-6(8)7-4-3-5-9-7/h3-5H,2H2,1H3",MFPZQZZWAMAHOY-UHFFFAOYSA-N,False
1,CCC1=CC=C(C=O)S1,"InChI=1S/C7H8OS/c1-2-6-3-4-7(5-8)9-6/h3-5H,2H2,1H3",CLQXZICUPGZTPE-UHFFFAOYSA-N,False
1,CC(=O)C1=CC=C(C)S1,"InChI=1S/C7H8OS/c1-5-3-4-7(9-5)6(2)8/h3-4H,1-2H3",YOSDTJYMDAEEAZ-UHFFFAOYSA-N,False
1,CC(=O)C1=C(C)C=CS1,"InChI=1S/C7H8OS/c1-5-3-4-9-7(5)6(2)8/h3-4H,1-2H3",YBJDKNXEWQSGEL-UHFFFAOYSA-N,False
1,CC1=C2SCCC2=CO1,"InChI=1S/C7H8OS/c1-5-7-6(4-8-5)2-3-9-7/h4H,2-3H2,1H3",WQOKVCDOEDFSAJ-UHFFFAOYSA-N,False
1,COC1=CC=CC=C1S,"InChI=1S/C7H8OS/c1-8-6-4-2-3-5-7(6)9/h2-5,9H,1H3",DSCJETUEDFKYGN-UHFFFAOYSA-N,False
1,CSC1=CC=CC=C1O,"InChI=1S/C7H8OS/c1-9-7-5-3-2-4-6(7)8/h2-5,8H,1H3",SOOARYARZPXNAL-UHFFFAOYSA-N,False
1,CC1=CC=CC=C1S,"InChI=1S/C7H8S/c1-6-4-2-3-5-7(6)8/h2-5,8H,1H3",LXUNZSDDXMPKLP-UHFFFAOYSA-N,False
1,CSC1=CC=CC=C1,"InChI=1S/C7H8S/c1-8-7-5-3-2-4-6-7/h2-6H,1H3",HNKJADCVZUBCPG-UHFFFAOYSA-N,False
1,SCC1=CC=CC=C1,"InChI=1S/C7H8S/c8-6-7-4-2-1-3-5-7/h1-5,8H,6H2",UENWRTRMUIOCKN-UHFFFAOYSA-N,False
1,CSSC1=CC=CC=C1,"InChI=1S/C7H8S2/c1-8-9-7-5-3-2-4-6-7/h2-6H,1H3",LMSQHVXHZCNJEP-UHFFFAOYSA-N,False
1,CCC1=CN=CC=C1,"InChI=1S/C7H9N/c1-2-7-4-3-5-8-6-7/h3-6H,2H2,1H3",MFEIKQPHQINPRI-UHFFFAOYSA-N,False
1,CCC1=CC=CC=N1,"InChI=1S/C7H9N/c1-2-7-5-3-4-6-8-7/h3-6H,2H2,1H3",NRGGMCIBEHEAIL-UHFFFAOYSA-N,False
1,CC1=CC(C)=NC=C1,"InChI=1S/C7H9N/c1-6-3-4-8-7(2)5-6/h3-5H,1-2H3",JYYNAJVZFGKDEQ-UHFFFAOYSA-N,False
1,CC1=CC=CC(C)=N1,"InChI=1S/C7H9N/c1-6-4-3-5-7(2)8-6/h3-5H,1-2H3",OISVCGZHLKNMSJ-UHFFFAOYSA-N,False
1,CCC(=O)C1=CC=CN1,"InChI=1S/C7H9NO/c1-2-7(9)6-4-3-5-8-6/h3-5,8H,2H2,1H3",AEJPPSRYXGEVDT-UHFFFAOYSA-N,False
1,CCN1C=CC=C1C=O,"InChI=1S/C7H9NO/c1-2-8-5-3-4-7(8)6-9/h3-6H,2H2,1H3",DVLGEHCERRWDIX-UHFFFAOYSA-N,False
1,CC(=O)C1=CC=C(C)N1,"InChI=1S/C7H9NO/c1-5-3-4-7(8-5)6(2)9/h3-4,8H,1-2H3",VODXUZDKSDHLHT-UHFFFAOYSA-N,False
1,CC(=O)C1=CC=CN1C,"InChI=1S/C7H9NO/c1-6(9)7-4-3-5-8(7)2/h3-5H,1-2H3",NZFLWVDXYUGFAV-UHFFFAOYSA-N,False
1,CC(=O)C1=C(C)N=C(C)S1,InChI=1S/C7H9NOS/c1-4-7(5(2)9)10-6(3)8-4/h1-3H3,BLQOKWQUTLNKON-UHFFFAOYSA-N,False
1,C=CC1=C(C)N=C(C)S1,"InChI=1S/C7H9NS/c1-4-7-5(2)8-6(3)9-7/h4H,1H2,2-3H3",MLBCDQHOBLVBQD-UHFFFAOYSA-N,False
0,O=C1OC(=O)C2=C(Cl)C(Cl)=C(Cl)C(Cl)=C12,InChI=1S/C8Cl4O3/c9-3-1-2(8(14)15-7(1)13)4(10)6(12)5(3)11,AUHHYELHRWCWEZ-UHFFFAOYSA-N,False
1,CC1=CC=CC(C)=C1,"InChI=1S/C8H10/c1-7-4-3-5-8(2)6-7/h3-6H,1-2H3",IVSZLXZYQVIEFR-UHFFFAOYSA-N,False
1,CC1=CC=CC=C1C,"InChI=1S/C8H10/c1-7-5-3-4-6-8(7)2/h3-6H,1-2H3",CTQNGGLPUBDAKN-UHFFFAOYSA-N,False
1,C1=CN=C2CCCCC2=N1,"InChI=1S/C8H10N2/c1-2-4-8-7(3-1)9-5-6-10-8/h5-6H,1-4H2",XCZPDOCRSYZOBI-UHFFFAOYSA-N,False
1,C=CC1=NC(CC)=CN=C1,"InChI=1S/C8H10N2/c1-3-7-5-9-6-8(4-2)10-7/h3,5-6H,1,4H2,2H3",QKJPBHPFIVOPSX-UHFFFAOYSA-N,False
1,C=CC1=NC=C(C)N=C1C,"InChI=1S/C8H10N2/c1-4-8-7(3)10-6(2)5-9-8/h4-5H,1H2,2-3H3",ZUOLEJGELMNGPM-UHFFFAOYSA-N,False
1,CC1CCC2=NC=CN=C21,"InChI=1S/C8H10N2/c1-6-2-3-7-8(6)10-5-4-9-7/h4-6H,2-3H2,1H3",YZEFQPIMXZVPKP-UHFFFAOYSA-N,False
1,CCC1=NC=CN=C1C(C)=O,"InChI=1S/C8H10N2O/c1-3-7-8(6(2)11)10-5-4-9-7/h4-5H,3H2,1-2H3",PPJSYGVFDJEMRP-UHFFFAOYSA-N,False
1,CC(=O)C1=NC(C)=CN=C1C,"InChI=1S/C8H10N2O/c1-5-4-9-6(2)8(10-5)7(3)11/h4H,1-3H3",JFUVDGXTDCVGHA-UHFFFAOYSA-N,False
1,CC(=O)C1=NC=C(C)N=C1C,"InChI=1S/C8H10N2O/c1-5-4-9-8(7(3)11)6(2)10-5/h4H,1-3H3",UCGOSAWBWFUKDT-UHFFFAOYSA-N,False
1,CC(=O)C1=CN=C(C)C(C)=N1,"InChI=1S/C8H10N2O/c1-5-6(2)10-8(4-9-5)7(3)11/h4H,1-3H3",PHIMZXOSIVXOQK-UHFFFAOYSA-N,False
1,CC1=NC=C2COC(C)C2=N1,"InChI=1S/C8H10N2O/c1-5-8-7(4-11-5)3-9-6(2)10-8/h3,5H,4H2,1-2H3",NFFYLZWKFLCOPG-UHFFFAOYSA-N,False
0,CN1C=NC2=C1C(=O)N(C)C(=O)N2C,"InChI=1S/C8H10N4O2/c1-10-4-9-6-5(10)7(13)12(3)8(14)11(6)2/h4H,1-3H3",RYYVLZVUVIJVGH-UHFFFAOYSA-N,False
1,CCC1=CC=C(O)C=C1,"InChI=1S/C8H10O/c1-2-7-3-5-8(9)6-4-7/h3-6,9H,2H2,1H3",HXDOZKJGKXYMEW-UHFFFAOYSA-N,False
1,CCC1=CC(O)=CC=C1,"InChI=1S/C8H10O/c1-2-7-4-3-5-8(9)6-7/h3-6,9H,2H2,1H3",HMNKTRSOROOSPP-UHFFFAOYSA-N,False
1,CC1=CC(O)=C(C)C=C1,"InChI=1S/C8H10O/c1-6-3-4-7(2)8(9)5-6/h3-5,9H,1-2H3",NKTOLZVEWDHZMU-UHFFFAOYSA-N,False
1,CC1=CC(C)=C(O)C=C1,"InChI=1S/C8H10O/c1-6-3-4-8(9)7(2)5-6/h3-5,9H,1-2H3",KUFFULVDNCHOFZ-UHFFFAOYSA-N,False
1,CC1=CC=CC(C)=C1O,"InChI=1S/C8H10O/c1-6-4-3-5-7(2)8(6)9/h3-5,9H,1-2H3",NXXYKOUNUYWIHA-UHFFFAOYSA-N,False
1,CC1=C(C)C(O)=CC=C1,"InChI=1S/C8H10O/c1-6-4-3-5-8(9)7(6)2/h3-5,9H,1-2H3",QWBBPBRQALCEIZ-UHFFFAOYSA-N,False
1,CC(O)C1=CC=CC=C1,"InChI=1S/C8H10O/c1-7(9)8-5-3-2-4-6-8/h2-7,9H,1H3",WAPNOHKVXSQRPX-UHFFFAOYSA-N,False
1,CC1=CC=C(CO)C=C1,"InChI=1S/C8H10O/c1-7-2-4-8(6-9)5-3-7/h2-5,9H,6H2,1H3",KMTDMTZBNYGUNX-UHFFFAOYSA-N,False
1,COC1=CC=C(C)C=C1,"InChI=1S/C8H10O/c1-7-3-5-8(9-2)6-4-7/h3-6H,1-2H3",CHLICZRVGGXEOD-UHFFFAOYSA-N,False
1,COC1=CC=CC(C)=C1,"InChI=1S/C8H10O/c1-7-4-3-5-8(6-7)9-2/h3-6H,1-2H3",OSIGJGFTADMDOB-UHFFFAOYSA-N,False
1,COC1=CC=CC=C1C,"InChI=1S/C8H10O/c1-7-5-3-4-6-8(7)9-2/h3-6H,1-2H3",DTFKRVXLBCAIOZ-UHFFFAOYSA-N,False
1,COCC1=CC=CC=C1,"InChI=1S/C8H10O/c1-9-7-8-5-3-2-4-6-8/h2-6H,7H2,1H3",GQKZBCPTCWJTAS-UHFFFAOYSA-N,False
1,OCCC1=CC=CC=C1,"InChI=1S/C8H10O/c9-7-6-8-4-2-1-3-5-8/h1-5,9H,6-7H2",WRMNZCZEMHIOCP-UHFFFAOYSA-N,False
1,COC1=CC=C(CO)C=C1,"InChI=1S/C8H10O2/c1-10-8-4-2-7(6-9)3-5-8/h2-5,9H,6H2,1H3",MSHFRERJPWKJFX-UHFFFAOYSA-N,False
1,CCOC1=CC=C(O)C=C1,"InChI=1S/C8H10O2/c1-2-10-8-5-3-7(9)4-6-8/h3-6,9H,2H2,1H3",LKVFCSWBKOVHAH-UHFFFAOYSA-N,False
1,CCCC(=O)C1=CC=CO1,"InChI=1S/C8H10O2/c1-2-4-7(9)8-5-3-6-10-8/h3,5-6H,2,4H2,1H3",GONWJZJNVDRECJ-UHFFFAOYSA-N,False
1,CC(=O)C1=C(C)C=C(C)O1,"InChI=1S/C8H10O2/c1-5-4-6(2)10-8(5)7(3)9/h4H,1-3H3",SQWQZVDNBPEROH-UHFFFAOYSA-N,False
1,CC(=O)C1=C(C)OC(C)=C1,"InChI=1S/C8H10O2/c1-5-4-8(6(2)9)7(3)10-5/h4H,1-3H3",KBSVBCHYXYXDAG-UHFFFAOYSA-N,False
1,COC1=C(O)C=CC(C)=C1,"InChI=1S/C8H10O2/c1-6-3-4-7(9)8(5-6)10-2/h3-5,9H,1-2H3",PETRWTHZSKVLRE-UHFFFAOYSA-N,False
1,COC1=CC(C)=CC(O)=C1,"InChI=1S/C8H10O2/c1-6-3-7(9)5-8(4-6)10-2/h3-5,9H,1-2H3",NOTCZLKDULMKBR-UHFFFAOYSA-N,False
1,CC1=CC=CC=C1C(O)O,"InChI=1S/C8H10O2/c1-6-4-2-3-5-7(6)8(9)10/h2-5,8-10H,1H3",PEHKIYKLNBXJJT-UHFFFAOYSA-N,False
1,CC(=O)CCC1=CC=CO1,"InChI=1S/C8H10O2/c1-7(9)4-5-8-3-2-6-10-8/h2-3,6H,4-5H2,1H3",GGJUJWSDTDBTLX-UHFFFAOYSA-N,False
1,COC1=CC=C(OC)C=C1,"InChI=1S/C8H10O2/c1-9-7-3-5-8(10-2)6-4-7/h3-6H,1-2H3",OHBQPCCCRFSCAX-UHFFFAOYSA-N,False
1,COC1=CC=CC(OC)=C1,"InChI=1S/C8H10O2/c1-9-7-4-3-5-8(6-7)10-2/h3-6H,1-2H3",DPZNOMCNRMUKPS-UHFFFAOYSA-N,False
1,COC1=CC=CC=C1OC,"InChI=1S/C8H10O2/c1-9-7-5-3-4-6-8(7)10-2/h3-6H,1-2H3",ABDKAPXRBAPSQN-UHFFFAOYSA-N,False
1,OCCC1=CC=C(O)C=C1,"InChI=1S/C8H10O2/c9-6-5-7-1-3-8(10)4-2-7/h1-4,9-10H,5-6H2",YCCILVSKPBXVIP-UHFFFAOYSA-N,False
1,OCCOC1=CC=CC=C1,"InChI=1S/C8H10O2/c9-6-7-10-8-4-2-1-3-5-8/h1-5,9H,6-7H2",QCDWFXQBSFUVSP-UHFFFAOYSA-N,False
1,CCC(=O)SCC1=CC=CO1,"InChI=1S/C8H10O2S/c1-2-8(9)11-6-7-4-3-5-10-7/h3-5H,2,6H2,1H3",JNVPDFNCAUOOIT-UHFFFAOYSA-N,False
1,CC(=O)SC1=C(C)OC(C)=C1,"InChI=1S/C8H10O2S/c1-5-4-8(6(2)10-5)11-7(3)9/h4H,1-3H3",LULNJORVPBVGRB-UHFFFAOYSA-N,False
1,COC1=CC=CC(OC)=C1O,"InChI=1S/C8H10O3/c1-10-6-4-3-5-7(11-2)8(6)9/h3-5,9H,1-2H3",KLIDCXVFHGNTTM-UHFFFAOYSA-N,False
1,COC1=C(O)C=CC(CO)=C1,"InChI=1S/C8H10O3/c1-11-8-4-6(5-9)2-3-7(8)10/h2-4,9-10H,5H2,1H3",ZENOXNGFMSCLLL-UHFFFAOYSA-N,False
1,CCCOC(=O)C1=CC=CO1,"InChI=1S/C8H10O3/c1-2-5-11-8(9)7-4-3-6-10-7/h3-4,6H,2,5H2,1H3",HSCVIIISAAEVQT-UHFFFAOYSA-N,False
1,CCC(=O)OCC1=CC=CO1,"InChI=1S/C8H10O3/c1-2-8(9)11-6-7-4-3-5-10-7/h3-5H,2,6H2,1H3",LGBXNZSSTFWRFS-UHFFFAOYSA-N,False
1,CC(=O)C1=C(C)OC(C)=C1O,"InChI=1S/C8H10O3/c1-4(9)7-5(2)11-6(3)8(7)10/h10H,1-3H3",BHRGONBIOCFMDO-UHFFFAOYSA-N,False
1,CCOC(=O)SCC1=CC=CO1,"InChI=1S/C8H10O3S/c1-2-10-8(9)12-6-7-4-3-5-11-7/h3-5H,2,6H2,1H3",RPDATXKSJBDCAP-UHFFFAOYSA-N,False
1,CC(=O)OC1=C(C)OC(C)=C1O,"InChI=1S/C8H10O4/c1-4-7(10)8(5(2)11-4)12-6(3)9/h10H,1-3H3",MDQXRHDFSHLQOD-UHFFFAOYSA-N,False
0,O=C(O)C1C2CCC(O2)C1C(=O)O,"InChI=1S/C8H10O5/c9-7(10)5-3-1-2-4(13-3)6(5)8(11)12/h3-6H,1-2H2,(H,9,10)(H,11,12)",GXEKYRXVRROBEV-UHFFFAOYSA-N,False
0,O=C(O)CCC(=O)OOC(=O)CCC(=O)O,"InChI=1S/C8H10O8/c9-5(10)1-3-7(13)15-16-8(14)4-2-6(11)12/h1-4H2,(H,9,10)(H,11,12)",MKTOIPPVFPJEQO-UHFFFAOYSA-N,False
1,CCCC(=O)C1=CC=CS1,"InChI=1S/C8H10OS/c1-2-4-7(9)8-5-3-6-10-8/h3,5-6H,2,4H2,1H3",YXHIINNJOGKPLF-UHFFFAOYSA-N,False
1,CC(=O)C1=C(C)SC(C)=C1,"InChI=1S/C8H10OS/c1-5-4-8(6(2)9)7(3)10-5/h4H,1-3H3",PUSJAEJRDNPYKM-UHFFFAOYSA-N,False
1,COC1=CC=C(CS)C=C1,"InChI=1S/C8H10OS/c1-9-8-4-2-7(6-10)3-5-8/h2-5,10H,6H2,1H3",PTDVPWWJRCOIIO-UHFFFAOYSA-N,False
1,CCC1=CC=CC=C1S,"InChI=1S/C8H10S/c1-2-7-5-3-4-6-8(7)9/h3-6,9H,2H2,1H3",ABROBCBIIWHVNS-UHFFFAOYSA-N,False
1,CC1=CC=CC(C)=C1S,"InChI=1S/C8H10S/c1-6-4-3-5-7(2)8(6)9/h3-5,9H,1-2H3",QCLJODDRBGKIRW-UHFFFAOYSA-N,False
1,CC(S)C1=CC=CC=C1,"InChI=1S/C8H10S/c1-7(9)8-5-3-2-4-6-8/h2-7,9H,1H3",QZZBJCFNHPYNKO-UHFFFAOYSA-N,False
1,CSCC1=CC=CC=C1,"InChI=1S/C8H10S/c1-9-7-8-5-3-2-4-6-8/h2-6H,7H2,1H3",OFQPKKGMNWASPN-UHFFFAOYSA-N,False
1,SCCC1=CC=CC=C1,"InChI=1S/C8H10S/c9-7-6-8-4-2-1-3-5-8/h1-5,9H,6-7H2",ZMRFRBHYXOQLDK-UHFFFAOYSA-N,False
1,CSSCC1=CC=CC=C1,"InChI=1S/C8H10S2/c1-9-10-7-8-5-3-2-4-6-8/h2-6H,7H2,1H3",NWYGPVZOBBHKLI-UHFFFAOYSA-N,False
0,O=C1NC=C(N(CCCl)CCCl)C(=O)N1,"InChI=1S/C8H11Cl2N3O2/c9-1-3-13(4-2-10)6-5-11-8(15)12-7(6)14/h5H,1-4H2,(H2,11,12,14,15)",IDPUKCWIGUEADI-UHFFFAOYSA-N,False
1,CCCC1=CN=CC=C1,"InChI=1S/C8H11N/c1-2-4-8-5-3-6-9-7-8/h3,5-7H,2,4H2,1H3",MLAXEZHEGARMPE-UHFFFAOYSA-N,False
1,CCCC1=CC=CC=N1,"InChI=1S/C8H11N/c1-2-5-8-6-3-4-7-9-8/h3-4,6-7H,2,5H2,1H3",OIALIKXMLIAOSN-UHFFFAOYSA-N,False
1,CCC1=CN=C(C)C=C1,"InChI=1S/C8H11N/c1-3-8-5-4-7(2)9-6-8/h4-6H,3H2,1-2H3",NTSLROIKFLNUIJ-UHFFFAOYSA-N,False
1,CC1=CC(C)=NC(C)=C1,"InChI=1S/C8H11N/c1-6-4-7(2)9-8(3)5-6/h4-5H,1-3H3",BWZVCCNYKMEVEX-UHFFFAOYSA-N,False
1,CC(C)C1=CC=CC=N1,"InChI=1S/C8H11N/c1-7(2)8-5-3-4-6-9-8/h3-7H,1-2H3",PFYPDUUXDADWKC-UHFFFAOYSA-N,False
1,NCCC1=CC=CC=C1,"InChI=1S/C8H11N/c9-7-6-8-4-2-1-3-5-8/h1-5H,6-7,9H2",BHHGXPLMPWCGHP-UHFFFAOYSA-N,False
1,CC(=O)[N+]1=CC(C)=NC(C)=C1,"InChI=1S/C8H11N2O/c1-6-4-10(8(3)11)5-7(2)9-6/h4-5H,1-3H3/q+1",SRLOIFIDNDAVFM-UHFFFAOYSA-N,False
1,CCN1C=CC=C1C(C)=O,"InChI=1S/C8H11NO/c1-3-9-6-4-5-8(9)7(2)10/h4-6H,3H2,1-2H3",HQADRFRTIALOCB-UHFFFAOYSA-N,False
1,NCCC1=CC=C(O)C=C1,"InChI=1S/C8H11NO/c9-6-5-7-1-3-8(10)4-2-7/h1-4,10H,5-6,9H2",DZGWFCGJZKJUFP-UHFFFAOYSA-N,False
1,CC(=O)OCCC1=C(C)N=CS1,"InChI=1S/C8H11NO2S/c1-6-8(12-5-9-6)3-4-11-7(2)10/h5H,3-4H2,1-2H3",CRTCWNPLKVVXIX-UHFFFAOYSA-N,False
1,CCCC1=NC=CN=C1C,"InChI=1S/C8H12N2/c1-3-4-8-7(2)9-5-6-10-8/h5-6H,3-4H2,1-2H3",XAWKNALRUSOTOY-UHFFFAOYSA-N,False
1,CCC1=NC=CN=C1CC,"InChI=1S/C8H12N2/c1-3-7-8(4-2)10-6-5-9-7/h5-6H,3-4H2,1-2H3",GZXXANJCCWGCSV-UHFFFAOYSA-N,False
1,CCC1=CN=C(C)C(C)=N1,"InChI=1S/C8H12N2/c1-4-8-5-9-6(2)7(3)10-8/h5H,4H2,1-3H3",CIBKSMZEVHTQLG-UHFFFAOYSA-N,False
1,CCC1=NC=C(C)N=C1C,"InChI=1S/C8H12N2/c1-4-8-7(3)10-6(2)5-9-8/h5H,4H2,1-3H3",JZBCTZLGKSYRSF-UHFFFAOYSA-N,False
1,CCC1=NC(C)=CN=C1C,"InChI=1S/C8H12N2/c1-4-8-7(3)9-5-6(2)10-8/h5H,4H2,1-3H3",WHMWOHBXYIZFPF-UHFFFAOYSA-N,False
1,CC1=NC(C)=C(C)N=C1C,InChI=1S/C8H12N2/c1-5-6(2)10-8(4)7(3)9-5/h1-4H3,FINHMKGKINIASC-UHFFFAOYSA-N,False
1,CC1=CN=C(C(C)C)C=N1,"InChI=1S/C8H12N2/c1-6(2)8-5-9-7(3)4-10-8/h4-6H,1-3H3",PGTQKVQDZHXLOP-UHFFFAOYSA-N,False
1,CC1=NC=CN=C1C(C)C,"InChI=1S/C8H12N2/c1-6(2)8-7(3)9-4-5-10-8/h4-6H,1-3H3",LNSYLBDZKBWDNL-UHFFFAOYSA-N,False
1,CC(C)CC1=NC=CN=C1,"InChI=1S/C8H12N2/c1-7(2)5-8-6-9-3-4-10-8/h3-4,6-7H,5H2,1-2H3",YAIMUUJMEBJXAA-UHFFFAOYSA-N,False
0,CC(C)(C#N)C(C)(C)C#N,"InChI=1S/C8H12N2/c1-7(2,5-9)8(3,4)6-10/h1-4H3",ZVQXQPNJHRNGID-UHFFFAOYSA-N,False
1,CC(C)(C)C1=NC=CN=C1,"InChI=1S/C8H12N2/c1-8(2,3)7-6-9-4-5-10-7/h4-6H,1-3H3",YNQZVOWNJKASKQ-UHFFFAOYSA-N,False
1,N#CCCCCCCC#N,InChI=1S/C8H12N2/c9-7-5-3-1-2-4-6-8-10/h1-6H2,BTNXBLUGMAMSSH-UHFFFAOYSA-N,False
1,CCCOC1=NC(C)=CN=C1,"InChI=1S/C8H12N2O/c1-3-4-11-8-6-9-5-7(2)10-8/h5-6H,3-4H2,1-2H3",RSYNIAMYGDKFMO-UHFFFAOYSA-N,False
1,CCCC1=NC=CN=C1OC,"InChI=1S/C8H12N2O/c1-3-4-7-8(11-2)10-6-5-9-7/h5-6H,3-4H2,1-2H3",WPWBOFKCKQCZIS-UHFFFAOYSA-N,False
1,CCOC1=NC=CN=C1CC,"InChI=1S/C8H12N2O/c1-3-7-8(11-4-2)10-6-5-9-7/h5-6H,3-4H2,1-2H3",TYSHGGVMHVIOMH-UHFFFAOYSA-N,False
1,COC1=NC=CN=C1C(C)C,"InChI=1S/C8H12N2O/c1-6(2)7-8(11-3)10-5-4-9-7/h4-6H,1-3H3",NTOPKICPEQUPPH-UHFFFAOYSA-N,False
1,CSC1=NC=CN=C1C(C)C,"InChI=1S/C8H12N2S/c1-6(2)7-8(11-3)10-5-4-9-7/h4-6H,1-3H3",MUSIVZZZFRJWGI-UHFFFAOYSA-N,False
1,CCC=CC=CCC=O,"InChI=1S/C8H12O/c1-2-3-4-5-6-7-8-9/h3-6,8H,2,7H2,1H3",JXIDLTMFZFVXNT-UHFFFAOYSA-N,False
1,CCCCC1=CC=CO1,"InChI=1S/C8H12O/c1-2-3-5-8-6-4-7-9-8/h4,6-7H,2-3,5H2,1H3",NWZIYQNUCXUJJJ-UHFFFAOYSA-N,False
1,CC=CC=CCC(C)=O,"InChI=1S/C8H12O/c1-3-4-5-6-7-8(2)9/h3-6H,7H2,1-2H3",WCXZJNBNVYUXJV-UHFFFAOYSA-N,False
1,C=CC(=O)C=CCCC,"InChI=1S/C8H12O/c1-3-5-6-7-8(9)4-2/h4,6-7H,2-3,5H2,1H3",KLBAYHDGSRBDKN-UHFFFAOYSA-N,False
1,CC(=O)C=CC=C(C)C,"InChI=1S/C8H12O/c1-7(2)5-4-6-8(3)9/h4-6H,1-3H3",KSKXSFZGARKWOW-UHFFFAOYSA-N,False
1,COC(=O)C=C1CCCC1,"InChI=1S/C8H12O2/c1-10-8(9)6-7-4-2-3-5-7/h6H,2-5H2,1H3",ZDBCSZOFHPULAS-UHFFFAOYSA-N,False
1,CCCC1OC1C=CC=O,"InChI=1S/C8H12O2/c1-2-4-7-8(10-7)5-3-6-9/h3,5-8H,2,4H2,1H3",RBBPXPMPGIPSJY-UHFFFAOYSA-N,False
1,CC=CC=CCOC(C)=O,"InChI=1S/C8H12O2/c1-3-4-5-6-7-10-8(2)9/h3-6H,7H2,1-2H3",PXVKYPFROMBALG-UHFFFAOYSA-N,False
1,CCC1CC(C)C(=O)C1=O,"InChI=1S/C8H12O2/c1-3-6-4-5(2)7(9)8(6)10/h5-6H,3-4H2,1-2H3",CMIUAOYKUMNWLW-UHFFFAOYSA-N,False
1,CCC1CC(=O)C(=O)C1C,"InChI=1S/C8H12O2/c1-3-6-4-7(9)8(10)5(6)2/h5-6H,3-4H2,1-2H3",GCAPDHXODKAZOU-UHFFFAOYSA-N,False
1,CCC1C(=O)C(=O)CC1C,"InChI=1S/C8H12O2/c1-3-6-5(2)4-7(9)8(6)10/h5-6H,3-4H2,1-2H3",PJGUAPZBKDQAHE-UHFFFAOYSA-N,False
1,CC1C(=O)C(=O)C(C)C1C,"InChI=1S/C8H12O2/c1-4-5(2)7(9)8(10)6(4)3/h4-6H,1-3H3",UDBCAYFKIFXMOB-UHFFFAOYSA-N,False
1,C=C=CC(C)C(=O)OCC,"InChI=1S/C8H12O2/c1-4-6-7(3)8(9)10-5-2/h6-7H,1,5H2,2-3H3",DDZLNKMWFGDTAX-UHFFFAOYSA-N,False
1,COC1=C(C)CC(C)C1=O,"InChI=1S/C8H12O2/c1-5-4-6(2)8(10-3)7(5)9/h5H,4H2,1-3H3",IMXXGEZPPYRXAP-UHFFFAOYSA-N,False
1,CC1CC(C)(C)C(=O)C1=O,"InChI=1S/C8H12O2/c1-5-4-8(2,3)7(10)6(5)9/h5H,4H2,1-3H3",GGXVKCBZJYLSCZ-UHFFFAOYSA-N,False
1,CC1=CCC(C(=O)O)CC1,"InChI=1S/C8H12O2/c1-6-2-4-7(5-3-6)8(9)10/h2,7H,3-5H2,1H3,(H,9,10)",OYOQOLNBTPTFEM-UHFFFAOYSA-N,False
1,CCOC1=C(C)OC(C)=C1O,"InChI=1S/C8H12O3/c1-4-10-8-6(3)11-5(2)7(8)9/h9H,4H2,1-3H3",DLOOZXXMXWFYTM-UHFFFAOYSA-N,False
1,CCOC(=O)C=CC(=O)OCC,"InChI=1S/C8H12O4/c1-3-11-7(9)5-6-8(10)12-4-2/h5-6H,3-4H2,1-2H3",IEPRKVQEAMIZSS-UHFFFAOYSA-N,False
1,C=C(C)C(CC(=O)O)CC(=O)O,"InChI=1S/C8H12O4/c1-5(2)6(3-7(9)10)4-8(11)12/h6H,1,3-4H2,2H3,(H,9,10)(H,11,12)",PULOWZXUQOLRBK-UHFFFAOYSA-N,False
1,CC(C)SCC1=CC=CO1,"InChI=1S/C8H12OS/c1-7(2)10-6-8-4-3-5-9-8/h3-5,7H,6H2,1-2H3",WCHRNAKORAINOJ-UHFFFAOYSA-N,False
1,CCCSSCC1=CC=CO1,"InChI=1S/C8H12OS2/c1-2-6-10-11-7-8-4-3-5-9-8/h3-5H,2,6-7H2,1H3",YCXWJNAAXGVFED-UHFFFAOYSA-N,False
1,CCCSSC1=C(C)OC=C1,"InChI=1S/C8H12OS2/c1-3-6-10-11-8-4-5-9-7(8)2/h4-5H,3,6H2,1-2H3",YFPPCUTVJGGSQC-UHFFFAOYSA-N,False
1,CCCCC1=CC=CS1,"InChI=1S/C8H12S/c1-2-3-5-8-6-4-7-9-8/h4,6-7H,2-3,5H2,1H3",MNDZHERKKXUTOE-UHFFFAOYSA-N,False
0,CNP(=O)(NC)OC1=CC=CC=C1,"InChI=1S/C8H13N2O2P/c1-9-13(11,10-2)12-8-6-4-3-5-7-8/h3-7H,1-2H3,(H2,9,10,11)",ZKIBFASDNPOJFP-UHFFFAOYSA-N,False
1,CCCC1=NC(C)=C(C)O1,"InChI=1S/C8H13NO/c1-4-5-8-9-6(2)7(3)10-8/h4-5H2,1-3H3",SDRFPOFMNGISHT-UHFFFAOYSA-N,False
1,CCCCC1=C(C)SC=N1,"InChI=1S/C8H13NS/c1-3-4-5-8-7(2)10-6-9-8/h6H,3-5H2,1-2H3",FOBITDGBIATDTQ-UHFFFAOYSA-N,False
1,CCC1=NC(C)=C(CC)S1,"InChI=1S/C8H13NS/c1-4-7-6(3)9-8(5-2)10-7/h4-5H2,1-3H3",AEVBKBWVXISVBJ-UHFFFAOYSA-N,False
1,CC1=CN=C(CC(C)C)S1,"InChI=1S/C8H13NS/c1-6(2)4-8-9-5-7(3)10-8/h5-6H,4H2,1-3H3",SOWKBUUNEGNLMS-UHFFFAOYSA-N,False
0,CCNC1=NC(NC(C)C)=NC(Cl)=N1,"InChI=1S/C8H14ClN5/c1-4-10-7-12-6(9)13-8(14-7)11-5(2)3/h5H,4H2,1-3H3,(H2,10,11,12,13,14)",MXWJVTOOROXGIU-UHFFFAOYSA-N,False
1,CCCCCC=CC=O,"InChI=1S/C8H14O/c1-2-3-4-5-6-7-8-9/h6-8H,2-5H2,1H3",LVBXEMGDVWVTGY-UHFFFAOYSA-N,False
1,CCCC=CCC(C)=O,"InChI=1S/C8H14O/c1-3-4-5-6-7-8(2)9/h5-6H,3-4,7H2,1-2H3",OMKNAWLMVVVCLD-UHFFFAOYSA-N,False
1,C=CC(O)CC=CCC,"InChI=1S/C8H14O/c1-3-5-6-7-8(9)4-2/h4-6,8-9H,2-3,7H2,1H3",APFBWMGEGSELQP-UHFFFAOYSA-N,False
1,C=CC(=O)CCCCC,"InChI=1S/C8H14O/c1-3-5-6-7-8(9)4-2/h4H,2-3,5-7H2,1H3",KLTVSWGXIAYTHO-UHFFFAOYSA-N,False
1,CCC=CCC(=O)CC,"InChI=1S/C8H14O/c1-3-5-6-7-8(9)4-2/h5-6H,3-4,7H2,1-2H3",UMMREFLKYDGCQB-UHFFFAOYSA-N,False
1,CC=C(C=O)CCCC,"InChI=1S/C8H14O/c1-3-5-6-8(4-2)7-9/h4,7H,3,5-6H2,1-2H3",RAPHJZMCZKGDSB-UHFFFAOYSA-N,False
1,CC=CC(=O)C(C)CC,"InChI=1S/C8H14O/c1-4-6-8(9)7(3)5-2/h4,6-7H,5H2,1-3H3",ARJWAURHQDJJAC-UHFFFAOYSA-N,False
1,CC(=O)C=CCC(C)C,"InChI=1S/C8H14O/c1-7(2)5-4-6-8(3)9/h4,6-7H,5H2,1-3H3",RSNMTAYSENLHOW-UHFFFAOYSA-N,False
1,COC(=O)C1CCCCC1,"InChI=1S/C8H14O2/c1-10-8(9)7-5-3-2-4-6-7/h7H,2-6H2,1H3",ZQWPRMPSCMSAJU-UHFFFAOYSA-N,False
1,CCCCC=CCC(=O)O,"InChI=1S/C8H14O2/c1-2-3-4-5-6-7-8(9)10/h5-6H,2-4,7H2,1H3,(H,9,10)",IWPOSDLLFZKGOW-UHFFFAOYSA-N,False
1,CCCCCC1OC1C=O,"InChI=1S/C8H14O2/c1-2-3-4-5-7-8(6-9)10-7/h6-8H,2-5H2,1H3",YWFUECKBUFORTA-UHFFFAOYSA-N,False
1,CCCCC1CCC(=O)O1,"InChI=1S/C8H14O2/c1-2-3-4-7-5-6-8(9)10-7/h7H,2-6H2,1H3",IPBFYZQJXZJBFQ-UHFFFAOYSA-N,False
1,CCCC1CCCC(=O)O1,"InChI=1S/C8H14O2/c1-2-4-7-5-3-6-8(9)10-7/h7H,2-6H2,1H3",FYTRVXSHONWYNE-UHFFFAOYSA-N,False
1,CCC=CCCOC(C)=O,"InChI=1S/C8H14O2/c1-3-4-5-6-7-10-8(2)9/h4-5H,3,6-7H2,1-2H3",NPFVOOAXDOBMCE-UHFFFAOYSA-N,False
1,CCCC=CCOC(C)=O,"InChI=1S/C8H14O2/c1-3-4-5-6-7-10-8(2)9/h5-6H,3-4,7H2,1-2H3",HRHOWZHRCRZVCU-UHFFFAOYSA-N,False
1,CCCCCC(=O)C(C)=O,"InChI=1S/C8H14O2/c1-3-4-5-6-8(10)7(2)9/h3-6H2,1-2H3",XCBBNTFYSLADTO-UHFFFAOYSA-N,False
1,C=CCCCC(=O)OCC,"InChI=1S/C8H14O2/c1-3-5-6-7-8(9)10-4-2/h3H,1,4-7H2,2H3",RJLJOXJZWMGEFD-UHFFFAOYSA-N,False
1,CCC=CCC(=O)OCC,"InChI=1S/C8H14O2/c1-3-5-6-7-8(9)10-4-2/h5-6H,3-4,7H2,1-2H3",VTSFIPHRNAESED-UHFFFAOYSA-N,False
1,CCCC=CC(=O)OCC,"InChI=1S/C8H14O2/c1-3-5-6-7-8(9)10-4-2/h6-7H,3-5H2,1-2H3",SJRXWMQZUAOMRJ-UHFFFAOYSA-N,False
1,C=CCOC(=O)CCCC,"InChI=1S/C8H14O2/c1-3-5-6-8(9)10-7-4-2/h4H,2-3,5-7H2,1H3",PWYXVVREDGESBB-UHFFFAOYSA-N,False
1,CCCC(=O)C(=O)CCC,"InChI=1S/C8H14O2/c1-3-5-7(9)8(10)6-4-2/h3-6H2,1-2H3",XYZAPOXYXNIBEU-UHFFFAOYSA-N,False
1,C=CCOC(=O)CC(C)C,"InChI=1S/C8H14O2/c1-4-5-10-8(9)6-7(2)3/h4,7H,1,5-6H2,2-3H3",HOMAGVUCNZNWBC-UHFFFAOYSA-N,False
1,C=C(C)COC(=O)CCC,"InChI=1S/C8H14O2/c1-4-5-8(9)10-6-7(2)3/h2,4-6H2,1,3H3",AHRIFIYGSJEEKU-UHFFFAOYSA-N,False
1,CC=CC(=O)OCC(C)C,"InChI=1S/C8H14O2/c1-4-5-8(9)10-6-7(2)3/h4-5,7H,6H2,1-3H3",XDOWKOALJBOBBL-UHFFFAOYSA-N,False
1,CCC(=O)C(=O)C(C)CC,"InChI=1S/C8H14O2/c1-4-6(3)8(10)7(9)5-2/h6H,4-5H2,1-3H3",PWADQPNKAFYILZ-UHFFFAOYSA-N,False
1,CC=CC(C)C(=O)OCC,"InChI=1S/C8H14O2/c1-4-6-7(3)8(9)10-5-2/h4,6-7H,5H2,1-3H3",HOWBPXBYCPKWBL-UHFFFAOYSA-N,False
1,C=CCC(C)C(=O)OCC,"InChI=1S/C8H14O2/c1-4-6-7(3)8(9)10-5-2/h4,7H,1,5-6H2,2-3H3",BDBGKYIBDXAVMX-UHFFFAOYSA-N,False
1,CCC=C(C)C(=O)OCC,"InChI=1S/C8H14O2/c1-4-6-7(3)8(9)10-5-2/h6H,4-5H2,1-3H3",HYQYCHQAUPHFKX-UHFFFAOYSA-N,False
1,C=CC(CCC)OC(C)=O,"InChI=1S/C8H14O2/c1-4-6-8(5-2)10-7(3)9/h5,8H,2,4,6H2,1,3H3",XCAHGFCKEWDQJK-UHFFFAOYSA-N,False
1,CC(C)=CC(=O)OC(C)C,"InChI=1S/C8H14O2/c1-6(2)5-8(9)10-7(3)4/h5,7H,1-4H3",QQVQBUXUAZCLLZ-UHFFFAOYSA-N,False
1,CC1CC(C)(C)CC(=O)O1,"InChI=1S/C8H14O2/c1-6-4-8(2,3)5-7(9)10-6/h6H,4-5H2,1-3H3",ANAWSOIMWQHBPG-UHFFFAOYSA-N,False
1,CC(=O)OC1CCCCC1,"InChI=1S/C8H14O2/c1-7(9)10-8-5-3-2-4-6-8/h8H,2-6H2,1H3",YYLLIJHXUHJATK-UHFFFAOYSA-N,False
1,O=C(O)CC1CCCCC1,"InChI=1S/C8H14O2/c9-8(10)6-7-4-2-1-3-5-7/h7H,1-6H2,(H,9,10)",LJOODBDWMQKMFB-UHFFFAOYSA-N,False
1,CC(=O)CCSCCC(C)=O,"InChI=1S/C8H14O2S/c1-7(9)3-5-11-6-4-8(2)10/h3-6H2,1-2H3",CIBUHUTVSRPCRO-UHFFFAOYSA-N,False
1,CCCCCC(=O)CC(=O)O,"InChI=1S/C8H14O3/c1-2-3-4-5-7(9)6-8(10)11/h2-6H2,1H3,(H,10,11)",FWNRRWJFOZIGQZ-UHFFFAOYSA-N,False
1,CCC(=O)OCC1CCCO1,"InChI=1S/C8H14O3/c1-2-8(9)11-6-7-4-3-5-10-7/h7H,2-6H2,1H3",FMKCDSXOYLTWBR-UHFFFAOYSA-N,False
1,CCCCOC(=O)CC(C)=O,"InChI=1S/C8H14O3/c1-3-4-5-11-8(10)6-7(2)9/h3-6H2,1-2H3",REIYHFWZISXFKU-UHFFFAOYSA-N,False
1,CCCC(=O)OC(=O)CCC,"InChI=1S/C8H14O3/c1-3-5-7(9)11-8(10)6-4-2/h3-6H2,1-2H3",YHASWHZGWUONAO-UHFFFAOYSA-N,False
1,CCCC(=O)CC(=O)OCC,"InChI=1S/C8H14O3/c1-3-5-7(9)6-8(10)11-4-2/h3-6H2,1-2H3",KQWWVLVLVYYYDT-UHFFFAOYSA-N,False
1,CCCOC(=O)CCC(C)=O,"InChI=1S/C8H14O3/c1-3-6-11-8(10)5-4-7(2)9/h3-6H2,1-2H3",QOSMNYMQXIVWKY-UHFFFAOYSA-N,False
1,CCCC(=O)OC(C)C(C)=O,"InChI=1S/C8H14O3/c1-4-5-8(10)11-7(3)6(2)9/h7H,4-5H2,1-3H3",LJDWJXUIGKSETE-UHFFFAOYSA-N,False
1,CCOC(=O)C(=O)C(C)CC,"InChI=1S/C8H14O3/c1-4-6(3)7(9)8(10)11-5-2/h6H,4-5H2,1-3H3",HCDYSXWWIWPQEN-UHFFFAOYSA-N,False
1,CCOC(=O)C(CC)C(C)=O,"InChI=1S/C8H14O3/c1-4-7(6(3)9)8(10)11-5-2/h7H,4-5H2,1-3H3",OKANYBNORCUPKZ-UHFFFAOYSA-N,False
1,CC(=O)C(=O)OCCC(C)C,"InChI=1S/C8H14O3/c1-6(2)4-5-11-8(10)7(3)9/h6H,4-5H2,1-3H3",LBKWGGFVEDOVEP-UHFFFAOYSA-N,False
1,CC(=O)CC(=O)OCC(C)C,"InChI=1S/C8H14O3/c1-6(2)5-11-8(10)4-7(3)9/h6H,4-5H2,1-3H3",ZYXNLVMBIHVDRH-UHFFFAOYSA-N,False
1,CCOC(=O)CCCSC(C)=O,"InChI=1S/C8H14O3S/c1-3-11-8(10)5-4-6-12-7(2)9/h3-6H2,1-2H3",AKUUBUQNHOTPHG-UHFFFAOYSA-N,False
1,COC(=O)CCCCC(=O)OC,"InChI=1S/C8H14O4/c1-11-7(9)5-3-4-6-8(10)12-2/h3-6H2,1-2H3",UDSFAEKRVUSQDD-UHFFFAOYSA-N,False
1,CCOC(=O)CC1(C)OCCO1,"InChI=1S/C8H14O4/c1-3-10-7(9)6-8(2)11-4-5-12-8/h3-6H2,1-2H3",XWEOGMYZFCHQNT-UHFFFAOYSA-N,False
1,CCOC(=O)CCC(=O)OCC,"InChI=1S/C8H14O4/c1-3-11-7(9)5-6-8(10)12-4-2/h3-6H2,1-2H3",DKMROQRQHGEIOW-UHFFFAOYSA-N,False
1,CCOC(=O)CC(O)C(=O)OCC,"InChI=1S/C8H14O5/c1-3-12-7(10)5-6(9)8(11)13-4-2/h6,9H,3-5H2,1-2H3",VKNUORWMCINMRB-UHFFFAOYSA-N,False
1,CCOC(=O)C(O)C(O)C(=O)OCC,"InChI=1S/C8H14O6/c1-3-13-7(11)5(9)6(10)8(12)14-4-2/h5-6,9-10H,3-4H2,1-2H3",YSAVZVORKRDODB-UHFFFAOYSA-N,False
1,CC(C)=CC(=O)SC(C)C,"InChI=1S/C8H14OS/c1-6(2)5-8(9)10-7(3)4/h5,7H,1-4H3",IZVXTRDVESJRTA-UHFFFAOYSA-N,False
1,CCCCCCCC#N,"InChI=1S/C8H15N/c1-2-3-4-5-6-7-8-9/h2-7H2,1H3",YSIMAPNUZAVQER-UHFFFAOYSA-N,False
1,CCCCCCOCC#N,"InChI=1S/C8H15NO/c1-2-3-4-5-7-10-8-6-9/h2-5,7-8H2,1H3",VEAMDGDGVPXWDQ-UHFFFAOYSA-N,False
1,CSCCCCCCN=C=S,"InChI=1S/C8H15NS2/c1-11-7-5-3-2-4-6-9-8-10/h2-7H2,1H3",YIBXPFAXPUDDTK-UHFFFAOYSA-N,False
1,CC1SC(C)N2CCCC2S1,"InChI=1S/C8H15NS2/c1-6-9-5-3-4-8(9)11-7(2)10-6/h6-8H,3-5H2,1-2H3",OJEOXDLLIADRBL-UHFFFAOYSA-N,False
1,CCCCCC=CCO,"InChI=1S/C8H16O/c1-2-3-4-5-6-7-8-9/h6-7,9H,2-5,8H2,1H3",AYQPVPFZWIQERS-UHFFFAOYSA-N,False
1,CCCCCCCC=O,"InChI=1S/C8H16O/c1-2-3-4-5-6-7-8-9/h8H,2-7H2,1H3",NUJGJRNETVAIRJ-UHFFFAOYSA-N,False
1,CCCCCCC(C)=O,"InChI=1S/C8H16O/c1-3-4-5-6-7-8(2)9/h3-7H2,1-2H3",ZPVFWPFBNIEHGJ-UHFFFAOYSA-N,False
1,CCCCC=CC(C)O,"InChI=1S/C8H16O/c1-3-4-5-6-7-8(2)9/h6-9H,3-5H2,1-2H3",YJJIVDCKSZMHGZ-UHFFFAOYSA-N,False
1,CCCCCC(=O)CC,"InChI=1S/C8H16O/c1-3-5-6-7-8(9)4-2/h3-7H2,1-2H3",RHLVCLIPMVJYKS-UHFFFAOYSA-N,False
1,C=CC(O)CCCCC,"InChI=1S/C8H16O/c1-3-5-6-7-8(9)4-2/h4,8-9H,2-3,5-7H2,1H3",VSMOENVRRABVKN-UHFFFAOYSA-N,False
1,CCC1CCC(CC)O1,"InChI=1S/C8H16O/c1-3-7-5-6-8(4-2)9-7/h7-8H,3-6H2,1-2H3",YKWLEIXVUHRKEF-UHFFFAOYSA-N,False
1,CCCCC(=O)C(C)C,"InChI=1S/C8H16O/c1-4-5-6-8(9)7(2)3/h7H,4-6H2,1-3H3",XYYMFUCZDNNGFS-UHFFFAOYSA-N,False
1,CCC(=O)CC(C)CC,"InChI=1S/C8H16O/c1-4-7(3)6-8(9)5-2/h7H,4-6H2,1-3H3",PSBKJPTZCVYXSD-UHFFFAOYSA-N,False
1,CC(C)=CCCC(C)O,"InChI=1S/C8H16O/c1-7(2)5-4-6-8(3)9/h5,8-9H,4,6H2,1-3H3",OHEFFKYYKJVVOX-UHFFFAOYSA-N,False
1,CC(=O)CCCC(C)C,"InChI=1S/C8H16O/c1-7(2)5-4-6-8(3)9/h7H,4-6H2,1-3H3",DPLGXGDPPMLJHN-UHFFFAOYSA-N,False
0,CC1CCC(CO)CC1,"InChI=1S/C8H16O/c1-7-2-4-8(6-9)5-3-7/h7-9H,2-6H2,1H3",OSINZLLLLCUKJH-UHFFFAOYSA-N,False
1,CC(C)CCCCC=O,"InChI=1S/C8H16O/c1-8(2)6-4-3-5-7-9/h7-8H,3-6H2,1-2H3",LCEHKIHBHIJPCD-UHFFFAOYSA-N,False
1,OCCC1CCCCC1,"InChI=1S/C8H16O/c9-7-6-8-4-2-1-3-5-8/h8-9H,1-7H2",QJQZRLXDLORINA-UHFFFAOYSA-N,False
1,CCCCCCCOC=O,"InChI=1S/C8H16O2/c1-2-3-4-5-6-7-10-8-9/h8H,2-7H2,1H3",XEAMDSXSXYAICO-UHFFFAOYSA-N,False
1,CCCCCCCC(=O)O,"InChI=1S/C8H16O2/c1-2-3-4-5-6-7-8(9)10/h2-7H2,1H3,(H,9,10)",WWZKQHOCKIZLMA-UHFFFAOYSA-N,False
1,CCCCCC(C)C(=O)O,"InChI=1S/C8H16O2/c1-3-4-5-6-7(2)8(9)10/h7H,3-6H2,1-2H3,(H,9,10)",NKBWMBRPILTCRD-UHFFFAOYSA-N,False
1,CCCCCCOC(C)=O,"InChI=1S/C8H16O2/c1-3-4-5-6-7-10-8(2)9/h3-7H2,1-2H3",AOGQPLXWSUTHQB-UHFFFAOYSA-N,False
1,CCCCCCC(=O)OC,"InChI=1S/C8H16O2/c1-3-4-5-6-7-8(9)10-2/h3-7H2,1-2H3",XNCNNDVCAUWAIT-UHFFFAOYSA-N,False
1,CCCCCC(=O)C(C)O,"InChI=1S/C8H16O2/c1-3-4-5-6-8(10)7(2)9/h7,9H,3-6H2,1-2H3",BNHJODMDMOKFFL-UHFFFAOYSA-N,False
1,CCCCC(CO)C(C)=O,"InChI=1S/C8H16O2/c1-3-4-5-8(6-9)7(2)10/h8-9H,3-6H2,1-2H3",MHOXVRWQBOAOAU-UHFFFAOYSA-N,False
1,CCCCC1OCC(C)O1,"InChI=1S/C8H16O2/c1-3-4-5-8-9-6-7(2)10-8/h7-8H,3-6H2,1-2H3",WTZJUXYVLRJTMQ-UHFFFAOYSA-N,False
1,CCCCC(CC)C(=O)O,"InChI=1S/C8H16O2/c1-3-5-6-7(4-2)8(9)10/h7H,3-6H2,1-2H3,(H,9,10)",OBETXYAYXDNJHR-UHFFFAOYSA-N,False
1,CCCCCOC(=O)CC,"InChI=1S/C8H16O2/c1-3-5-6-7-10-8(9)4-2/h3-7H2,1-2H3",TWSRVQVEYJNFKQ-UHFFFAOYSA-N,False
1,CCCCCC(=O)OCC,"InChI=1S/C8H16O2/c1-3-5-6-7-8(9)10-4-2/h3-7H2,1-2H3",SHZIWNPUGXLXDT-UHFFFAOYSA-N,False
1,CCCCC(=O)OCCC,"InChI=1S/C8H16O2/c1-3-5-6-8(9)10-7-4-2/h3-7H2,1-2H3",ROJKPKOYARNFNB-UHFFFAOYSA-N,False
1,CCCC(=O)C(O)CCC,"InChI=1S/C8H16O2/c1-3-5-7(9)8(10)6-4-2/h7,9H,3-6H2,1-2H3",BVEYJWQCMOVMAR-UHFFFAOYSA-N,False
1,CCCCOC(=O)CCC,"InChI=1S/C8H16O2/c1-3-5-7-10-8(9)6-4-2/h3-7H2,1-2H3",XUPYJHCZDLZNFP-UHFFFAOYSA-N,False
1,CCOC(=O)CCC(C)C,"InChI=1S/C8H16O2/c1-4-10-8(9)6-5-7(2)3/h7H,4-6H2,1-3H3",OFQRUTMGVBMTFQ-UHFFFAOYSA-N,False
1,CCCOC(=O)CC(C)C,"InChI=1S/C8H16O2/c1-4-5-10-8(9)6-7(2)3/h7H,4-6H2,1-3H3",LSJMDWFAADPNAX-UHFFFAOYSA-N,False
1,CCCCOC(=O)C(C)C,"InChI=1S/C8H16O2/c1-4-5-6-10-8(9)7(2)3/h7H,4-6H2,1-3H3",JSLCOZYBKYHZNL-UHFFFAOYSA-N,False
1,CCCCC(C)OC(C)=O,"InChI=1S/C8H16O2/c1-4-5-6-7(2)10-8(3)9/h7H,4-6H2,1-3H3",RXTNIJMLAQNTEG-UHFFFAOYSA-N,False
1,CCCCC(=O)OC(C)C,"InChI=1S/C8H16O2/c1-4-5-6-8(9)10-7(2)3/h7H,4-6H2,1-3H3",OCAIYHCKLADPEG-UHFFFAOYSA-N,False
1,CCCC(=O)OCC(C)C,"InChI=1S/C8H16O2/c1-4-5-8(9)10-6-7(2)3/h7H,4-6H2,1-3H3",RGFNRWTWDWVHDD-UHFFFAOYSA-N,False
1,CCCOC(=O)C(C)CC,"InChI=1S/C8H16O2/c1-4-6-10-8(9)7(3)5-2/h7H,4-6H2,1-3H3",TZFQMSDUSOTCJC-UHFFFAOYSA-N,False
1,CCCC(C)C(=O)OCC,"InChI=1S/C8H16O2/c1-4-6-7(3)8(9)10-5-2/h7H,4-6H2,1-3H3",HZPKNSYIDSNZKW-UHFFFAOYSA-N,False
1,CCC(=O)OCC(C)CC,"InChI=1S/C8H16O2/c1-4-7(3)6-10-8(9)5-2/h7H,4-6H2,1-3H3",MVJLYXCJBPXRCY-UHFFFAOYSA-N,False
1,CCOC(=O)CC(C)CC,"InChI=1S/C8H16O2/c1-4-7(3)6-8(9)10-5-2/h7H,4-6H2,1-3H3",TXAWGHYFBQBVNK-UHFFFAOYSA-N,False
1,CCC(CC)COC(C)=O,"InChI=1S/C8H16O2/c1-4-8(5-2)6-10-7(3)9/h8H,4-6H2,1-3H3",HQLKZWRSOHTERR-UHFFFAOYSA-N,False
1,CCC(=O)OCCC(C)C,"InChI=1S/C8H16O2/c1-4-8(9)10-6-5-7(2)3/h7H,4-6H2,1-3H3",XAOGXQMKWQFZEM-UHFFFAOYSA-N,False
1,CCC(C)C(=O)OC(C)C,"InChI=1S/C8H16O2/c1-5-7(4)8(9)10-6(2)3/h6-7H,5H2,1-4H3",DIRDKDDFAMNBNY-UHFFFAOYSA-N,False
1,CC(C)CC1OCC(C)O1,"InChI=1S/C8H16O2/c1-6(2)4-8-9-5-7(3)10-8/h6-8H,4-5H2,1-3H3",PDVLTWPJDBXATJ-UHFFFAOYSA-N,False
1,CC(C)COC(=O)C(C)C,"InChI=1S/C8H16O2/c1-6(2)5-10-8(9)7(3)4/h6-7H,5H2,1-4H3",RXGUIWHIADMCFC-UHFFFAOYSA-N,False
1,CC(=O)OC(C)CC(C)C,"InChI=1S/C8H16O2/c1-6(2)5-7(3)10-8(4)9/h6-7H,5H2,1-4H3",CPIVYSAVIPTCCX-UHFFFAOYSA-N,False
1,CC(C)CC(=O)OC(C)C,"InChI=1S/C8H16O2/c1-6(2)5-8(9)10-7(3)4/h6-7H,5H2,1-4H3",ZOIRKXLFEHOVER-UHFFFAOYSA-N,False
1,CCCCCC(=O)OCSC,"InChI=1S/C8H16O2S/c1-3-4-5-6-8(9)10-7-11-2/h3-7H2,1-2H3",NWSZEYNCLKNLMJ-UHFFFAOYSA-N,False
1,CCCC(S)CCOC(C)=O,"InChI=1S/C8H16O2S/c1-3-4-8(11)5-6-10-7(2)9/h8,11H,3-6H2,1-2H3",JUCARGIKESIVLB-UHFFFAOYSA-N,False
1,CCCC(=O)OCCCSC,"InChI=1S/C8H16O2S/c1-3-5-8(9)10-6-4-7-11-2/h3-7H2,1-2H3",HSCZLQOPSGMKTK-UHFFFAOYSA-N,False
1,CCOC(=O)CC(C)SCC,"InChI=1S/C8H16O2S/c1-4-10-8(9)6-7(3)11-5-2/h7H,4-6H2,1-3H3",JMXMTQDOJYBDSL-UHFFFAOYSA-N,False
1,CCCCOCCOC(C)=O,"InChI=1S/C8H16O3/c1-3-4-5-10-6-7-11-8(2)9/h3-7H2,1-2H3",NQBXSWAWVZHKBZ-UHFFFAOYSA-N,False
1,CCCCCOC(=O)C(C)O,"InChI=1S/C8H16O3/c1-3-4-5-6-11-8(10)7(2)9/h7,9H,3-6H2,1-2H3",GXOHBWLPQHTYPF-UHFFFAOYSA-N,False
1,CCCCC(O)C(=O)OCC,"InChI=1S/C8H16O3/c1-3-5-6-7(9)8(10)11-4-2/h7,9H,3-6H2,1-2H3",MRYSSTRVUMCKKB-UHFFFAOYSA-N,False
1,CCCC(O)CC(=O)OCC,"InChI=1S/C8H16O3/c1-3-5-7(9)6-8(10)11-4-2/h7,9H,3-6H2,1-2H3",LYRIITRHDCNUHV-UHFFFAOYSA-N,False
1,CCOC(=O)C(O)CC(C)C,"InChI=1S/C8H16O3/c1-4-11-8(10)7(9)5-6(2)3/h6-7,9H,4-5H2,1-3H3",QRHOWVDPHIXNEN-UHFFFAOYSA-N,False
1,CCC(C)C(=O)OCC(C)O,"InChI=1S/C8H16O3/c1-4-6(2)8(10)11-5-7(3)9/h6-7,9H,4-5H2,1-3H3",LXVGEWFESLNWRV-UHFFFAOYSA-N,False
1,CCOC(=O)C(O)C(C)CC,"InChI=1S/C8H16O3/c1-4-6(3)7(9)8(10)11-5-2/h6-7,9H,4-5H2,1-3H3",TXLBCYISDOYPIH-UHFFFAOYSA-N,False
1,CC(C)CC1OCC(O)CO1,"InChI=1S/C8H16O3/c1-6(2)3-8-10-4-7(9)5-11-8/h6-9H,3-5H2,1-2H3",YAJAFGMDEQQNPX-UHFFFAOYSA-N,False
1,CC(C)CCOC(=O)C(C)O,"InChI=1S/C8H16O3/c1-6(2)4-5-11-8(10)7(3)9/h6-7,9H,4-5H2,1-3H3",CRORGGSWAKIXSA-UHFFFAOYSA-N,False
1,CC1OC(C)(O)C(C)OC1(C)O,"InChI=1S/C8H16O4/c1-5-7(3,9)12-6(2)8(4,10)11-5/h5-6,9-10H,1-4H3",DFMGATPNJMFDCR-UHFFFAOYSA-N,False
1,CCCCCC(S)CC=O,"InChI=1S/C8H16OS/c1-2-3-4-5-8(10)6-7-9/h7-8,10H,2-6H2,1H3",CQZARDZYAZYHBT-UHFFFAOYSA-N,False
1,CCCCC(CC=O)SC,"InChI=1S/C8H16OS/c1-3-4-5-8(10-2)6-7-9/h7-8H,3-6H2,1-2H3",RQOSXGWCILNIKB-UHFFFAOYSA-N,False
1,CCCC1CCOC(C)S1,"InChI=1S/C8H16OS/c1-3-4-8-5-6-9-7(2)10-8/h7-8H,3-6H2,1-2H3",GKGOLPMYJJXRGD-UHFFFAOYSA-N,False
1,CCCC1OCCC(C)S1,"InChI=1S/C8H16OS/c1-3-4-8-9-6-5-7(2)10-8/h7-8H,3-6H2,1-2H3",QFFMTTQDIZRKLJ-UHFFFAOYSA-N,False
1,CCCC(=O)C(CC)SC,"InChI=1S/C8H16OS/c1-4-6-7(9)8(5-2)10-3/h8H,4-6H2,1-3H3",UCQCFEUSENBINY-UHFFFAOYSA-N,False
1,CCC1OCCC(C)(C)S1,"InChI=1S/C8H16OS/c1-4-7-9-6-5-8(2,3)10-7/h7H,4-6H2,1-3H3",MGCPAMUGCONVKI-UHFFFAOYSA-N,False
1,CC(C)CC(=O)SC(C)C,"InChI=1S/C8H16OS/c1-6(2)5-8(9)10-7(3)4/h6-7H,5H2,1-4H3",KMXYCSRBFGUVHW-UHFFFAOYSA-N,False
1,CC(C)C1SSC(C(C)C)S1,"InChI=1S/C8H16S3/c1-5(2)7-9-8(6(3)4)11-10-7/h5-8H,1-4H3",QCTAPVCDZUSECS-UHFFFAOYSA-N,False
1,CCC(CC(C)CC)=NO,"InChI=1S/C8H17NO/c1-4-7(3)6-8(5-2)9-10/h7,10H,4-6H2,1-3H3",CBVWMGCJNPPAAR-UHFFFAOYSA-N,False
1,CC1NC(C(C)C)SC(C)S1,"InChI=1S/C8H17NS2/c1-5(2)8-9-6(3)10-7(4)11-8/h5-9H,1-4H3",NOOYZCFJVKLILW-UHFFFAOYSA-N,False
1,CCCCCCCCO,"InChI=1S/C8H18O/c1-2-3-4-5-6-7-8-9/h9H,2-8H2,1H3",KBPLFHHGFOOTCA-UHFFFAOYSA-N,False
1,CCCCCCC(C)O,"InChI=1S/C8H18O/c1-3-4-5-6-7-8(2)9/h8-9H,3-7H2,1-2H3",SJWFXCIHNDVPSH-UHFFFAOYSA-N,False
1,CCCCCC(O)CC,"InChI=1S/C8H18O/c1-3-5-6-7-8(9)4-2/h8-9H,3-7H2,1-2H3",NMRPBPVERJPACX-UHFFFAOYSA-N,False
1,CCCCC(CC)CO,"InChI=1S/C8H18O/c1-3-5-6-8(4-2)7-9/h8-9H,3-7H2,1-2H3",YIWUKEYIRIRTPP-UHFFFAOYSA-N,False
1,CCCCC(C)(C)CO,"InChI=1S/C8H18O/c1-4-5-6-8(2,3)7-9/h9H,4-7H2,1-3H3",GSSDZVRLQDXOPL-UHFFFAOYSA-N,False
1,CC(C)C(C)(O)C(C)C,"InChI=1S/C8H18O/c1-6(2)8(5,9)7(3)4/h6-7,9H,1-5H3",PLSMHHUFDLYURK-UHFFFAOYSA-N,False
1,CC(C)CCCCCO,"InChI=1S/C8H18O/c1-8(2)6-4-3-5-7-9/h8-9H,3-7H2,1-2H3",BWDBEAQIHAEVLV-UHFFFAOYSA-N,False
0,CCCC(O)C(CC)CO,"InChI=1S/C8H18O2/c1-3-5-8(10)7(4-2)6-9/h7-10H,3-6H2,1-2H3",RWLALWYNXFYRGW-UHFFFAOYSA-N,False
1,CCCCCC(OC)OC,"InChI=1S/C8H18O2/c1-4-5-6-7-8(9-2)10-3/h8H,4-7H2,1-3H3",ZQUJUCJLDXTKKW-UHFFFAOYSA-N,False
1,CCCCOC(C)OCC,"InChI=1S/C8H18O2/c1-4-6-7-10-8(3)9-5-2/h8H,4-7H2,1-3H3",VULXTAWRXFGMKL-UHFFFAOYSA-N,False
1,CCCOC(C)OCCC,"InChI=1S/C8H18O2/c1-4-6-9-8(3)10-7-5-2/h8H,4-7H2,1-3H3",MISTZQJSHHTDCF-UHFFFAOYSA-N,False
1,CCOC(CCSC)OCC,"InChI=1S/C8H18O2S/c1-4-9-8(10-5-2)6-7-11-3/h8H,4-7H2,1-3H3",FKAZTVDSOBDTFU-UHFFFAOYSA-N,False
0,CCOCCOCCOCCO,"InChI=1S/C8H18O4/c1-2-10-5-6-12-8-7-11-4-3-9/h9H,2-8H2,1H3",WFSMVVDJSNMRAR-UHFFFAOYSA-N,False
1,CC(O)C(C)SC(C)C(C)S,"InChI=1S/C8H18OS2/c1-5(9)7(3)11-8(4)6(2)10/h5-10H,1-4H3",PHLKBLKTWMSFGF-UHFFFAOYSA-N,False
1,CCCCCCCCS,"InChI=1S/C8H18S/c1-2-3-4-5-6-7-8-9/h9H,2-8H2,1H3",KZCOBXFFBQJQHH-UHFFFAOYSA-N,False
1,CCCCSCCCC,"InChI=1S/C8H18S/c1-3-5-7-9-8-6-4-2/h3-8H2,1-2H3",HTIRHQRTDBPHNZ-UHFFFAOYSA-N,False
1,CCCCSSCCCC,"InChI=1S/C8H18S2/c1-3-5-7-9-10-8-6-4-2/h3-8H2,1-2H3",CUDSBWGCGSUXDB-UHFFFAOYSA-N,False
1,SCCCCCCCCS,"InChI=1S/C8H18S2/c9-7-5-3-1-2-4-6-8-10/h9-10H,1-8H2",PGTWZHXOSWQKCY-UHFFFAOYSA-N,False
0,CCCCOP(=O)(O)OCCCC,"InChI=1S/C8H19O4P/c1-3-5-7-11-13(9,10)12-8-6-4-2/h3-8H2,1-2H3,(H,9,10)",JYFHYPJRHGVZDY-UHFFFAOYSA-N,False
0,S=C=NC1=CC=C(N=C=S)C=C1,InChI=1S/C8H4N2S2/c11-5-9-7-1-2-8(4-3-7)10-6-12/h1-4H,OMWQUXGVXQELIX-UHFFFAOYSA-N,False
0,O=C(O)COC1=CC(Cl)=C(Cl)C=C1Cl,"InChI=1S/C8H5Cl3O3/c9-4-1-6(11)7(2-5(4)10)14-3-8(12)13/h1-2H,3H2,(H,12,13)",SMYMJHWAQXWPDB-UHFFFAOYSA-N,False
0,COC1=C(Cl)C=CC(Cl)=C1C(=O)O,"InChI=1S/C8H6Cl2O3/c1-13-7-5(10)3-2-4(9)6(7)8(11)12/h2-3H,1H3,(H,11,12)",IWEDIXLBFLAXBO-UHFFFAOYSA-N,False
0,O=C(O)COC1=C(Cl)C=C(Cl)C=C1,"InChI=1S/C8H6Cl2O3/c9-5-1-2-7(6(10)3-5)13-4-8(11)12/h1-3H,4H2,(H,11,12)",OVSKIKFHRZPJSS-UHFFFAOYSA-N,False
0,O=C1NC(O)=CN1N=CC1=CC=C([N+](=O)[O-])O1,"InChI=1S/C8H6N4O5/c13-6-4-11(8(14)10-6)9-3-5-1-2-7(17-5)12(15)16/h1-4,13H,(H,10,14)",ZSPWEUZMDXEYMX-UHFFFAOYSA-N,False
1,O=C1OCC2=CC=CC=C12,"InChI=1S/C8H6O2/c9-8-7-4-2-1-3-6(7)5-10-8/h1-4H,5H2",WNZQDUSMALZDQF-UHFFFAOYSA-N,False
1,O=CC1=CC2=C(C=C1)OCO2,"InChI=1S/C8H6O3/c9-4-6-1-2-7-8(3-6)11-5-10-7/h1-4H,5H2",SATCULPHIDQDRE-UHFFFAOYSA-N,False
1,O=C1COC2=CC=CC=C2O1,"InChI=1S/C8H6O3/c9-8-5-10-6-3-1-2-4-7(6)11-8/h1-4H,5H2",ULEKGOXADQVOIF-UHFFFAOYSA-N,False
1,C1=CSC(SSC2=CC=CS2)=C1,InChI=1S/C8H6S4/c1-3-7(9-5-1)11-12-8-4-2-6-10-8/h1-6H,YOLFWWMPGNMXFI-UHFFFAOYSA-N,False
1,BrC=CC1=CC=CC=C1,InChI=1S/C8H7Br/c9-7-6-8-4-2-1-3-5-8/h1-7H,YMOONIIMQBGTDU-UHFFFAOYSA-N,False
1,CC(=O)C1=CC=C(Cl)C=C1,"InChI=1S/C8H7ClO/c1-6(10)7-2-4-8(9)5-3-7/h2-5H,1H3",BUZYGTVTZYSBCU-UHFFFAOYSA-N,False
1,C1=CC=C2NC=CC2=C1,"InChI=1S/C8H7N/c1-2-4-8-7(3-1)5-6-9-8/h1-6,9H",SIKJAQJRHWYJAI-UHFFFAOYSA-N,False
0,O=C1OCCN1N=CC1=CC=C([N+](=O)[O-])O1,"InChI=1S/C8H7N3O5/c12-8-10(3-4-15-8)9-5-6-1-2-7(16-6)11(13)14/h1-2,5H,3-4H2",PLHJDBGFXBMTGZ-UHFFFAOYSA-N,False
1,COC1=CC=C(C#N)C=C1,"InChI=1S/C8H7NO/c1-10-8-4-2-7(6-9)3-5-8/h2-5H,1H3",XDJAAZYHCCRJOK-UHFFFAOYSA-N,False
1,CC1=NC2=CC=CC=C2O1,"InChI=1S/C8H7NO/c1-6-9-7-4-2-3-5-8(7)10-6/h2-5H,1H3",DQSHFKPKFISSNM-UHFFFAOYSA-N,False
1,S=C=NCC1=CC=CC=C1,"InChI=1S/C8H7NS/c10-7-9-6-8-4-2-1-3-5-8/h1-5H,6H2",MDKCFLQDBWCQCV-UHFFFAOYSA-N,False
1,CSC1=NC2=CC=CC=C2S1,"InChI=1S/C8H7NS2/c1-10-8-9-6-4-2-3-5-7(6)11-8/h2-5H,1H3",UTBVIMLZIRIFFR-UHFFFAOYSA-N,False
1,C=CC1=CC=CC=C1,"InChI=1S/C8H8/c1-2-8-6-4-3-5-7-8/h2-7H,1H2",PPBRXRYQALVLMV-UHFFFAOYSA-N,False
0,NS(=O)(=O)C1=C(Cl)C=C2NC(C(Cl)Cl)NS(=O)(=O)C2=C1,"InChI=1S/C8H8Cl3N3O4S2/c9-3-1-4-6(2-5(3)19(12,15)16)20(17,18)14-8(13-4)7(10)11/h1-2,7-8,13-14H,(H2,12,15,16)",LMJSLTNSBFUCMU-UHFFFAOYSA-N,False
0,NS(=O)(=O)C1=CC2=C(C=C1C(F)(F)F)NCNS2(=O)=O,"InChI=1S/C8H8F3N3O4S2/c9-8(10,11)4-1-5-7(2-6(4)19(12,15)16)20(17,18)14-3-13-5/h1-2,13-14H,3H2,(H2,12,15,16)",DMDGGSIALPNSEE-UHFFFAOYSA-N,False
1,CC1C=CC2=NC=CN=C21,"InChI=1S/C8H8N2/c1-6-2-3-7-8(6)10-5-4-9-7/h2-6H,1H3",WWUFRIQCZCLXPV-UHFFFAOYSA-N,False
0,NS(=O)(=O)CC1=NOC2=CC=CC=C21,"InChI=1S/C8H8N2O3S/c9-14(11,12)5-7-6-3-1-2-4-8(6)13-10-7/h1-4H,5H2,(H2,9,11,12)",UBQNRHZMVUUOMG-UHFFFAOYSA-N,False
1,C=CC1=CC=C(O)C=C1,"InChI=1S/C8H8O/c1-2-7-3-5-8(9)6-4-7/h2-6,9H,1H2",FUGYGGDSWSUORM-UHFFFAOYSA-N,False
1,CC(=O)C1=CC=CC=C1,"InChI=1S/C8H8O/c1-7(9)8-5-3-2-4-6-8/h2-6H,1H3",KWOLFJPFCHCOCG-UHFFFAOYSA-N,False
1,CC1=CC=C(C=O)C=C1,"InChI=1S/C8H8O/c1-7-2-4-8(6-9)5-3-7/h2-6H,1H3",FXLOVSHXALFLKQ-UHFFFAOYSA-N,False
1,CC1=CC(C=O)=CC=C1,"InChI=1S/C8H8O/c1-7-3-2-4-8(5-7)6-9/h2-6H,1H3",OVWYEQOVUDKZNU-UHFFFAOYSA-N,False
1,CC1=CC=CC=C1C=O,"InChI=1S/C8H8O/c1-7-4-2-3-5-8(7)6-9/h2-6H,1H3",BTFQKIATRPGRBS-UHFFFAOYSA-N,False
1,O=CCC1=CC=CC=C1,"InChI=1S/C8H8O/c9-7-6-8-4-2-1-3-5-8/h1-5,7H,6H2",DTUQWGWMVIHBKE-UHFFFAOYSA-N,False
1,COC(=O)C1=CC=CC=C1,"InChI=1S/C8H8O2/c1-10-8(9)7-5-3-2-4-6-7/h2-6H,1H3",QPJVMBTYPHYUOC-UHFFFAOYSA-N,False
1,COC1=CC=CC(C=O)=C1,"InChI=1S/C8H8O2/c1-10-8-4-2-3-7(5-8)6-9/h2-6H,1H3",WMPDAIZRQDCGFH-UHFFFAOYSA-N,False
1,COC1=CC=C(C=O)C=C1,"InChI=1S/C8H8O2/c1-10-8-4-2-7(6-9)3-5-8/h2-6H,1H3",ZRSNZINYAWTAHE-UHFFFAOYSA-N,False
1,COC1=CC=CC=C1C=O,"InChI=1S/C8H8O2/c1-10-8-5-3-2-4-7(8)6-9/h2-6H,1H3",PKZJLOCLABXVMC-UHFFFAOYSA-N,False
1,CC(=O)C1=CC=C(O)C=C1,"InChI=1S/C8H8O2/c1-6(9)7-2-4-8(10)5-3-7/h2-5,10H,1H3",TXFPEBPIARQUIG-UHFFFAOYSA-N,False
1,CC(=O)C1=CC=CC=C1O,"InChI=1S/C8H8O2/c1-6(9)7-4-2-3-5-8(7)10/h2-5,10H,1H3",JECYUBVRTQDVAT-UHFFFAOYSA-N,False
1,CC1=CC(O)=C(C=O)C=C1,"InChI=1S/C8H8O2/c1-6-2-3-7(5-9)8(10)4-6/h2-5,10H,1H3",JODRRPJMQDFCBJ-UHFFFAOYSA-N,False
1,CC(C=O)=CC1=CC=CO1,"InChI=1S/C8H8O2/c1-7(6-9)5-8-3-2-4-10-8/h2-6H,1H3",ZNBXZUKDRRRQJK-UHFFFAOYSA-N,False
1,CC(=O)OC1=CC=CC=C1,"InChI=1S/C8H8O2/c1-7(9)10-8-5-3-2-4-6-8/h2-6H,1H3",IPBVNPXQWQGGJP-UHFFFAOYSA-N,False
1,CC(=O)C=CC1=CC=CO1,"InChI=1S/C8H8O2/c1-7(9)4-5-8-3-2-6-10-8/h2-6H,1H3",GBKGJMYPQZODMI-UHFFFAOYSA-N,False
1,O=CCOC1=CC=CC=C1,"InChI=1S/C8H8O2/c9-6-7-10-8-4-2-1-3-5-8/h1-6H,7H2",XFFILAFLGDUMBF-UHFFFAOYSA-N,False
1,O=COCC1=CC=CC=C1,"InChI=1S/C8H8O2/c9-7-10-6-8-4-2-1-3-5-8/h1-5,7H,6H2",UYWQUFXKFGHYNT-UHFFFAOYSA-N,False
1,O=C(O)CC1=CC=CC=C1,"InChI=1S/C8H8O2/c9-8(10)6-7-4-2-1-3-5-7/h1-5H,6H2,(H,9,10)",WLJVXDMOQOGPHL-UHFFFAOYSA-N,False
1,COC1=CC(O)=C(C=O)C=C1,"InChI=1S/C8H8O3/c1-11-7-3-2-6(5-9)8(10)4-7/h2-5,10H,1H3",WZUODJNEIXSNEU-UHFFFAOYSA-N,False
1,COC1=CC=C(C(=O)O)C=C1,"InChI=1S/C8H8O3/c1-11-7-4-2-6(3-5-7)8(9)10/h2-5H,1H3,(H,9,10)",ZEYHEAKUIGZSGI-UHFFFAOYSA-N,False
0,COC(=O)C1=CC=C(O)C=C1,"InChI=1S/C8H8O3/c1-11-8(10)6-2-4-7(9)5-3-6/h2-5,9H,1H3",LXCFILQKKLGQFO-UHFFFAOYSA-N,False
1,COC(=O)C1=CC=CC=C1O,"InChI=1S/C8H8O3/c1-11-8(10)6-4-2-3-5-7(6)9/h2-5,9H,1H3",OSWPMRLSEDHDFF-UHFFFAOYSA-N,False
1,COC1=C(O)C=CC(C=O)=C1,"InChI=1S/C8H8O3/c1-11-8-4-6(5-9)2-3-7(8)10/h2-5,10H,1H3",MWOOGOJBHIARFG-UHFFFAOYSA-N,False
1,C=CCOC(=O)C1=CC=CO1,"InChI=1S/C8H8O3/c1-2-5-11-8(9)7-4-3-6-10-7/h2-4,6H,1,5H2",SJRQTHAMRUOPBJ-UHFFFAOYSA-N,False
1,OCC1=CC2=C(C=C1)OCO2,"InChI=1S/C8H8O3/c9-4-6-1-2-7-8(3-6)11-5-10-7/h1-3,9H,4-5H2",BHUIUXNAPJIDOG-UHFFFAOYSA-N,False
1,O=C(O)C(O)C1=CC=CC=C1,"InChI=1S/C8H8O3/c9-7(8(10)11)6-4-2-1-3-5-6/h1-5,7,9H,(H,10,11)",IWYDHOAUDWTVEP-UHFFFAOYSA-N,False
1,O=C(O)COC1=CC=CC=C1,"InChI=1S/C8H8O3/c9-8(10)6-11-7-4-2-1-3-5-7/h1-5H,6H2,(H,9,10)",LCPDWSOZIOUXRV-UHFFFAOYSA-N,False
1,COC1=C(O)C=CC(C(=O)O)=C1,"InChI=1S/C8H8O4/c1-12-7-4-5(8(10)11)2-3-6(7)9/h2-4,9H,1H3,(H,10,11)",WKOLLVMJNQIZCI-UHFFFAOYSA-N,False
0,CC(=O)C1=C(O)C=C(C)OC1=O,"InChI=1S/C8H8O4/c1-4-3-6(10)7(5(2)9)8(11)12-4/h3,10H,1-2H3",PKLPQOJFHFGVBS-UHFFFAOYSA-N,False
1,CC(=O)OC1=C(C)OC=CC1=O,"InChI=1S/C8H8O4/c1-5-8(12-6(2)9)7(10)3-4-11-5/h3-4H,1-2H3",NRQULFRLDJKNGP-UHFFFAOYSA-N,False
1,CSC(=O)C1=CC=CC=C1,"InChI=1S/C8H8OS/c1-10-8(9)7-5-3-2-4-6-7/h2-6H,1H3",RQVWTMCUTHKGCM-UHFFFAOYSA-N,False
1,CC(=O)C1=CC=CC=C1N,"InChI=1S/C8H9NO/c1-6(10)7-4-2-3-5-8(7)9/h2-5H,9H2,1H3",GTDQGKWDWVUKTI-UHFFFAOYSA-N,False
0,CC(=O)NC1=CC=CC=C1,"InChI=1S/C8H9NO/c1-7(10)9-8-5-3-2-4-6-8/h2-6H,1H3,(H,9,10)",FZERHIULMFGESH-UHFFFAOYSA-N,False
1,COC(=O)C1=CC=CC=C1N,"InChI=1S/C8H9NO2/c1-11-8(10)6-4-2-3-5-7(6)9/h2-5H,9H2,1H3",VAMXMNNIEUEQDV-UHFFFAOYSA-N,False
0,CC(=O)NC1=CC=C(O)C=C1,"InChI=1S/C8H9NO2/c1-6(10)9-7-2-4-8(11)5-3-7/h2-5,11H,1H3,(H,9,10)",RZVAJINKPMORJF-UHFFFAOYSA-N,False
0,CN(C)C(=O)NC1=CC(Cl)=C(Cl)C=C1,"InChI=1S/C9H10Cl2N2O/c1-13(2)9(14)12-6-3-4-7(10)8(11)5-6/h3-5H,1-2H3,(H,12,14)",XMTQQYYKAHVGBJ-UHFFFAOYSA-N,False
0,CON(C)C(=O)NC1=CC(Cl)=C(Cl)C=C1,"InChI=1S/C9H10Cl2N2O2/c1-13(15-2)9(14)12-6-3-4-7(10)8(11)5-6/h3-5H,1-2H3,(H,12,14)",XKJMBINCVNINCA-UHFFFAOYSA-N,False
0,O=[N+]([O-])NC1=NCCN1CC1=CN=C(Cl)C=C1,"InChI=1S/C9H10ClN5O2/c10-8-2-1-7(5-12-8)6-14-4-3-11-9(14)13-15(16)17/h1-2,5H,3-4,6H2,(H,11,13)",YWTYJOPNNQFBPC-UHFFFAOYSA-N,False
0,NC(=O)NC(=O)CC1=CC=CC=C1,"InChI=1S/C9H10N2O2/c10-9(13)11-8(12)6-7-4-2-1-3-5-7/h1-5H,6H2,(H3,10,11,12,13)",XPFRXWCVYUEORT-UHFFFAOYSA-N,False
0,CCOC1=CC2=C(C=C1)N=C(S(N)(=O)=O)S2,"InChI=1S/C9H10N2O3S2/c1-2-14-6-3-4-7-8(5-6)15-9(11-7)16(10,12)13/h3-5H,2H2,1H3,(H2,10,12,13)",OUZWUKMCLIBBOG-UHFFFAOYSA-N,False
1,C=CCC1=CC=C(O)C=C1,"InChI=1S/C9H10O/c1-2-3-8-4-6-9(10)7-5-8/h2,4-7,10H,1,3H2",RGIBXDHONMXTLI-UHFFFAOYSA-N,False
1,CCC1=CC=C(C=O)C=C1,"InChI=1S/C9H10O/c1-2-8-3-5-9(7-10)6-4-8/h3-7H,2H2,1H3",QNGNSVIICDLXHT-UHFFFAOYSA-N,False
1,CCC(=O)C1=CC=CC=C1,"InChI=1S/C9H10O/c1-2-9(10)8-6-4-3-5-7-8/h3-7H,2H2,1H3",KRIOVPPHQSLHCZ-UHFFFAOYSA-N,False
1,C=CC1=CC=CC=C1OC,"InChI=1S/C9H10O/c1-3-8-6-4-5-7-9(8)10-2/h3-7H,1H2,2H3",SFBTTWXNCQVIEC-UHFFFAOYSA-N,False
1,CC1=CC(C)=C(C=O)C=C1,"InChI=1S/C9H10O/c1-7-3-4-9(6-10)8(2)5-7/h3-6H,1-2H3",GISVICWQYMUPJF-UHFFFAOYSA-N,False
1,CC(=O)C1=CC=C(C)C=C1,"InChI=1S/C9H10O/c1-7-3-5-9(6-4-7)8(2)10/h3-6H,1-2H3",GNKZMNRKLCTJAY-UHFFFAOYSA-N,False
1,CC(=O)C1=CC=CC=C1C,"InChI=1S/C9H10O/c1-7-5-3-4-6-9(7)8(2)10/h3-6H,1-2H3",YXWWHNCQZBVZPV-UHFFFAOYSA-N,False
1,CC(C=O)C1=CC=CC=C1,"InChI=1S/C9H10O/c1-8(7-10)9-5-3-2-4-6-9/h2-8H,1H3",IQVAERDLDAZARL-UHFFFAOYSA-N,False
1,CC1=CC=C(CC=O)C=C1,"InChI=1S/C9H10O/c1-8-2-4-9(5-3-8)6-7-10/h2-5,7H,6H2,1H3",CIXAYNMKFFQEFU-UHFFFAOYSA-N,False
1,O=CCCC1=CC=CC=C1,"InChI=1S/C9H10O/c10-8-4-7-9-5-2-1-3-6-9/h1-3,5-6,8H,4,7H2",YGCZTXZTJXYWCO-UHFFFAOYSA-N,False
1,OCC=CC1=CC=CC=C1,"InChI=1S/C9H10O/c10-8-4-7-9-5-2-1-3-6-9/h1-7,10H,8H2",OOCCDEMITAIZTP-UHFFFAOYSA-N,False
1,COC(=O)CC1=CC=CC=C1,"InChI=1S/C9H10O2/c1-11-9(10)7-8-5-3-2-4-6-8/h2-6H,7H2,1H3",CRZQGDNQQAALAY-UHFFFAOYSA-N,False
1,COC1=CC=C(CC=O)C=C1,"InChI=1S/C9H10O2/c1-11-9-4-2-8(3-5-9)6-7-10/h2-5,7H,6H2,1H3",NRIVMXXOUOBRAG-UHFFFAOYSA-N,False
1,CCOC(=O)C1=CC=CC=C1,"InChI=1S/C9H10O2/c1-2-11-9(10)8-6-4-3-5-7-8/h3-7H,2H2,1H3",MTZQAGJQAFMTAQ-UHFFFAOYSA-N,False
1,CCOC1=CC=C(C=O)C=C1,"InChI=1S/C9H10O2/c1-2-11-9-5-3-8(7-10)4-6-9/h3-7H,2H2,1H3",JRHHJNMASOIRDS-UHFFFAOYSA-N,False
1,CCC(C=O)=CC1=CC=CO1,"InChI=1S/C9H10O2/c1-2-8(7-10)6-9-4-3-5-11-9/h3-7H,2H2,1H3",UCPFCQBLYDXPTR-UHFFFAOYSA-N,False
1,C=CC1=CC(OC)=C(O)C=C1,"InChI=1S/C9H10O2/c1-3-7-4-5-8(10)9(6-7)11-2/h3-6,10H,1H2,2H3",YOMSJEATGXXYPX-UHFFFAOYSA-N,False
1,CC(=O)C1=C(O)C=CC(C)=C1,"InChI=1S/C9H10O2/c1-6-3-4-9(11)8(5-6)7(2)10/h3-5,11H,1-2H3",YNPDFBFVMJNGKZ-UHFFFAOYSA-N,False
1,COC1=CC=C(C(C)=O)C=C1,"InChI=1S/C9H10O2/c1-7(10)8-3-5-9(11-2)6-4-8/h3-6H,1-2H3",NTPLXRHDUXRPNE-UHFFFAOYSA-N,False
1,COC1=CC=CC=C1C(C)=O,"InChI=1S/C9H10O2/c1-7(10)8-5-3-4-6-9(8)11-2/h3-6H,1-2H3",DWPLEOPKBWNPQV-UHFFFAOYSA-N,False
1,COC(=O)C1=CC=C(C)C=C1,"InChI=1S/C9H10O2/c1-7-3-5-8(6-4-7)9(10)11-2/h3-6H,1-2H3",QSSJZLPUHJDYKF-UHFFFAOYSA-N,False
1,CC(=O)OC1=CC=C(C)C=C1,"InChI=1S/C9H10O2/c1-7-3-5-9(6-4-7)11-8(2)10/h3-6H,1-2H3",CDJJKTLOZJAGIZ-UHFFFAOYSA-N,False
1,CC(=O)OC1=CC=CC(C)=C1,"InChI=1S/C9H10O2/c1-7-4-3-5-9(6-7)11-8(2)10/h3-6H,1-2H3",OTGAHJPFNKQGAE-UHFFFAOYSA-N,False
1,COC(=O)C1=CC=CC=C1C,"InChI=1S/C9H10O2/c1-7-5-3-4-6-8(7)9(10)11-2/h3-6H,1-2H3",WVWZECQNFWFVFW-UHFFFAOYSA-N,False
1,CC(=O)OC1=CC=CC=C1C,"InChI=1S/C9H10O2/c1-7-5-3-4-6-9(7)11-8(2)10/h3-6H,1-2H3",AMZORBZSQRUXNC-UHFFFAOYSA-N,False
1,CC(=O)OCC1=CC=CC=C1,"InChI=1S/C9H10O2/c1-8(10)11-7-9-5-3-2-4-6-9/h2-6H,7H2,1H3",QUKGYYKBILRGFE-UHFFFAOYSA-N,False
1,CC(OC=O)C1=CC=CC=C1,"InChI=1S/C9H10O2/c1-8(11-7-10)9-5-3-2-4-6-9/h2-8H,1H3",RUDZCBJWUDOPTP-UHFFFAOYSA-N,False
1,CC1=CC=C(OCC=O)C=C1,"InChI=1S/C9H10O2/c1-8-2-4-9(5-3-8)11-7-6-10/h2-6H,7H2,1H3",KWNAUDMYKHHEOA-UHFFFAOYSA-N,False
1,O=COCCC1=CC=CC=C1,"InChI=1S/C9H10O2/c10-8-11-7-6-9-4-2-1-3-5-9/h1-5,8H,6-7H2",IKDIJXDZEYHZSD-UHFFFAOYSA-N,False
1,O=C(O)CCC1=CC=CC=C1,"InChI=1S/C9H10O2/c10-9(11)7-6-8-4-2-1-3-5-8/h1-5H,6-7H2,(H,10,11)",XMIIGOLPHOKFCH-UHFFFAOYSA-N,False
1,COC1=C(OC)C=C(C=O)C=C1,"InChI=1S/C9H10O3/c1-11-8-4-3-7(6-10)5-9(8)12-2/h3-6H,1-2H3",WJUFSDZVCOTFON-UHFFFAOYSA-N,False
1,COC(=O)C1=CC=C(OC)C=C1,"InChI=1S/C9H10O3/c1-11-8-5-3-7(4-6-8)9(10)12-2/h3-6H,1-2H3",DDIZAANNODHTRB-UHFFFAOYSA-N,False
1,COC(=O)C1=CC=CC=C1OC,"InChI=1S/C9H10O3/c1-11-8-6-4-3-5-7(8)9(10)12-2/h3-6H,1-2H3",PFYHAAAQPNMZHO-UHFFFAOYSA-N,False
1,COC1=CC=C(COC=O)C=C1,"InChI=1S/C9H10O3/c1-11-9-4-2-8(3-5-9)6-12-7-10/h2-5,7H,6H2,1H3",XPDORSROGAZEGY-UHFFFAOYSA-N,False
1,COC1=C(O)C=CC(CC=O)=C1,"InChI=1S/C9H10O3/c1-12-9-6-7(4-5-10)2-3-8(9)11/h2-3,5-6,11H,4H2,1H3",GOQGGGANVKPMNH-UHFFFAOYSA-N,False
0,CCOC(=O)C1=CC=C(O)C=C1,"InChI=1S/C9H10O3/c1-2-12-9(11)7-3-5-8(10)6-4-7/h3-6,10H,2H2,1H3",NUVBSKCKDOMJSU-UHFFFAOYSA-N,False
1,CCOC(=O)C1=CC=CC=C1O,"InChI=1S/C9H10O3/c1-2-12-9(11)7-5-3-4-6-8(7)10/h3-6,10H,2H2,1H3",GYCKQBWUSACYIF-UHFFFAOYSA-N,False
1,CCOC1=C(O)C=CC(C=O)=C1,"InChI=1S/C9H10O3/c1-2-12-9-5-7(6-10)3-4-8(9)11/h3-6,11H,2H2,1H3",CBOQJANXLMLOSS-UHFFFAOYSA-N,False
1,COC1=C(O)C=CC(C(C)=O)=C1,"InChI=1S/C9H10O3/c1-6(10)7-3-4-8(11)9(5-7)12-2/h3-5,11H,1-2H3",DFYRUELUNQRZTB-UHFFFAOYSA-N,False
1,COC(=O)C1=C(O)C=CC(C)=C1,"InChI=1S/C9H10O3/c1-6-3-4-8(10)7(5-6)9(11)12-2/h3-5,10H,1-2H3",JQYUQKRFSSSGJM-UHFFFAOYSA-N,False
1,COC1=CC=CC=C1OC(C)=O,"InChI=1S/C9H10O3/c1-7(10)12-9-6-4-3-5-8(9)11-2/h3-6H,1-2H3",BHJHPYFAYGAPLS-UHFFFAOYSA-N,False
1,O=COCCOC1=CC=CC=C1,"InChI=1S/C9H10O3/c10-8-11-6-7-12-9-4-2-1-3-5-9/h1-5,8H,6-7H2",BRKHBMRNJGJJDV-UHFFFAOYSA-N,False
1,COC1=CC(C=O)=CC(OC)=C1O,"InChI=1S/C9H10O4/c1-12-7-3-6(5-10)4-8(13-2)9(7)11/h3-5,11H,1-2H3",KCDXJAYRVLXPFO-UHFFFAOYSA-N,False
1,COC(=O)C1=CC(OC)=C(O)C=C1,"InChI=1S/C9H10O4/c1-12-8-5-6(9(11)13-2)3-4-7(8)10/h3-5,10H,1-2H3",BVWTXUYLKBHMOX-UHFFFAOYSA-N,False
1,CCC(=O)OC1=C(C)OC=CC1=O,"InChI=1S/C9H10O4/c1-3-8(11)13-9-6(2)12-5-4-7(9)10/h4-5H,3H2,1-2H3",NBKYPRRBTKRGLE-UHFFFAOYSA-N,False
1,COC(=O)C1=C(O)C(C)=C(O)C=C1,"InChI=1S/C9H10O4/c1-5-7(10)4-3-6(8(5)11)9(12)13-2/h3-4,10-11H,1-2H3",GDNUTKRFRLPQAB-UHFFFAOYSA-N,False
1,COC1=C(O)C=CC(C(O)C(=O)O)=C1,"InChI=1S/C9H10O5/c1-14-7-4-5(2-3-6(7)10)8(11)9(12)13/h2-4,8,10-11H,1H3,(H,12,13)",CGQCWMIAEPEHNQ-UHFFFAOYSA-N,False
0,CON(C)C(=O)NC1=CC=C(Cl)C=C1,"InChI=1S/C9H11ClN2O2/c1-12(14-2)9(13)11-8-5-3-7(10)4-6-8/h3-6H,1-2H3,(H,11,13)",LKJPSUCKSLORMF-UHFFFAOYSA-N,False
1,C1=CC=C2NCCCC2=C1,"InChI=1S/C9H11N/c1-2-6-9-8(4-1)5-3-7-10-9/h1-2,4,6,10H,3,5,7H2",LBUJPTNKIBCYBY-UHFFFAOYSA-N,False
1,CC(=O)C1=CC=C2CCCN21,"InChI=1S/C9H11NO/c1-7(11)9-5-4-8-3-2-6-10(8)9/h4-5H,2-3,6H2,1H3",NWSCEJHRUVCUSX-UHFFFAOYSA-N,False
1,CNC1=CC=CC=C1C(=O)OC,"InChI=1S/C9H11NO2/c1-10-8-6-4-3-5-7(8)9(11)12-2/h3-6,10H,1-2H3",GVOWHGSUZUUUDR-UHFFFAOYSA-N,False
1,CCOC(=O)C1=CC=CC=C1N,"InChI=1S/C9H11NO2/c1-2-12-9(11)7-5-3-4-6-8(7)10/h3-6H,2,10H2,1H3",TWLLPUMZVVGILS-UHFFFAOYSA-N,False
1,CC1=CC(C)=C(C)C=C1,"InChI=1S/C9H12/c1-7-4-5-8(2)9(3)6-7/h4-6H,1-3H3",GWHJZXXIDMPWGX-UHFFFAOYSA-N,False
1,CC(C)C1=CC=CC=C1,"InChI=1S/C9H12/c1-8(2)9-6-4-3-5-7-9/h3-8H,1-2H3",RWGFKTVRMDUZSP-UHFFFAOYSA-N,False
1,CC=C1N=CC(C)=NC1=CC,"InChI=1S/C9H12N2/c1-4-8-9(5-2)11-7(3)6-10-8/h4-6H,1-3H3",DQAMSTDYOFHUGL-UHFFFAOYSA-N,False
1,CC1=CN=C2C(=N1)CCC2C,"InChI=1S/C9H12N2/c1-6-3-4-8-9(6)10-5-7(2)11-8/h5-6H,3-4H2,1-2H3",CTFGVWCFSGCLHZ-UHFFFAOYSA-N,False
1,CC1=C(C)N=C2CCCC2=N1,"InChI=1S/C9H12N2/c1-6-7(2)11-9-5-3-4-8(9)10-6/h3-5H2,1-2H3",AIKNQWWUQFXNAZ-UHFFFAOYSA-N,False
0,C1CN1C1=NC(N2CC2)=NC(N2CC2)=N1,InChI=1S/C9H12N6/c1-2-13(1)7-10-8(14-3-4-14)12-9(11-7)15-5-6-15/h1-6H2,IUCJMVBFZDHPDX-UHFFFAOYSA-N,False
1,COCCC1=CC=CC=C1,"InChI=1S/C9H12O/c1-10-8-7-9-5-3-2-4-6-9/h2-6H,7-8H2,1H3",CQLYXIUHVFRXLT-UHFFFAOYSA-N,False
1,CCOCC1=CC=CC=C1,"InChI=1S/C9H12O/c1-2-10-8-9-6-4-3-5-7-9/h3-7H,2,8H2,1H3",AXPZDYVDTMMLNB-UHFFFAOYSA-N,False
1,CCC=CC=CC=CC=O,"InChI=1S/C9H12O/c1-2-3-4-5-6-7-8-9-10/h3-9H,2H2,1H3",XHDSWFFUGPJMMN-UHFFFAOYSA-N,False
1,CCCC1=CC=C(O)C=C1,"InChI=1S/C9H12O/c1-2-3-8-4-6-9(10)7-5-8/h4-7,10H,2-3H2,1H3",KLSLBUSXWBJMEC-UHFFFAOYSA-N,False
1,CCCC1=CC=CC=C1O,"InChI=1S/C9H12O/c1-2-5-8-6-3-4-7-9(8)10/h3-4,6-7,10H,2,5H2,1H3",LCHYEKKJCUJAKN-UHFFFAOYSA-N,False
1,CCC(O)C1=CC=CC=C1,"InChI=1S/C9H12O/c1-2-9(10)8-6-4-3-5-7-8/h3-7,9-10H,2H2,1H3",DYUQAZSOFZSPHD-UHFFFAOYSA-N,False
1,CCOC1=CC=C(C)C=C1,"InChI=1S/C9H12O/c1-3-10-9-6-4-8(2)5-7-9/h4-7H,3H2,1-2H3",WSWPHHNIHLTAHB-UHFFFAOYSA-N,False
1,C=CCC1=C(C)CCC1=O,"InChI=1S/C9H12O/c1-3-4-8-7(2)5-6-9(8)10/h3H,1,4-6H2,2H3",PVHNZNUYNVXVLR-UHFFFAOYSA-N,False
1,CCC1=CC=C(OC)C=C1,"InChI=1S/C9H12O/c1-3-8-4-6-9(10-2)7-5-8/h4-7H,3H2,1-2H3",HDNRAPAFJLXKBV-UHFFFAOYSA-N,False
1,CC1=CC(C)=C(O)C(C)=C1,"InChI=1S/C9H12O/c1-6-4-7(2)9(10)8(3)5-6/h4-5,10H,1-3H3",BPRYUXCVCCNUFE-UHFFFAOYSA-N,False
1,CC1=CC(C)=C(O)C=C1C,"InChI=1S/C9H12O/c1-6-4-8(3)9(10)5-7(6)2/h4-5,10H,1-3H3",VXSCPERJHPWROZ-UHFFFAOYSA-N,False
1,CC(C)C1=CC=C(O)C=C1,"InChI=1S/C9H12O/c1-7(2)8-3-5-9(10)6-4-8/h3-7,10H,1-2H3",YQUQWHNMBPIWGK-UHFFFAOYSA-N,False
1,CC(C)C1=CC=CC=C1O,"InChI=1S/C9H12O/c1-7(2)8-5-3-4-6-9(8)10/h3-7,10H,1-2H3",CRBJBYGJVIBWIY-UHFFFAOYSA-N,False
1,CC1=CC=C(C(C)O)C=C1,"InChI=1S/C9H12O/c1-7-3-5-9(6-4-7)8(2)10/h3-6,8,10H,1-2H3",JESIHYIJKKUWIS-UHFFFAOYSA-N,False
1,COC1=C(C)C=C(C)C=C1,"InChI=1S/C9H12O/c1-7-4-5-9(10-3)8(2)6-7/h4-6H,1-3H3",UJCFZCTTZWHRNL-UHFFFAOYSA-N,False
1,CC(O)CC1=CC=CC=C1,"InChI=1S/C9H12O/c1-8(10)7-9-5-3-2-4-6-9/h2-6,8,10H,7H2,1H3",WYTRYIUQUDTGSX-UHFFFAOYSA-N,False
1,CC(CO)C1=CC=CC=C1,"InChI=1S/C9H12O/c1-8(7-10)9-5-3-2-4-6-9/h2-6,8,10H,7H2,1H3",RNDNSYIPLPAXAZ-UHFFFAOYSA-N,False
1,CC1=CC=C(CCO)C=C1,"InChI=1S/C9H12O/c1-8-2-4-9(5-3-8)6-7-10/h2-5,10H,6-7H2,1H3",DAVFJRVIVZOKKS-UHFFFAOYSA-N,False
1,CC1=CC(CCO)=CC=C1,"InChI=1S/C9H12O/c1-8-3-2-4-9(7-8)5-6-10/h2-4,7,10H,5-6H2,1H3",KWHVBVJDKLSOTB-UHFFFAOYSA-N,False
1,CC1=CC=CC=C1CCO,"InChI=1S/C9H12O/c1-8-4-2-3-5-9(8)6-7-10/h2-5,10H,6-7H2,1H3",RUGISKODRCWQNE-UHFFFAOYSA-N,False
1,CC(C)(O)C1=CC=CC=C1,"InChI=1S/C9H12O/c1-9(2,10)8-6-4-3-5-7-8/h3-7,10H,1-2H3",BDCFWIDZNLCTMF-UHFFFAOYSA-N,False
1,OCCCC1=CC=CC=C1,"InChI=1S/C9H12O/c10-8-4-7-9-5-2-1-3-6-9/h1-3,5-6,10H,4,7-8H2",VAJVDSVGBWFCLW-UHFFFAOYSA-N,False
1,COC(OC)C1=CC=CC=C1,"InChI=1S/C9H12O2/c1-10-9(11-2)8-6-4-3-5-7-8/h3-7,9H,1-2H3",HEVMDQBCAHEHDY-UHFFFAOYSA-N,False
1,CCOCC1=CC=CC=C1O,"InChI=1S/C9H12O2/c1-2-11-7-8-5-3-4-6-9(8)10/h3-6,10H,2,7H2,1H3",GNNUWFUVNWRCEO-UHFFFAOYSA-N,False
1,CCCCC(=O)C1=CC=CO1,"InChI=1S/C9H12O2/c1-2-3-5-8(10)9-6-4-7-11-9/h4,6-7H,2-3,5H2,1H3",HTOZHTBIOGGHDJ-UHFFFAOYSA-N,False
1,CCOC1=C(O)C=CC(C)=C1,"InChI=1S/C9H12O2/c1-3-11-9-6-7(2)4-5-8(9)10/h4-6,10H,3H2,1-2H3",ZWQBCCVEOIYNDL-UHFFFAOYSA-N,False
1,C=CCOC(=O)C=CC=CC,"InChI=1S/C9H12O2/c1-3-5-6-7-9(10)11-8-4-2/h3-7H,2,8H2,1H3",CVNZYQJBZIJLCL-UHFFFAOYSA-N,False
1,CCC1=CC(OC)=C(O)C=C1,"InChI=1S/C9H12O2/c1-3-7-4-5-8(10)9(6-7)11-2/h4-6,10H,3H2,1-2H3",CHWNEIVBYREQRF-UHFFFAOYSA-N,False
1,CC1=CC(=O)CC(C)(C)C1=O,"InChI=1S/C9H12O2/c1-6-4-7(10)5-9(2,3)8(6)11/h4H,5H2,1-3H3",AYJXHIDNNLJQDT-UHFFFAOYSA-N,False
1,CC1=CC=C(C(C)CC=O)O1,"InChI=1S/C9H12O2/c1-7(5-6-10)9-4-3-8(2)11-9/h3-4,6-7H,5H2,1-2H3",DFSVNSCDOZSUCT-UHFFFAOYSA-N,False
1,CC1=CC=C(OCCO)C=C1,"InChI=1S/C9H12O2/c1-8-2-4-9(5-3-8)11-7-6-10/h2-5,10H,6-7H2,1H3",FFWXHQFJNOGDJE-UHFFFAOYSA-N,False
1,O=C1CCC2=C(CCCC2)O1,InChI=1S/C9H12O2/c10-9-6-5-7-3-1-2-4-8(7)11-9/h1-6H2,ODFRBYOJLDRSKF-UHFFFAOYSA-N,False
1,CC(=O)C(C)SC1=C(C)OC=C1,"InChI=1S/C9H12O2S/c1-6(10)8(3)12-9-4-5-11-7(9)2/h4-5,8H,1-3H3",AOEYNSLUBHRZPA-UHFFFAOYSA-N,False
1,CC1=C(SC(C)CC=O)C=CO1,"InChI=1S/C9H12O2S/c1-7(3-5-10)12-9-4-6-11-8(9)2/h4-7H,3H2,1-2H3",KOVPWECWUZGDHY-UHFFFAOYSA-N,False
1,CCOC(=O)CCC1=CC=CO1,"InChI=1S/C9H12O3/c1-2-11-9(10)6-5-8-4-3-7-12-8/h3-4,7H,2,5-6H2,1H3",OWIWZQQFSTZZIG-UHFFFAOYSA-N,False
1,CCCCOC(=O)C1=CC=CO1,"InChI=1S/C9H12O3/c1-2-3-6-12-9(10)8-5-4-7-11-8/h4-5,7H,2-3,6H2,1H3",PAMQYEWNNPDBLM-UHFFFAOYSA-N,False
1,CCCC(=O)OCC1=CC=CO1,"InChI=1S/C9H12O3/c1-2-4-9(10)12-7-8-5-3-6-11-8/h3,5-6H,2,4,7H2,1H3",IXISGRHWGVGCAK-UHFFFAOYSA-N,False
1,CCC(=O)OC1=C(C)CCC1=O,"InChI=1S/C9H12O3/c1-3-8(11)12-9-6(2)4-5-7(9)10/h3-5H2,1-2H3",NKRMCRMCMGRKHS-UHFFFAOYSA-N,False
1,COC1=CC(C)=CC(OC)=C1O,"InChI=1S/C9H12O3/c1-6-4-7(11-2)9(10)8(5-6)12-3/h4-5,10H,1-3H3",ZFBNNSOJNZBLLS-UHFFFAOYSA-N,False
1,CC(C)C(=O)OCC1=CC=CO1,"InChI=1S/C9H12O3/c1-7(2)9(10)12-6-8-4-3-5-11-8/h3-5,7H,6H2,1-2H3",SZWUNATWHPNXKD-UHFFFAOYSA-N,False
1,CC1(C)CC(=O)C2OC2(C)C1=O,"InChI=1S/C9H12O3/c1-8(2)4-5(10)6-9(3,12-6)7(8)11/h6H,4H2,1-3H3",VOFRQXZPJRQJIW-UHFFFAOYSA-N,False
1,COC(=O)CCSCC1=CC=CO1,"InChI=1S/C9H12O3S/c1-11-9(10)4-6-13-7-8-3-2-5-12-8/h2-3,5H,4,6-7H2,1H3",MXXNUXUTQGTBGJ-UHFFFAOYSA-N,False
1,CCOC(=O)OC1=C(C)OC(C)=C1O,"InChI=1S/C9H12O5/c1-4-12-9(11)14-8-6(3)13-5(2)7(8)10/h10H,4H2,1-3H3",ABAWVWYWRJVAAC-UHFFFAOYSA-N,False
0,CCC(C)N1C(=O)NC(C)=C(Br)C1=O,"InChI=1S/C9H13BrN2O2/c1-4-5(2)12-8(13)7(10)6(3)11-9(12)14/h5H,4H2,1-3H3,(H,11,14)",CTSLUCNDVMMDHG-UHFFFAOYSA-N,False
0,CC1=C(Cl)C(=O)N(C(C)(C)C)C(=O)N1,"InChI=1S/C9H13ClN2O2/c1-5-6(10)7(13)12(8(14)11-5)9(2,3)4/h1-4H3,(H,11,14)",NBQCNZYJJMBDKY-UHFFFAOYSA-N,False
1,CC1=CC(C)CC(C#N)C1,"InChI=1S/C9H13N/c1-7-3-8(2)5-9(4-7)6-10/h3,7,9H,4-5H2,1-2H3",PHYAMLKALRTMOP-UHFFFAOYSA-N,False
1,CC(C)CC1=CN=CC=C1,"InChI=1S/C9H13N/c1-8(2)6-9-4-3-5-10-7-9/h3-5,7-8H,6H2,1-2H3",DEGXTCKEZCCZOP-UHFFFAOYSA-N,False
1,CC(C)CC1=CC=CC=N1,"InChI=1S/C9H13N/c1-8(2)7-9-5-3-4-6-10-9/h3-6,8H,7H2,1-2H3",BBVSPSDWPYWMOR-UHFFFAOYSA-N,False
0,C#CC1(OC(N)=O)CCCCC1,"InChI=1S/C9H13NO2/c1-2-9(12-8(10)11)6-4-3-5-7-9/h1H,3-7H2,(H2,10,11)",GXRZIMHKGDIBEW-UHFFFAOYSA-N,False
1,CCC(=O)OCCC1=C(C)N=CS1,"InChI=1S/C9H13NO2S/c1-3-9(11)12-5-4-8-7(2)10-6-13-8/h6H,3-5H2,1-2H3",KXYXTLJGFPUWOE-UHFFFAOYSA-N,False
0,CC(C)NC1=NC(Cl)=NC(NC2CC2)=N1,"InChI=1S/C9H14ClN5/c1-5(2)11-8-13-7(10)14-9(15-8)12-6-3-4-6/h5-6H,3-4H2,1-2H3,(H2,11,12,13,14,15)",OOHIAOSLOGDBCE-UHFFFAOYSA-N,False
1,CCCCC1=NC=CN=C1C,"InChI=1S/C9H14N2/c1-3-4-5-9-8(2)10-6-7-11-9/h6-7H,3-5H2,1-2H3",IRSIKJPEFMMRHD-UHFFFAOYSA-N,False
1,CCCC1=NC(C)=CN=C1C,"InChI=1S/C9H14N2/c1-4-5-9-8(3)10-6-7(2)11-9/h6H,4-5H2,1-3H3",ARRSOXMGLBJPNV-UHFFFAOYSA-N,False
1,CCCC1=NC=C(C)N=C1C,"InChI=1S/C9H14N2/c1-4-5-9-8(3)11-7(2)6-10-9/h6H,4-5H2,1-3H3",UTRAUCDSVCDVIW-UHFFFAOYSA-N,False
1,CCC1=CN=C(C)C(CC)=N1,"InChI=1S/C9H14N2/c1-4-8-6-10-7(3)9(5-2)11-8/h6H,4-5H2,1-3H3",MRWLZECVHMHMGI-UHFFFAOYSA-N,False
1,CCC1=CN=C(CC)C(C)=N1,"InChI=1S/C9H14N2/c1-4-8-6-10-9(5-2)7(3)11-8/h6H,4-5H2,1-3H3",RJIREWQSLPRZFG-UHFFFAOYSA-N,False
1,CCC1=NC=C(C)N=C1CC,"InChI=1S/C9H14N2/c1-4-8-9(5-2)11-7(3)6-10-8/h6H,4-5H2,1-3H3",PSINWXIDJYEXLO-UHFFFAOYSA-N,False
1,CC1=NC=CN=C1CC(C)C,"InChI=1S/C9H14N2/c1-7(2)6-9-8(3)10-4-5-11-9/h4-5,7H,6H2,1-3H3",ZHMIODDNZRIENW-UHFFFAOYSA-N,False
1,CCOC1=NC=CN=C1C(C)C,"InChI=1S/C9H14N2O/c1-4-12-9-8(7(2)3)10-5-6-11-9/h5-7H,4H2,1-3H3",LTAUBPVQMBOANV-UHFFFAOYSA-N,False
1,CCC(C)C1=NC=CN=C1OC,"InChI=1S/C9H14N2O/c1-4-7(2)8-9(12-3)11-6-5-10-8/h5-7H,4H2,1-3H3",QMQDJVIJVPEQHE-UHFFFAOYSA-N,False
1,COC1=NC=CN=C1CC(C)C,"InChI=1S/C9H14N2O/c1-7(2)6-8-9(12-3)11-5-4-10-8/h4-5,7H,6H2,1-3H3",UXFSPRAGHGMRSQ-UHFFFAOYSA-N,False
1,CCC=CCCC=CC=O,"InChI=1S/C9H14O/c1-2-3-4-5-6-7-8-9-10/h3-4,7-9H,2,5-6H2,1H3",HZYHMHHBBBSGHB-UHFFFAOYSA-N,False
1,CCCC=CC=CCC=O,"InChI=1S/C9H14O/c1-2-3-4-5-6-7-8-9-10/h4-7,9H,2-3,8H2,1H3",WGRUHPKMWSWYFL-UHFFFAOYSA-N,False
1,CCCCCC1=CC=CO1,"InChI=1S/C9H14O/c1-2-3-4-6-9-7-5-8-10-9/h5,7-8H,2-4,6H2,1H3",YVBAUDVGOFCUSG-UHFFFAOYSA-N,False
1,CC(C)C1=CCC(=O)CC1,"InChI=1S/C9H14O/c1-7(2)8-3-5-9(10)6-4-8/h3,7H,4-6H2,1-2H3",MDXYRLOGARYUFV-UHFFFAOYSA-N,False
1,CC1=CCC(C)C(C=O)C1,"InChI=1S/C9H14O/c1-7-3-4-8(2)9(5-7)6-10/h3,6,8-9H,4-5H2,1-2H3",YLGCZMOAYIGIPX-UHFFFAOYSA-N,False
1,CC1=CC(C)C(C=O)CC1,"InChI=1S/C9H14O/c1-7-3-4-9(6-10)8(2)5-7/h5-6,8-9H,3-4H2,1-2H3",MZZRKEIUNOYYDF-UHFFFAOYSA-N,False
1,CC1=CC(C)CC(C=O)C1,"InChI=1S/C9H14O/c1-7-3-8(2)5-9(4-7)6-10/h3,6-7,9H,4-5H2,1-2H3",ZHDQGHCZWWDMRS-UHFFFAOYSA-N,False
1,CC1=CC(=O)CC(C)(C)C1,"InChI=1S/C9H14O/c1-7-4-8(10)6-9(2,3)5-7/h4H,5-6H2,1-3H3",HJOVHMDZYOCNQW-UHFFFAOYSA-N,False
1,CC1C=CCCC1(C)C=O,"InChI=1S/C9H14O/c1-8-5-3-4-6-9(8,2)7-10/h3,5,7-8H,4,6H2,1-2H3",CYGGTUUCLIFNIU-UHFFFAOYSA-N,False
1,CC1(C)C(=O)C2CCC1C2,"InChI=1S/C9H14O/c1-9(2)7-4-3-6(5-7)8(9)10/h6-7H,3-5H2,1-2H3",ZYPYEBYNXWUCEA-UHFFFAOYSA-N,False
1,CCOC(=O)CC1C=CCC1,"InChI=1S/C9H14O2/c1-2-11-9(10)7-8-5-3-4-6-8/h3,5,8H,2,4,6-7H2,1H3",UEPHOITVJAVVRX-UHFFFAOYSA-N,False
1,CCOC(=O)C1CC=CCC1,"InChI=1S/C9H14O2/c1-2-11-9(10)8-6-4-3-5-7-8/h3-4,8H,2,5-7H2,1H3",BYNLHLLOIZDKIC-UHFFFAOYSA-N,False
1,CCCCCC1=CC=C(O)O1,"InChI=1S/C9H14O2/c1-2-3-4-5-8-6-7-9(10)11-8/h6-7,10H,2-5H2,1H3",WUOZZWGLZFRSIG-UHFFFAOYSA-N,False
1,CCCCCC1C=CC(=O)O1,"InChI=1S/C9H14O2/c1-2-3-4-5-8-6-7-9(10)11-8/h6-8H,2-5H2,1H3",MXZSZHJBUODOJK-UHFFFAOYSA-N,False
1,CCCCC1OC1C=CC=O,"InChI=1S/C9H14O2/c1-2-3-5-8-9(11-8)6-4-7-10/h4,6-9H,2-3,5H2,1H3",JQNFKXWEJORMGJ-UHFFFAOYSA-N,False
1,CCCCCC#CC(=O)OC,"InChI=1S/C9H14O2/c1-3-4-5-6-7-8-9(10)11-2/h3-6H2,1-2H3",FRLZQXRXIKQFNS-UHFFFAOYSA-N,False
1,CC=CC=CCOC(=O)CC,"InChI=1S/C9H14O2/c1-3-5-6-7-8-11-9(10)4-2/h3,5-7H,4,8H2,1-2H3",ZVBREIRNEOXCKQ-UHFFFAOYSA-N,False
1,CC1CC(C)(C)CC(=O)C1=O,"InChI=1S/C9H14O2/c1-6-4-9(2,3)5-7(10)8(6)11/h6H,4-5H2,1-3H3",WEUZZYGESXCTCU-UHFFFAOYSA-N,False
1,COC(=O)C1(C)CC=CCC1,"InChI=1S/C9H14O2/c1-9(8(10)11-2)6-4-3-5-7-9/h3-4H,5-7H2,1-2H3",GLCJULYDLTXOEN-UHFFFAOYSA-N,False
1,O=C1CCC2CCCCC2O1,"InChI=1S/C9H14O2/c10-9-6-5-7-3-1-2-4-8(7)11-9/h7-8H,1-6H2",MSFLYJIWLHSQLG-UHFFFAOYSA-N,False
1,CCOC(OCC)C1=CC=CO1,"InChI=1S/C9H14O3/c1-3-10-9(11-4-2)8-6-5-7-12-8/h5-7,9H,3-4H2,1-2H3",SEILDMUKBMYIEZ-UHFFFAOYSA-N,False
1,CC(=O)OCC(COC(C)=O)OC(C)=O,"InChI=1S/C9H14O6/c1-6(10)13-4-9(15-8(3)12)5-14-7(2)11/h9H,4-5H2,1-3H3",URAYPUMNDPQOKB-UHFFFAOYSA-N,False
1,COC(=O)CC(O)(CC(=O)OC)C(=O)OC,"InChI=1S/C9H14O7/c1-14-6(10)4-9(13,8(12)16-3)5-7(11)15-2/h13H,4-5H2,1-3H3",HDDLVZWGOPWKFW-UHFFFAOYSA-N,False
1,CCCCCC1=CC=CS1,"InChI=1S/C9H14S/c1-2-3-4-6-9-7-5-8-10-9/h5,7-8H,2-4,6H2,1H3",NOYVOSGVFSEKPR-UHFFFAOYSA-N,False
0,N=C1C=C(N2CCCCC2)N=C(N)N1O,"InChI=1S/C9H15N5O/c10-7-6-8(12-9(11)14(7)15)13-4-2-1-3-5-13/h6,10,15H,1-5H2,(H2,11,12)",IHGXBAMAHRLAOP-UHFFFAOYSA-N,False
1,CC1=C(C)OC(CC(C)C)=N1,"InChI=1S/C9H15NO/c1-6(2)5-9-10-7(3)8(4)11-9/h6H,5H2,1-4H3",SNRVAFQIIFPYDR-UHFFFAOYSA-N,False
1,CC1=C(C)SC(CC(C)C)=N1,"InChI=1S/C9H15NS/c1-6(2)5-9-10-7(3)8(4)11-9/h6H,5H2,1-4H3",NSVPHVLZAKJSGV-UHFFFAOYSA-N,False
1,CCC#CCCCCC,"InChI=1S/C9H16/c1-3-5-7-9-8-6-4-2/h3-5,7,9H2,1-2H3",SRRDSRCWRHKEKU-UHFFFAOYSA-N,False
0,CNC(=O)N(C)C1=NN=C(C(C)(C)C)S1,"InChI=1S/C9H16N4OS/c1-9(2,3)6-11-12-8(15-6)13(5)7(14)10-4/h1-5H3,(H,10,14)",HBPDKDSFLXWOAE-UHFFFAOYSA-N,False
1,CCC=CCC=CCCO,"InChI=1S/C9H16O/c1-2-3-4-5-6-7-8-9-10/h3-4,6-7,10H,2,5,8-9H2,1H3",PICGPEBVZGCYBV-UHFFFAOYSA-N,False
1,CCC=CCCC=CCO,"InChI=1S/C9H16O/c1-2-3-4-5-6-7-8-9-10/h3-4,7-8,10H,2,5-6,9H2,1H3",AMXYRHBJZOVHOL-UHFFFAOYSA-N,False
1,CCCCC=CC=CCO,"InChI=1S/C9H16O/c1-2-3-4-5-6-7-8-9-10/h5-8,10H,2-4,9H2,1H3",NCPWFIVLKCFWSP-UHFFFAOYSA-N,False
1,CCCCCCC=CC=O,"InChI=1S/C9H16O/c1-2-3-4-5-6-7-8-9-10/h7-9H,2-6H2,1H3",BSAIUMLZVGUGKX-UHFFFAOYSA-N,False
1,CCCCC=CCC(C)=O,"InChI=1S/C9H16O/c1-3-4-5-6-7-8-9(2)10/h6-7H,3-5,8H2,1-2H3",FOBAEHIPCFVYAR-UHFFFAOYSA-N,False
1,C=CCCCC=CCOC,"InChI=1S/C9H16O/c1-3-4-5-6-7-8-9-10-2/h3,7-8H,1,4-6,9H2,2H3",MIJJHRIQVWIQGL-UHFFFAOYSA-N,False
1,CCCCCC=C(C)C=O,"InChI=1S/C9H16O/c1-3-4-5-6-7-9(2)8-10/h7-8H,3-6H2,1-2H3",IHZRGRBFNMNNFV-UHFFFAOYSA-N,False
1,C=CC(=O)CCCCCC,"InChI=1S/C9H16O/c1-3-5-6-7-8-9(10)4-2/h4H,2-3,5-8H2,1H3",HILCQVNWWOARMT-UHFFFAOYSA-N,False
1,CCCCC=C(C=O)CC,"InChI=1S/C9H16O/c1-3-5-6-7-9(4-2)8-10/h7-8H,3-6H2,1-2H3",RKQKOUYEJBHOFR-UHFFFAOYSA-N,False
1,C=C(CCCCC)C(C)=O,"InChI=1S/C9H16O/c1-4-5-6-7-8(2)9(3)10/h2,4-7H2,1,3H3",VBZQKPYXKJXTHZ-UHFFFAOYSA-N,False
1,C=CCC(CC)C(=O)CC,"InChI=1S/C9H16O/c1-4-7-8(5-2)9(10)6-3/h4,8H,1,5-7H2,2-3H3",SUOMOGSVQCEXBO-UHFFFAOYSA-N,False
1,CC1=CC(C)CC(CO)C1,"InChI=1S/C9H16O/c1-7-3-8(2)5-9(4-7)6-10/h3,7,9-10H,4-6H2,1-2H3",GSDQPHZCCNYHEF-UHFFFAOYSA-N,False
1,CC1CCCC(C)(C)C1=O,"InChI=1S/C9H16O/c1-7-5-4-6-9(2,3)8(7)10/h7H,4-6H2,1-3H3",ZPVOLGVTNLDBFI-UHFFFAOYSA-N,False
1,CC(C)=CCCC(C)C=O,"InChI=1S/C9H16O/c1-8(2)5-4-6-9(3)7-10/h5,7,9H,4,6H2,1-3H3",YGFGZTXGYTUXBA-UHFFFAOYSA-N,False
1,CC(C=O)C1CCCCC1,"InChI=1S/C9H16O/c1-8(7-10)9-5-3-2-4-6-9/h7-9H,2-6H2,1H3",UQURIQWAEZGLAC-UHFFFAOYSA-N,False
1,COC(=O)CC1CCCCC1,"InChI=1S/C9H16O2/c1-11-9(10)7-8-5-3-2-4-6-8/h8H,2-7H2,1H3",IMXBRVLCKXGWSS-UHFFFAOYSA-N,False
1,CCOC(=O)C1CCCCC1,"InChI=1S/C9H16O2/c1-2-11-9(10)8-6-4-3-5-7-8/h8H,2-7H2,1H3",JJOYCHKVKWDMEA-UHFFFAOYSA-N,False
1,CCCCCCC=CC(=O)O,"InChI=1S/C9H16O2/c1-2-3-4-5-6-7-8-9(10)11/h7-8H,2-6H2,1H3,(H,10,11)",ADLXTJMPCFOTOO-UHFFFAOYSA-N,False
1,CCCCCC1CCC(=O)O1,"InChI=1S/C9H16O2/c1-2-3-4-5-8-6-7-9(10)11-8/h8H,2-7H2,1H3",OALYTRUKMRCXNH-UHFFFAOYSA-N,False
1,CCCCC1CCCC(=O)O1,"InChI=1S/C9H16O2/c1-2-3-5-8-6-4-7-9(10)11-8/h8H,2-7H2,1H3",PXRBWNLUQYZAAX-UHFFFAOYSA-N,False
1,CCC(=O)OC1CCCCC1,"InChI=1S/C9H16O2/c1-2-9(10)11-8-6-4-3-5-7-8/h8H,2-7H2,1H3",MAMMVUWCKMOLSG-UHFFFAOYSA-N,False
1,CCCCCC=CC(=O)OC,"InChI=1S/C9H16O2/c1-3-4-5-6-7-8-9(10)11-2/h7-8H,3-6H2,1-2H3",CJBQSBZJDJHMLF-UHFFFAOYSA-N,False
1,CCCCC1OC(=O)CC1C,"InChI=1S/C9H16O2/c1-3-4-5-8-7(2)6-9(10)11-8/h7-8H,3-6H2,1-2H3",WNVCMFHPRIBNCW-UHFFFAOYSA-N,False
1,C=CCOC(=O)CCCCC,"InChI=1S/C9H16O2/c1-3-5-6-7-9(10)11-8-4-2/h4H,2-3,5-8H2,1H3",RCSBILYQLVXLJG-UHFFFAOYSA-N,False
1,CC=CCC(=O)OCCCC,"InChI=1S/C9H16O2/c1-3-5-7-9(10)11-8-6-4-2/h3,5H,4,6-8H2,1-2H3",OBCIYFQTMFZLEJ-UHFFFAOYSA-N,False
1,C=CCOC(=O)C(CC)CC,"InChI=1S/C9H16O2/c1-4-7-11-9(10)8(5-2)6-3/h4,8H,1,5-7H2,2-3H3",NBKXNUWCFMZFMM-UHFFFAOYSA-N,False
1,CC(=O)C1CCC(C)CC1O,"InChI=1S/C9H16O2/c1-6-3-4-8(7(2)10)9(11)5-6/h6,8-9,11H,3-5H2,1-2H3",VISJALGWOBQNEJ-UHFFFAOYSA-N,False
1,CC(C)=CCOC(=O)C(C)C,"InChI=1S/C9H16O2/c1-7(2)5-6-11-9(10)8(3)4/h5,8H,6H2,1-4H3",YSJHMPXIMIOXGU-UHFFFAOYSA-N,False
1,CC1(C)CCCC(C)(O)C1=O,"InChI=1S/C9H16O2/c1-8(2)5-4-6-9(3,11)7(8)10/h11H,4-6H2,1-3H3",FWCGLHYHGUHPRY-UHFFFAOYSA-N,False
1,CCCC(=O)OCC1CCCO1,"InChI=1S/C9H16O3/c1-2-4-9(10)12-7-8-5-3-6-11-8/h8H,2-7H2,1H3",DPZVDLFOAZNCBU-UHFFFAOYSA-N,False
1,CCCCOC(=O)CCC(C)=O,"InChI=1S/C9H16O3/c1-3-4-7-12-9(11)6-5-8(2)10/h3-7H2,1-2H3",ISBWNEKJSSLXOD-UHFFFAOYSA-N,False
1,CC(=O)CC(=O)OCCC(C)C,"InChI=1S/C9H16O3/c1-7(2)4-5-12-9(11)6-8(3)10/h7H,4-6H2,1-3H3",XHRGPLDMNNGHCX-UHFFFAOYSA-N,False
1,CCOC(=O)CC1(C)OCC(C)O1,"InChI=1S/C9H16O4/c1-4-11-8(10)5-9(3)12-6-7(2)13-9/h7H,4-6H2,1-3H3",GSIXJEIRJVOUFB-UHFFFAOYSA-N,False
1,CCCC(CC(=O)OC)OC(C)=O,"InChI=1S/C9H16O4/c1-4-5-8(13-7(2)10)6-9(11)12-3/h8H,4-6H2,1-3H3",ODICPWSNEYHYSJ-UHFFFAOYSA-N,False
1,CCCC(=O)OC(C)C(=O)OCC,"InChI=1S/C9H16O4/c1-4-6-8(10)13-7(3)9(11)12-5-2/h7H,4-6H2,1-3H3",RBNOGZRVVHLYKT-UHFFFAOYSA-N,False
1,CCC(=O)OCC(C)OC(=O)CC,"InChI=1S/C9H16O4/c1-4-8(10)12-6-7(3)13-9(11)5-2/h7H,4-6H2,1-3H3",KFNABOVSAPCOCY-UHFFFAOYSA-N,False
1,COC(=O)CCCC(C)OC(C)=O,"InChI=1S/C9H16O4/c1-7(13-8(2)10)5-4-6-9(11)12-3/h7H,4-6H2,1-3H3",XZGQJRXRXRYNRI-UHFFFAOYSA-N,False
1,CCOC(=O)CCC(O)C(=O)OCC,"InChI=1S/C9H16O5/c1-3-13-8(11)6-5-7(10)9(12)14-4-2/h7,10H,3-6H2,1-2H3",DYLHSDCNOUDICA-UHFFFAOYSA-N,False
1,CCC(C)SC(=O)C=C(C)C,"InChI=1S/C9H16OS/c1-5-8(4)11-9(10)6-7(2)3/h6,8H,5H2,1-4H3",GGGWOXLORXHXFZ-UHFFFAOYSA-N,False
1,CC(C)=CCSC(=O)C(C)C,"InChI=1S/C9H16OS/c1-7(2)5-6-11-9(10)8(3)4/h5,8H,6H2,1-4H3",GZNOAIURTRJISH-UHFFFAOYSA-N,False
1,CCCCCN1C(=O)OCC1C,"InChI=1S/C9H17NO2/c1-3-4-5-6-10-8(2)7-12-9(10)11/h8H,3-7H2,1-2H3",BKMQCRXFQNUSTR-UHFFFAOYSA-N,False
0,CC(C)(CO)C(O)C(=O)NCCC(=O)[O-],"InChI=1S/C9H17NO5/c1-9(2,5-11)7(14)8(15)10-4-3-6(12)13/h7,11,14H,3-5H2,1-2H3,(H,10,15)(H,12,13)/p-1",GHOKWGTUZJEAQD-UHFFFAOYSA-M,False
1,CCC(C)C1N=C(C)C(C)S1,"InChI=1S/C9H17NS/c1-5-6(2)9-10-7(3)8(4)11-9/h6,8-9H,5H2,1-4H3",FLBOQJFNAYJWIA-UHFFFAOYSA-N,False
1,CC1=NC(CC(C)C)SC1C,"InChI=1S/C9H17NS/c1-6(2)5-9-10-7(3)8(4)11-9/h6,8-9H,5H2,1-4H3",FDOISHJOXPONIV-UHFFFAOYSA-N,False
1,CCCCCCC=CCO,"InChI=1S/C9H18O/c1-2-3-4-5-6-7-8-9-10/h7-8,10H,2-6,9H2,1H3",NSSALFVIQPAIQK-UHFFFAOYSA-N,False
1,CCCCCCCCC=O,"InChI=1S/C9H18O/c1-2-3-4-5-6-7-8-9-10/h9H,2-8H2,1H3",GYHFUZHODSMOHU-UHFFFAOYSA-N,False
1,CCCCCCCC(C)=O,"InChI=1S/C9H18O/c1-3-4-5-6-7-8-9(2)10/h3-8H2,1-2H3",VKCYHJWLYTUGCC-UHFFFAOYSA-N,False
1,CCCCCCC(C)C=O,"InChI=1S/C9H18O/c1-3-4-5-6-7-9(2)8-10/h8-9H,3-7H2,1-2H3",ZKPFRIDJMMOODR-UHFFFAOYSA-N,False
1,CCCCCCC(=O)CC,"InChI=1S/C9H18O/c1-3-5-6-7-8-9(10)4-2/h3-8H2,1-2H3",IYTXKIXETAELAV-UHFFFAOYSA-N,False
1,C=CC(O)CCCCCC,"InChI=1S/C9H18O/c1-3-5-6-7-8-9(10)4-2/h4,9-10H,2-3,5-8H2,1H3",DWUPJMHAPOQKGJ-UHFFFAOYSA-N,False
1,CCC(C)CCCCC=O,"InChI=1S/C9H18O/c1-3-9(2)7-5-4-6-8-10/h8-9H,3-7H2,1-2H3",ANZKSSJWPUCGOP-UHFFFAOYSA-N,False
1,CC(C)CC(=O)CC(C)C,"InChI=1S/C9H18O/c1-7(2)5-9(10)6-8(3)4/h7-8H,5-6H2,1-4H3",PTTPXKJBFFKCEK-UHFFFAOYSA-N,False
1,CC(C)C1CCC(O)CC1,"InChI=1S/C9H18O/c1-7(2)8-3-5-9(10)6-4-8/h7-10H,3-6H2,1-2H3",DKKRDMLKVSKFMJ-UHFFFAOYSA-N,False
1,CC1CCC(CO)C(C)C1,"InChI=1S/C9H18O/c1-7-3-4-9(6-10)8(2)5-7/h7-10H,3-6H2,1-2H3",DGEPZINOUXMMAS-UHFFFAOYSA-N,False
1,CC1CC(O)CC(C)(C)C1,"InChI=1S/C9H18O/c1-7-4-8(10)6-9(2,3)5-7/h7-8,10H,4-6H2,1-3H3",BRRVXFOKWJKTGG-UHFFFAOYSA-N,False
1,C=C(C)CCCC(C)CO,"InChI=1S/C9H18O/c1-8(2)5-4-6-9(3)7-10/h9-10H,1,4-7H2,2-3H3",GUIBQTSZYLPXBH-UHFFFAOYSA-N,False
1,CC(CC=O)CC(C)(C)C,"InChI=1S/C9H18O/c1-8(5-6-10)7-9(2,3)4/h6,8H,5,7H2,1-4H3",WTPYRCJDOZVZON-UHFFFAOYSA-N,False
1,CC(CO)C1CCCCC1,"InChI=1S/C9H18O/c1-8(7-10)9-5-3-2-4-6-9/h8-10H,2-7H2,1H3",IRIVQXLOJHCXIE-UHFFFAOYSA-N,False
1,CCCCCCCCOC=O,"InChI=1S/C9H18O2/c1-2-3-4-5-6-7-8-11-9-10/h9H,2-8H2,1H3",AVBRYQRTMPHARE-UHFFFAOYSA-N,False
1,CCCCCCCCC(=O)O,"InChI=1S/C9H18O2/c1-2-3-4-5-6-7-8-9(10)11/h2-8H2,1H3,(H,10,11)",FBUKVWPVBMHYJY-UHFFFAOYSA-N,False
1,CCCCCCC1OCCO1,"InChI=1S/C9H18O2/c1-2-3-4-5-6-9-10-7-8-11-9/h9H,2-8H2,1H3",DDSSJDFXTAYRNO-UHFFFAOYSA-N,False
1,CCCCCC1CCC(O)O1,"InChI=1S/C9H18O2/c1-2-3-4-5-8-6-7-9(10)11-8/h8-10H,2-7H2,1H3",FAPYUVKMJWJMEH-UHFFFAOYSA-N,False
1,CCCCCCCOC(C)=O,"InChI=1S/C9H18O2/c1-3-4-5-6-7-8-11-9(2)10/h3-8H2,1-2H3",ZCZSIDMEHXZRLG-UHFFFAOYSA-N,False
1,CCCCCCCC(=O)OC,"InChI=1S/C9H18O2/c1-3-4-5-6-7-8-9(10)11-2/h3-8H2,1-2H3",JGHZJRVDZXSNKQ-UHFFFAOYSA-N,False
1,CCCCCC(CO)C(C)=O,"InChI=1S/C9H18O2/c1-3-4-5-6-9(7-10)8(2)11/h9-10H,3-7H2,1-2H3",XLFYWCDNLLZTIW-UHFFFAOYSA-N,False
1,CCCCCC1OCC(C)O1,"InChI=1S/C9H18O2/c1-3-4-5-6-9-10-7-8(2)11-9/h8-9H,3-7H2,1-2H3",GWMSIWCZZKMUQM-UHFFFAOYSA-N,False
1,CCCCC(C)CCC(=O)O,"InChI=1S/C9H18O2/c1-3-4-5-8(2)6-7-9(10)11/h8H,3-7H2,1-2H3,(H,10,11)",LEGGANXCVQPIAI-UHFFFAOYSA-N,False
1,CCCCCCOC(=O)CC,"InChI=1S/C9H18O2/c1-3-5-6-7-8-11-9(10)4-2/h3-8H2,1-2H3",GOKKOFHHJFGZHW-UHFFFAOYSA-N,False
1,CCCCCCC(=O)OCC,"InChI=1S/C9H18O2/c1-3-5-6-7-8-9(10)11-4-2/h3-8H2,1-2H3",TVQGDYNRXLTQAP-UHFFFAOYSA-N,False
1,CCCCCC(=O)OCCC,"InChI=1S/C9H18O2/c1-3-5-6-7-9(10)11-8-4-2/h3-8H2,1-2H3",HTUIWRWYYVBCFT-UHFFFAOYSA-N,False
1,CCCCCC(CC)OC=O,"InChI=1S/C9H18O2/c1-3-5-6-7-9(4-2)11-8-10/h8-9H,3-7H2,1-2H3",PPJCPDSDDKESKL-UHFFFAOYSA-N,False
1,CCCCCOC(=O)CCC,"InChI=1S/C9H18O2/c1-3-5-6-8-11-9(10)7-4-2/h3-8H2,1-2H3",CFNJLPHOBMVMNS-UHFFFAOYSA-N,False
1,CCCCOC(=O)CCCC,"InChI=1S/C9H18O2/c1-3-5-7-9(10)11-8-6-4-2/h3-8H2,1-2H3",OKJADYKTJJGKDX-UHFFFAOYSA-N,False
1,CCCC(CC)CCC(=O)O,"InChI=1S/C9H18O2/c1-3-5-8(4-2)6-7-9(10)11/h8H,3-7H2,1-2H3,(H,10,11)",RCVXVULZIOSNEI-UHFFFAOYSA-N,False
1,CCCCOC(=O)CC(C)C,"InChI=1S/C9H18O2/c1-4-5-6-11-9(10)7-8(2)3/h8H,4-7H2,1-3H3",AYWJSCLAAPJZEF-UHFFFAOYSA-N,False
1,CCCCCOC(=O)C(C)C,"InChI=1S/C9H18O2/c1-4-5-6-7-11-9(10)8(2)3/h8H,4-7H2,1-3H3",UYGGIIOLYXRSQY-UHFFFAOYSA-N,False
1,CCCCCC(C)OC(C)=O,"InChI=1S/C9H18O2/c1-4-5-6-7-8(2)11-9(3)10/h8H,4-7H2,1-3H3",VJYWBLDDQZIGJI-UHFFFAOYSA-N,False
1,CCCCCC(=O)OC(C)C,"InChI=1S/C9H18O2/c1-4-5-6-7-9(10)11-8(2)3/h8H,4-7H2,1-3H3",JSHDAORXSNJOBA-UHFFFAOYSA-N,False
1,CCCCC(=O)OCC(C)C,"InChI=1S/C9H18O2/c1-4-5-6-9(10)11-7-8(2)3/h8H,4-7H2,1-3H3",ADNADZOSMJDVIS-UHFFFAOYSA-N,False
1,CCCC(=O)OCCC(C)C,"InChI=1S/C9H18O2/c1-4-5-9(10)11-7-6-8(2)3/h8H,4-7H2,1-3H3",PQLMXFQTAMDXIZ-UHFFFAOYSA-N,False
1,CCCCOC(=O)C(C)CC,"InChI=1S/C9H18O2/c1-4-6-7-11-9(10)8(3)5-2/h8H,4-7H2,1-3H3",OTKQNSSMCDLVQV-UHFFFAOYSA-N,False
1,CCCCC(CC)OC(C)=O,"InChI=1S/C9H18O2/c1-4-6-7-9(5-2)11-8(3)10/h9H,4-7H2,1-3H3",QICIMADZMWGDTQ-UHFFFAOYSA-N,False
1,CCCC(=O)OC(C)CCC,"InChI=1S/C9H18O2/c1-4-6-8(3)11-9(10)7-5-2/h8H,4-7H2,1-3H3",DJOCFLQKCMWABC-UHFFFAOYSA-N,False
1,CCCC(=O)OCC(C)CC,"InChI=1S/C9H18O2/c1-4-6-9(10)11-7-8(3)5-2/h8H,4-7H2,1-3H3",MBZKQDXXFMITAC-UHFFFAOYSA-N,False
1,CCC(C)COC(=O)C(C)C,"InChI=1S/C9H18O2/c1-5-8(4)6-11-9(10)7(2)3/h7-8H,5-6H2,1-4H3",DUAXUBMIVRZGCO-UHFFFAOYSA-N,False
1,CCC(C)C(=O)OCC(C)C,"InChI=1S/C9H18O2/c1-5-8(4)9(10)11-6-7(2)3/h7-8H,5-6H2,1-4H3",NWZQCEQAPBRMFX-UHFFFAOYSA-N,False
1,CC(C)CCOC(=O)C(C)C,"InChI=1S/C9H18O2/c1-7(2)5-6-11-9(10)8(3)4/h7-8H,5-6H2,1-4H3",VFTGLSWXJMRZNB-UHFFFAOYSA-N,False
1,CC(C)COC(=O)CC(C)C,"InChI=1S/C9H18O2/c1-7(2)5-9(10)11-6-8(3)4/h7-8H,5-6H2,1-4H3",KEBDNKNVCHQIJU-UHFFFAOYSA-N,False
1,CC(C)C1OCOCC1(C)C,"InChI=1S/C9H18O2/c1-7(2)8-9(3,4)5-10-6-11-8/h7-8H,5-6H2,1-4H3",KBYHWUXTLMRZHL-UHFFFAOYSA-N,False
1,CC(=O)OCCCCC(C)C,"InChI=1S/C9H18O2/c1-8(2)6-4-5-7-11-9(3)10/h8H,4-7H2,1-3H3",OOYBITFWBADNKC-UHFFFAOYSA-N,False
1,CCCCCOC(=O)CCSC,"InChI=1S/C9H18O2S/c1-3-4-5-7-11-9(10)6-8-12-2/h3-8H2,1-2H3",VSCXQPTWKZWPQB-UHFFFAOYSA-N,False
1,CCCCC(S)CCOC(C)=O,"InChI=1S/C9H18O2S/c1-3-4-5-9(12)6-7-11-8(2)10/h9,12H,3-7H2,1-2H3",JWESHEXXXWDVAQ-UHFFFAOYSA-N,False
1,CCCC(CCOC(C)=O)SC,"InChI=1S/C9H18O2S/c1-4-5-9(12-3)6-7-11-8(2)10/h9H,4-7H2,1-3H3",VIQXICKUKPVFRK-UHFFFAOYSA-N,False
1,CSC(C)CC(=O)OCC(C)C,"InChI=1S/C9H18O2S/c1-7(2)6-11-9(10)5-8(3)12-4/h7-8H,5-6H2,1-4H3",RRGSLXQIRFOAEM-UHFFFAOYSA-N,False
1,CCCCCCOC(=O)C(C)O,"InChI=1S/C9H18O3/c1-3-4-5-6-7-12-9(11)8(2)10/h8,10H,3-7H2,1-2H3",KDPXOGYCOOUWOS-UHFFFAOYSA-N,False
1,CCCCCC(=O)OCC(C)O,"InChI=1S/C9H18O3/c1-3-4-5-6-9(11)12-7-8(2)10/h8,10H,3-7H2,1-2H3",MBOLLKIPKUVPFQ-UHFFFAOYSA-N,False
1,CCCCC(=O)C(S)CCC,"InChI=1S/C9H18OS/c1-3-5-7-8(10)9(11)6-4-2/h9,11H,3-7H2,1-2H3",YSPDTYGUKRLWHO-UHFFFAOYSA-N,False
1,CCC(C)SC(=O)CC(C)C,"InChI=1S/C9H18OS/c1-5-8(4)11-9(10)6-7(2)3/h7-8H,5-6H2,1-4H3",MQAVHZCNCJTJJP-UHFFFAOYSA-N,False
1,CC1(C)SC(C)(C)SC(C)(C)S1,"InChI=1S/C9H18S3/c1-7(2)10-8(3,4)12-9(5,6)11-7/h1-6H3",NBNWHQAWKFYFKI-UHFFFAOYSA-N,False
1,CCCCCCCC(C)=NO,"InChI=1S/C9H19NO/c1-3-4-5-6-7-8-9(2)10-11/h11H,3-8H2,1-2H3",HHONKRXRGXJUCW-UHFFFAOYSA-N,False
1,CCC1NC(CC)SC(CC)S1,"InChI=1S/C9H19NS2/c1-4-7-10-8(5-2)12-9(6-3)11-7/h7-10H,4-6H2,1-3H3",AANIECMHWBXFCP-UHFFFAOYSA-N,False
1,CC(C)CC1SC(C)NC(C)S1,"InChI=1S/C9H19NS2/c1-6(2)5-9-11-7(3)10-8(4)12-9/h6-10H,5H2,1-4H3",FVPPILNIVWRBNY-UHFFFAOYSA-N,False
1,CCCCCCCCC,"InChI=1S/C9H20/c1-3-5-7-9-8-6-4-2/h3-9H2,1-2H3",BKIMMITUMNQMOS-UHFFFAOYSA-N,False
1,CCCCCCCCCO,"InChI=1S/C9H20O/c1-2-3-4-5-6-7-8-9-10/h10H,2-9H2,1H3",ZWRUINPWMLAQRD-UHFFFAOYSA-N,False
1,CCCCCCCC(C)O,"InChI=1S/C9H20O/c1-3-4-5-6-7-8-9(2)10/h9-10H,3-8H2,1-2H3",NGDNVOAEIVQRFH-UHFFFAOYSA-N,False
1,CCCCCCC(O)CC,"InChI=1S/C9H20O/c1-3-5-6-7-8-9(10)4-2/h9-10H,3-8H2,1-2H3",GYSCXPVAKHVAAY-UHFFFAOYSA-N,False
1,CC(C)CC(O)CC(C)C,"InChI=1S/C9H20O/c1-7(2)5-9(10)6-8(3)4/h7-10H,5-6H2,1-4H3",HXQPUEQDBSPXTE-UHFFFAOYSA-N,False
1,CC(C)CCCC(C)(C)O,"InChI=1S/C9H20O/c1-8(2)6-5-7-9(3,4)10/h8,10H,5-7H2,1-4H3",HGDVHRITTGWMJK-UHFFFAOYSA-N,False
1,CC(CCO)CC(C)(C)C,"InChI=1S/C9H20O/c1-8(5-6-10)7-9(2,3)4/h8,10H,5-7H2,1-4H3",BODRLKRKPXBDBN-UHFFFAOYSA-N,False
1,CCCCCCOC(C)OC,"InChI=1S/C9H20O2/c1-4-5-6-7-8-11-9(2)10-3/h9H,4-8H2,1-3H3",COARODKCNGNOQZ-UHFFFAOYSA-N,False
1,CCCCCCC(OC)OC,"InChI=1S/C9H20O2/c1-4-5-6-7-8-9(10-2)11-3/h9H,4-8H2,1-3H3",BBMCNYFBAIUERL-UHFFFAOYSA-N,False
1,CCOC(CC(C)C)OCC,"InChI=1S/C9H20O2/c1-5-10-9(11-6-2)7-8(3)4/h8-9H,5-7H2,1-4H3",DDGBOLJFAMEBOE-UHFFFAOYSA-N,False
0,CC(O)COC(C)COC(C)CO,"InChI=1S/C9H20O4/c1-7(11)5-12-9(3)6-13-8(2)4-10/h7-11H,4-6H2,1-3H3",LCZVSXRMYJUNFX-UHFFFAOYSA-N,False
1,CCCCC(O)C(S)CCC,"InChI=1S/C9H20OS/c1-3-5-7-8(10)9(11)6-4-2/h8-11H,3-7H2,1-2H3",CVVWJTNTWIXDOW-UHFFFAOYSA-N,False
1,CCCCCCCCSC,"InChI=1S/C9H20S/c1-3-4-5-6-7-8-9-10-2/h3-9H2,1-2H3",AHCJTMBRROLNHV-UHFFFAOYSA-N,False
1,SCCCCCCCCCS,"InChI=1S/C9H20S2/c10-8-6-4-2-1-3-5-7-9-11/h10-11H,1-9H2",GJRCLMJHPWCJEI-UHFFFAOYSA-N,False
1,CCCN(CCC)CCC,"InChI=1S/C9H21N/c1-4-7-10(8-5-2)9-6-3/h4-9H2,1-3H3",YFTHZRPMJXBUME-UHFFFAOYSA-N,False
0,CCOP(=S)(OCC)SCSP(=S)(OCC)OCC,"InChI=1S/C9H22O4P2S4/c1-5-10-14(16,11-6-2)18-9-19-15(17,12-7-3)13-8-4/h5-9H2,1-4H3",RIZMRRKBZQXFOY-UHFFFAOYSA-N,False
0,S=C1SC2=NC3=CC=CC=C3N=C2S1,InChI=1S/C9H4N2S3/c12-9-13-7-8(14-9)11-6-4-2-1-3-5(6)10-7/h1-4H,ILERPRJWJPJZDN-UHFFFAOYSA-N,False
0,OC1=C(I)C=C(Cl)C2=C1N=CC=C2,"InChI=1S/C9H5ClINO/c10-6-4-7(11)9(13)8-5(6)2-1-3-12-8/h1-4,13H",QCDFBFJGMNKBDO-UHFFFAOYSA-N,False
0,OC1=C(I)C=C(I)C2=C1N=CC=C2,"InChI=1S/C9H5I2NO/c10-6-4-7(11)9(13)8-5(6)2-1-3-12-8/h1-4,13H",UXZFQZANDVDGMM-UHFFFAOYSA-N,False
0,N#CCNC(=O)C1=C(C(F)(F)F)C=CN=C1,"InChI=1S/C9H6F3N3O/c10-9(11,12)7-1-3-14-5-6(7)8(16)15-4-2-13/h1,3,5H,4H2,(H,15,16)",RLQJEEJISHYWON-UHFFFAOYSA-N,False
1,O=CC1=CC2=CC=CC=C2O1,InChI=1S/C9H6O2/c10-6-8-5-7-3-1-2-4-9(7)11-8/h1-6H,ADDZHRRCUWNSCS-UHFFFAOYSA-N,False
1,O=C1C=CC2=CC=CC=C2O1,InChI=1S/C9H6O2/c10-9-6-5-7-3-1-2-4-8(7)11-9/h1-6H,ZYGHJZDHTFUPRJ-UHFFFAOYSA-N,False
1,C1=CC=C2C=NC=CC2=C1,InChI=1S/C9H7N/c1-2-4-9-7-10-6-5-8(9)3-1/h1-7H,AWJUIBRHMBBTKR-UHFFFAOYSA-N,False
1,C1=CC=C2N=CC=CC2=C1,InChI=1S/C9H7N/c1-2-6-9-8(4-1)5-3-7-10-9/h1-7H,SMWDFEZZVXVKRB-UHFFFAOYSA-N,False
1,N#CC=CC1=CC=CC=C1,InChI=1S/C9H7N/c10-8-4-7-9-5-2-1-3-6-9/h1-7H,ZWKNLRXFUTWSOY-UHFFFAOYSA-N,False
0,CC(OC1=C(Cl)C=C(Cl)C=C1)C(=O)O,"InChI=1S/C9H8Cl2O3/c1-5(9(12)13)14-8-3-2-6(10)4-7(8)11/h2-5H,1H3,(H,12,13)",MZHCENGPTKEIGP-UHFFFAOYSA-N,False
0,OC1=C2CC=CCC2=C(O)N1SC(Cl)(Cl)Cl,"InChI=1S/C9H8Cl3NO2S/c10-9(11,12)16-13-7(14)5-3-1-2-4-6(5)8(13)15/h1-2,14-15H,3-4H2",YHILKALTPHRGSY-UHFFFAOYSA-N,False
1,CC1=C2N=CC=NC2=CC=C1,"InChI=1S/C9H8N2/c1-7-3-2-4-8-9(7)11-6-5-10-8/h2-6H,1H3",CQLOYHZZZCWHSG-UHFFFAOYSA-N,False
1,CC1=NC2=CC=CC=C2N=C1,"InChI=1S/C9H8N2/c1-7-6-10-8-4-2-3-5-9(8)11-7/h2-6H,1H3",ALHUXMDEZNLFTA-UHFFFAOYSA-N,False
0,O=C(NC1=CC=CC=C1)NC1=CN=NS1,"InChI=1S/C9H8N4OS/c14-9(12-8-6-10-13-15-8)11-7-4-2-1-3-5-7/h1-6H,(H2,11,12,14)",HFCYZXMHUIHAQI-UHFFFAOYSA-N,False
1,CC1=CC2=CC=CC=C2O1,"InChI=1S/C9H8O/c1-7-6-8-4-2-3-5-9(8)10-7/h2-6H,1H3",GBGPVUAOTCNZPT-UHFFFAOYSA-N,False
1,O=CC=CC1=CC=CC=C1,InChI=1S/C9H8O/c10-8-4-7-9-5-2-1-3-6-9/h1-8H,KJPRLNWUNMBNBZ-UHFFFAOYSA-N,False
1,CC(=O)C(=O)C1=CC=CC=C1,"InChI=1S/C9H8O2/c1-7(10)9(11)8-5-3-2-4-6-8/h2-6H,1H3",BVQVLAIMHVDZEL-UHFFFAOYSA-N,False
1,O=C(O)C=CC1=CC=CC=C1,"InChI=1S/C9H8O2/c10-9(11)7-6-8-4-2-1-3-5-8/h1-7H,(H,10,11)",WBYWAXJHAXSJNI-UHFFFAOYSA-N,False
1,O=C1CCC2=CC=CC=C2O1,"InChI=1S/C9H8O2/c10-9-6-5-7-3-1-2-4-8(7)11-9/h1-4H,5-6H2",VMUXSMXIQBNMGZ-UHFFFAOYSA-N,False
1,O=C(O)C(=O)CC1=CC=CC=C1,"InChI=1S/C9H8O3/c10-8(9(11)12)6-7-4-2-1-3-5-7/h1-5H,6H2,(H,11,12)",BTNMPGBKDVTSJY-UHFFFAOYSA-N,False
0,CC(=O)OC1=CC=CC=C1C(=O)O,"InChI=1S/C9H8O4/c1-6(10)13-8-5-3-2-4-7(8)9(11)12/h2-5H,1H3,(H,11,12)",BSYNRYMUTXBXSQ-UHFFFAOYSA-N,False
0,CCC(=O)NC1=CC(Cl)=C(Cl)C=C1,"InChI=1S/C9H9Cl2NO/c1-2-9(13)12-6-3-4-7(10)8(11)5-6/h3-5H,2H2,1H3,(H,12,13)",LFULEKSKNZEWOE-UHFFFAOYSA-N,False
1,CC1=CNC2=CC=CC=C12,"InChI=1S/C9H9N/c1-7-6-10-9-5-3-2-4-8(7)9/h2-6,10H,1H3",ZFRKQXVRDFCRJG-UHFFFAOYSA-N,False
1,CC1=CC2=CC=CC=C2N1,"InChI=1S/C9H9N/c1-7-6-8-4-2-3-5-9(8)10-7/h2-6,10H,1H3",BHNHHSOHWZKFOX-UHFFFAOYSA-N,False
0,COC(=O)NC1=NC2=CC=CC=C2N1,"InChI=1S/C9H9N3O2/c1-14-9(13)12-8-10-6-4-2-3-5-7(6)11-8/h2-5H,1H3,(H2,10,11,12,13)",TWFZGCMQGLPBSX-UHFFFAOYSA-N,False
1,C1=COC(CN2C=CC=C2)=C1,"InChI=1S/C9H9NO/c1-2-6-10(5-1)8-9-4-3-7-11-9/h1-7H,8H2",BTBFUBUCCJKJOZ-UHFFFAOYSA-N,False
1,COC(=O)C1=CC=CC=C1NC=O,"InChI=1S/C9H9NO3/c1-13-9(12)7-4-2-3-5-8(7)10-6-11/h2-6H,1H3,(H,10,11)",HRNPZFOYXWWMFL-UHFFFAOYSA-N,False
1,S=C=NCCC1=CC=CC=C1,"InChI=1S/C9H9NS/c11-8-10-7-6-9-4-2-1-3-5-9/h1-5H,6-7H2",IZJDOKYDEWTZSO-UHFFFAOYSA-N,False
0,FC(F)(Cl)Br,"InChI=1S/CBrClF2/c2-1(3,4)5",MEXUFEQDCXZEON-UHFFFAOYSA-N,False
0,FC(F)(F)Br,"InChI=1S/CBrF3/c2-1(3,4)5",RJCQBQGAPKAMLL-UHFFFAOYSA-N,False
0,FC(F)(Cl)Cl,"InChI=1S/CCl2F2/c2-1(3,4)5",PXBRQCKWGAHEHS-UHFFFAOYSA-N,False
0,FC(Cl)(Cl)Cl,"InChI=1S/CCl3F/c2-1(3,4)5",CYRMSUTZVYGINF-UHFFFAOYSA-N,False
0,FC(F)(F)Cl,"InChI=1S/CClF3/c2-1(3,4)5",AFYPFACVUDMOHA-UHFFFAOYSA-N,False
0,FC(F)(F)F,"InChI=1S/CF4/c2-1(3,4)5",TXEYQDLBPFQVAA-UHFFFAOYSA-N,False
0,O=C[O-],"InChI=1S/CH2O2/c2-1-3/h1H,(H,2,3)/p-1",BDAGIHXWWSANSR-UHFFFAOYSA-M,False
0,NC=O,"InChI=1S/CH3NO/c2-1-3/h1H,(H2,2,3)",ZHNUHDYFZUAESO-UHFFFAOYSA-N,False
0,NC(N)=S,"InChI=1S/CH4N2S/c2-1(3)4/h(H4,2,3,4)",UMGDCJDMYOKAJW-UHFFFAOYSA-N,False
0,C[As](=O)([O-])O,"InChI=1S/CH5AsO3/c1-2(3,4)5/h1H3,(H2,3,4,5)/p-1",QYPPRTNMGCREIM-UHFFFAOYSA-M,False
0,NNC(N)=S,"InChI=1S/CH5N3S/c2-1(5)4-3/h3H2,(H3,2,4,5)",BRWIZMBXBAOCCF-UHFFFAOYSA-N,False
0,FC(Cl)Cl,InChI=1S/CHCl2F/c2-1(3)4/h1H,UMNKXPULIDJLSU-UHFFFAOYSA-N,False
0,FC(F)F,InChI=1S/CHF3/c2-1(3)4/h1H,XPDWGBQVDMORPB-UHFFFAOYSA-N,False
0,N#C[S-],InChI=1S/CHNS/c2-1-3/h3H/p-1,ZMZDMBWJUHKJPS-UHFFFAOYSA-M,False
0,[C-]#N,InChI=1S/CN/c1-2/q-1,XFXPMWWXUTWYJX-UHFFFAOYSA-N,False
0,O=C=O,InChI=1S/CO2/c2-1-3,CURLTUGMZLYLDI-UHFFFAOYSA-N,False
